-6.013471999999999706e-01,1.572705000000000020e+00,1.096873999999999905e+00,3.882465146012210010e-03,2.370730703004144541e-02
-6.013992000000000226e-01,1.572468999999999895e+00,1.096994999999999942e+00,4.120727631135134850e-03,0.000000000000000000e+00
-6.013992000000000226e-01,1.572468999999999895e+00,1.096994999999999942e+00,4.120727631135134850e-03,2.087028186181127259e-02
-6.015312999999999910e-01,1.572273000000000032e+00,1.096966000000000108e+00,4.266657122385253929e-03,6.190278885227548655e-02
-6.018786000000000413e-01,1.571717999999999948e+00,1.097231000000000067e+00,4.928233445160785584e-03,0.000000000000000000e+00
-6.018786000000000413e-01,1.571717999999999948e+00,1.097231000000000067e+00,4.928233445160785584e-03,4.669661763236525320e-02
-6.022007000000000332e-01,1.571326999999999918e+00,1.097177000000000069e+00,5.288170303611787644e-03,2.960807486125279983e-02
-6.023709999999999898e-01,1.571037000000000017e+00,1.097145000000000037e+00,5.541738850757990144e-03,6.107337378658510285e-02
-6.021581000000000294e-01,1.571620999999999935e+00,1.097385000000000055e+00,5.213784214944203015e-03,5.981856342830474405e-02
-6.017768000000000006e-01,1.572100000000000053e+00,1.097610999999999892e+00,4.926852367384207051e-03,0.000000000000000000e+00
-6.017768000000000006e-01,1.572100000000000053e+00,1.097610999999999892e+00,4.926852367384207051e-03,1.299144282669874306e-01
-6.013564999999999605e-01,1.573237999999999914e+00,1.098343999999999987e+00,4.876758292144530924e-03,2.081351124622856166e-02
-6.013085999999999709e-01,1.573425999999999991e+00,1.098462000000000049e+00,4.912056584568299730e-03,0.000000000000000000e+00
-6.013085999999999709e-01,1.573425999999999991e+00,1.098462000000000049e+00,4.912056584568299730e-03,2.553422747774756335e-02
-6.014490000000000114e-01,1.573536000000000046e+00,1.098247999999999891e+00,4.737931477976371937e-03,4.246567389889770866e-02
-6.016437999999999509e-01,1.573900999999999994e+00,1.097995000000000054e+00,4.506705587233377115e-03,0.000000000000000000e+00
-6.016437999999999509e-01,1.573900999999999994e+00,1.097995000000000054e+00,4.506705587233377115e-03,3.761707688832616886e-02
-6.018341000000000385e-01,1.574130000000000029e+00,1.097712000000000021e+00,4.307546336373004742e-03,3.793920036658515738e-02
-6.019470999999999572e-01,1.574459000000000053e+00,1.097455000000000069e+00,4.110466061166349015e-03,0.000000000000000000e+00
-6.019470999999999572e-01,1.574459000000000053e+00,1.097455000000000069e+00,4.110466061166349015e-03,1.340271003268137529e-01
-6.023836000000000190e-01,1.575547000000000031e+00,1.096695999999999893e+00,3.857954236379624018e-03,5.203589854654999680e-02
-6.026015000000000121e-01,1.576011999999999968e+00,1.096397999999999984e+00,3.939311416986441931e-03,0.000000000000000000e+00
-6.026015000000000121e-01,1.576011999999999968e+00,1.096397999999999984e+00,3.939311416986441931e-03,2.625740370169270532e-01
-6.038976000000000344e-01,1.577766999999999920e+00,1.094746999999999915e+00,3.327481143447576922e-03,0.000000000000000000e+00
-6.038976000000000344e-01,1.577766999999999920e+00,1.094746999999999915e+00,3.327481143447576922e-03,9.150606010627732045e-02
-6.045009999999999550e-01,1.578421999999999992e+00,1.094201999999999897e+00,3.399121357056719001e-03,2.213681334377760046e-01
-6.056327999999999712e-01,1.580065000000000053e+00,1.092840999999999951e+00,3.333008402329509269e-03,1.561777070851673443e-01
-6.063250999999999502e-01,1.581277999999999961e+00,1.091865000000000085e+00,3.143285039572409588e-03,0.000000000000000000e+00
-6.063250999999999502e-01,1.581277999999999961e+00,1.091865000000000085e+00,3.143285039572409588e-03,3.592761118956425692e-01
-6.080062000000000522e-01,1.584068999999999949e+00,1.089685999999999932e+00,3.270487969707303912e-03,1.794593153265566787e-01
-6.088767000000000484e-01,1.585582999999999965e+00,1.088616999999999946e+00,4.122088719326664520e-03,0.000000000000000000e+00
-6.088767000000000484e-01,1.585582999999999965e+00,1.088616999999999946e+00,4.122088719326664520e-03,2.209319358103870867e-01
-6.099510000000000209e-01,1.587266999999999983e+00,1.087267999999999901e+00,3.809199894991086976e-03,4.338372231109887678e-01
-6.122159999999999824e-01,1.590754000000000001e+00,1.084581999999999935e+00,4.549673373990608186e-03,0.000000000000000000e+00
-6.122159999999999824e-01,1.590754000000000001e+00,1.084581999999999935e+00,4.549673373990608186e-03,2.397230046282656790e-01
-6.135639999999999983e-01,1.592551000000000050e+00,1.083237999999999923e+00,4.775595518885501073e-03,2.145873680112575510e-01
-6.146557000000000270e-01,1.594295999999999935e+00,1.081916000000000100e+00,5.396779132964259380e-03,0.000000000000000000e+00
-6.146557000000000270e-01,1.594295999999999935e+00,1.081916000000000100e+00,5.396779132964259380e-03,7.996722957439111878e-01
-6.187217000000000411e-01,1.600254999999999983e+00,1.077746000000000093e+00,6.402978467088561547e-03,0.000000000000000000e+00
-6.187217000000000411e-01,1.600254999999999983e+00,1.077746000000000093e+00,6.402978467088561547e-03,4.759740736415553619e-01
-6.220080999999999527e-01,1.603711000000000109e+00,1.075158000000000058e+00,6.168178338050917843e-03,2.540540275083402189e-01
-6.236513000000000195e-01,1.605310999999999932e+00,1.073836000000000013e+00,6.074883282006208855e-03,0.000000000000000000e+00
-6.236513000000000195e-01,1.605310999999999932e+00,1.073836000000000013e+00,6.074883282006208855e-03,2.337469217949046940e-01
-6.252828000000000275e-01,1.607078999999999924e+00,1.072642000000000095e+00,5.826039687472047909e-03,5.243984199916739142e-01
-6.284311000000000202e-01,1.610772000000000093e+00,1.070141999999999927e+00,5.960026812859185556e-03,0.000000000000000000e+00
-6.284311000000000202e-01,1.610772000000000093e+00,1.070141999999999927e+00,5.960026812859185556e-03,2.506780064819453258e-01
-6.300426000000000082e-01,1.612786000000000053e+00,1.068905999999999912e+00,5.832360650714203849e-03,4.950842903890192992e-01
-6.332006000000000023e-01,1.616181000000000090e+00,1.066656000000000049e+00,5.635712799637800606e-03,0.000000000000000000e+00
-6.332006000000000023e-01,1.616181000000000090e+00,1.066656000000000049e+00,5.635712799637800606e-03,2.342825198128511144e-01
-6.346869000000000538e-01,1.618001999999999940e+00,1.065652000000000044e+00,5.553403460941692960e-03,2.024052756760607030e-01
-6.359557999999999600e-01,1.619715000000000016e+00,1.065075999999999912e+00,6.037772305246297266e-03,0.000000000000000000e+00
-6.359557999999999600e-01,1.619715000000000016e+00,1.065075999999999912e+00,6.037772305246297266e-03,6.452466599786920165e-01
-6.399466999999999794e-01,1.625070999999999932e+00,1.062853000000000048e+00,6.375294143018073179e-03,0.000000000000000000e+00
-6.399466999999999794e-01,1.625070999999999932e+00,1.062853000000000048e+00,6.375294143018073179e-03,2.035148585594829806e-01
-6.413020999999999860e-01,1.626629000000000103e+00,1.061790999999999929e+00,6.352765121582905003e-03,3.689941506873928301e-01
-6.438730000000000286e-01,1.629553000000000029e+00,1.060189000000000048e+00,6.247199952778808262e-03,0.000000000000000000e+00
-6.438730000000000286e-01,1.629553000000000029e+00,1.060189000000000048e+00,6.247199952778808262e-03,1.964953604364728101e-01
-6.451504000000000127e-01,1.631196000000000090e+00,1.059355000000000047e+00,6.145415788211588438e-03,3.984065177089183285e-01
-6.475874999999999826e-01,1.634452999999999934e+00,1.057334999999999914e+00,5.983498726497671338e-03,1.909466521900167746e-01
-6.486062999999999690e-01,1.635947000000000040e+00,1.056505000000000027e+00,5.959475312475095814e-03,0.000000000000000000e+00
-6.486062999999999690e-01,1.635947000000000040e+00,1.056505000000000027e+00,5.959475312475095814e-03,1.972343555587483255e-01
-6.497916999999999721e-01,1.637521000000000004e+00,1.055422000000000082e+00,5.762906294570502470e-03,4.258092927568516428e-01
-6.524322000000000177e-01,1.640527000000000069e+00,1.053503999999999996e+00,5.500572451118183187e-03,0.000000000000000000e+00
-6.524322000000000177e-01,1.640527000000000069e+00,1.053503999999999996e+00,5.500572451118183187e-03,1.759790929682028271e-01
-6.536509999999999820e-01,1.641950000000000021e+00,1.052782000000000107e+00,5.457007869702990011e-03,3.762128799927091927e-01
-6.558863999999999805e-01,1.644635999999999987e+00,1.051460999999999979e+00,5.758318616575451403e-03,0.000000000000000000e+00
-6.558863999999999805e-01,1.644635999999999987e+00,1.051460999999999979e+00,5.758318616575451403e-03,3.242152807153850236e-01
-6.580907999999999758e-01,1.647149999999999892e+00,1.050297000000000036e+00,6.260669044918387542e-03,0.000000000000000000e+00
-6.580907999999999758e-01,1.647149999999999892e+00,1.050297000000000036e+00,6.260669044918387542e-03,3.014495863214913807e-01
-6.602850000000000108e-01,1.649432999999999927e+00,1.048953999999999942e+00,6.276892056583269382e-03,1.431860731144083132e-01
-6.612236000000000224e-01,1.650633999999999935e+00,1.048370000000000024e+00,6.561978265736678750e-03,0.000000000000000000e+00
-6.612236000000000224e-01,1.650633999999999935e+00,1.048370000000000024e+00,6.561978265736678750e-03,2.707381155432878606e-01
-6.630532999999999566e-01,1.652906999999999904e+00,1.047355999999999954e+00,7.012914402015698809e-03,1.292578109677966769e-01
-6.639549999999999619e-01,1.654044999999999987e+00,1.047096999999999944e+00,7.461904638897485370e-03,0.000000000000000000e+00
-6.639549999999999619e-01,1.654044999999999987e+00,1.047096999999999944e+00,7.461904638897485370e-03,1.170678291215928035e-01
-6.647444000000000131e-01,1.655051000000000050e+00,1.046710999999999947e+00,7.605370591890992134e-03,2.544057125438884404e-01
-6.664480999999999877e-01,1.657356000000000051e+00,1.046251999999999960e+00,8.693195801890053406e-03,0.000000000000000000e+00
-6.664480999999999877e-01,1.657356000000000051e+00,1.046251999999999960e+00,8.693195801890053406e-03,1.008840071668802435e-01
-6.671624000000000443e-01,1.658276000000000083e+00,1.045957000000000026e+00,8.858421994915389661e-03,1.257848153839871697e-01
-6.679127000000000258e-01,1.659359000000000028e+00,1.045573000000000086e+00,9.164314344783340560e-03,0.000000000000000000e+00
-6.679127000000000258e-01,1.659359000000000028e+00,1.045573000000000086e+00,9.164314344783340560e-03,2.351146554859893101e-01
-6.693341999999999903e-01,1.661510000000000042e+00,1.044831999999999983e+00,9.707432319619782243e-03,1.338848997319849188e-01
-6.699123000000000161e-01,1.662781999999999982e+00,1.044405999999999946e+00,9.857234484884616274e-03,2.418792210894117611e-01
-6.710576999999999792e-01,1.664995999999999921e+00,1.043539999999999912e+00,1.017946914136475152e-02,1.071035623817325477e-01
-6.714729999999999865e-01,1.666117000000000070e+00,1.043095000000000105e+00,1.016690582674987034e-02,0.000000000000000000e+00
-6.714729999999999865e-01,1.666117000000000070e+00,1.043095000000000105e+00,1.016690582674987034e-02,1.287178353412196385e-01
-6.719699000000000089e-01,1.667389999999999928e+00,1.042766000000000082e+00,1.048285613943069836e-02,2.453582404477003820e-01
-6.726598999999999773e-01,1.670004000000000044e+00,1.042038999999999938e+00,1.051304785302516025e-02,1.209997862928124251e-01
-6.730846999999999802e-01,1.671248999999999985e+00,1.041624000000000105e+00,1.070422198760841506e-02,0.000000000000000000e+00
-6.730846999999999802e-01,1.671248999999999985e+00,1.041624000000000105e+00,1.070422198760841506e-02,2.447159235851169290e-01
-6.735830000000000428e-01,1.673821000000000003e+00,1.040658000000000083e+00,1.047319230273184229e-02,1.306437588373881575e-01
-6.737918999999999992e-01,1.675222999999999907e+00,1.040200999999999931e+00,1.053142808169897637e-02,0.000000000000000000e+00
-6.737918999999999992e-01,1.675222999999999907e+00,1.040200999999999931e+00,1.053142808169897637e-02,1.269999157539273560e-01
-6.740739000000000036e-01,1.676582999999999934e+00,1.039601999999999915e+00,1.039548415851799384e-02,2.812652196472749111e-01
-6.746638000000000357e-01,1.679519999999999902e+00,1.038936999999999999e+00,1.071821926627739181e-02,0.000000000000000000e+00
-6.746638000000000357e-01,1.679519999999999902e+00,1.038936999999999999e+00,1.071821926627739181e-02,1.290311684008540183e-01
-6.749728000000000394e-01,1.680973999999999968e+00,1.038547000000000109e+00,1.072805644513502230e-02,1.370593139722413589e-01
-6.752082999999999835e-01,1.682425000000000059e+00,1.038273000000000001e+00,1.085426702453927937e-02,3.012357352042203118e-01
-6.756562999999999874e-01,1.685386999999999968e+00,1.037346000000000101e+00,1.089432722154058675e-02,1.320564113934082073e-01
-6.758729999999999460e-01,1.686835000000000084e+00,1.036990000000000078e+00,1.100473870839286696e-02,0.000000000000000000e+00
-6.758729999999999460e-01,1.686835000000000084e+00,1.036990000000000078e+00,1.100473870839286696e-02,2.729620967934131559e-01
-6.762934000000000445e-01,1.689616999999999924e+00,1.036013999999999990e+00,1.094369440408490129e-02,1.275144427022507077e-01
-6.764409999999999590e-01,1.690922999999999954e+00,1.035557999999999979e+00,1.093517158941725333e-02,0.000000000000000000e+00
-6.764409999999999590e-01,1.690922999999999954e+00,1.035557999999999979e+00,1.093517158941725333e-02,1.336565020466222720e-01
-6.766157000000000421e-01,1.692293999999999965e+00,1.035093000000000041e+00,1.104545598696588492e-02,2.592251042353788115e-01
-6.770395999999999637e-01,1.695043999999999995e+00,1.034089999999999954e+00,1.087859862712094346e-02,0.000000000000000000e+00
-6.770395999999999637e-01,1.695043999999999995e+00,1.034089999999999954e+00,1.087859862712094346e-02,1.380806193625168377e-01
-6.773362000000000549e-01,1.696296000000000026e+00,1.033446000000000087e+00,1.080649451765007367e-02,1.235105180712612744e-01
-6.776259000000000032e-01,1.697543999999999942e+00,1.032861999999999947e+00,1.056610190230993992e-02,0.000000000000000000e+00
-6.776259000000000032e-01,1.697543999999999942e+00,1.032861999999999947e+00,1.056610190230993992e-02,2.551167316003931096e-01
-6.783495000000000497e-01,1.699851000000000001e+00,1.031757000000000035e+00,1.058377507366820014e-02,1.171059559252018850e-01
-6.787292999999999799e-01,1.700997000000000092e+00,1.031061000000000005e+00,1.023222405980242500e-02,0.000000000000000000e+00
-6.787292999999999799e-01,1.700997000000000092e+00,1.031061000000000005e+00,1.023222405980242500e-02,3.972675754721334274e-01
-6.801774999999999904e-01,1.704425000000000079e+00,1.029247999999999941e+00,1.007347679254774753e-02,0.000000000000000000e+00
-6.801774999999999904e-01,1.704425000000000079e+00,1.029247999999999941e+00,1.007347679254774753e-02,1.268023419363341064e-01
-6.806469000000000547e-01,1.705508000000000024e+00,1.028523999999999994e+00,9.907208063324393285e-03,2.497853939150826708e-01
-6.814348999999999545e-01,1.707872999999999974e+00,1.027422999999999975e+00,9.895898427631517197e-03,1.111997755548537331e-01
-6.818026999999999838e-01,1.709046000000000065e+00,1.027109000000000050e+00,1.001547341916505379e-02,0.000000000000000000e+00
-6.818026999999999838e-01,1.709046000000000065e+00,1.027109000000000050e+00,1.001547341916505379e-02,2.228883831434083085e-01
-6.825438000000000338e-01,1.711184999999999956e+00,1.026589999999999892e+00,1.053098211231982828e-02,9.046107372263122171e-02
-6.827469000000000454e-01,1.712148000000000003e+00,1.026278999999999941e+00,1.045423697646084144e-02,0.000000000000000000e+00
-6.827469000000000454e-01,1.712148000000000003e+00,1.026278999999999941e+00,1.045423697646084144e-02,1.121644386694415907e-01
-6.828085999999999878e-01,1.713349999999999929e+00,1.026057999999999915e+00,1.052109374019638208e-02,2.346798415059621890e-01
-6.824734000000000078e-01,1.715964000000000045e+00,1.025126999999999899e+00,1.011566825523638365e-02,0.000000000000000000e+00
-6.824734000000000078e-01,1.715964000000000045e+00,1.025126999999999899e+00,1.011566825523638365e-02,1.387349916212799184e-01
-6.825657000000000529e-01,1.717359000000000080e+00,1.024547000000000097e+00,9.920908276967467174e-03,1.136974499761929797e-01
-6.824426999999999577e-01,1.718550999999999940e+00,1.024049999999999905e+00,9.830394816079215600e-03,0.000000000000000000e+00
-6.824426999999999577e-01,1.718550999999999940e+00,1.024049999999999905e+00,9.830394816079215600e-03,3.843837416324366596e-01
-6.823825999999999503e-01,1.722201000000000093e+00,1.022402000000000033e+00,9.132720026914183109e-03,0.000000000000000000e+00
-6.823825999999999503e-01,1.722201000000000093e+00,1.022402000000000033e+00,9.132720026914183109e-03,2.679016737164747752e-01
-6.821817999999999493e-01,1.724863000000000035e+00,1.021212000000000009e+00,8.487096808685508711e-03,1.390823523627091607e-01
-6.821736999999999940e-01,1.726099999999999968e+00,1.020456999999999947e+00,8.234613997632110605e-03,0.000000000000000000e+00
-6.821736999999999940e-01,1.726099999999999968e+00,1.020456999999999947e+00,8.234613997632110605e-03,1.313567688019315893e-01
-6.821279999999999566e-01,1.727375000000000105e+00,1.019673000000000052e+00,7.806020933228456637e-03,2.882786653117842546e-01
-6.818805000000000005e-01,1.729980000000000073e+00,1.017922999999999911e+00,6.842761398733725013e-03,0.000000000000000000e+00
-6.818805000000000005e-01,1.729980000000000073e+00,1.017922999999999911e+00,6.842761398733725013e-03,1.385084292734354017e-01
-6.817412000000000472e-01,1.731395999999999935e+00,1.017090999999999967e+00,6.267483167109326285e-03,2.889725841687023622e-01
-6.814415000000000333e-01,1.734037999999999968e+00,1.015678000000000081e+00,5.742163254384159352e-03,0.000000000000000000e+00
-6.814415000000000333e-01,1.734037999999999968e+00,1.015678000000000081e+00,5.742163254384159352e-03,1.318822818024200649e-01
-6.812327000000000243e-01,1.735462999999999978e+00,1.015241999999999978e+00,5.373285851320367713e-03,1.436994107110757535e-01
-6.808845999999999510e-01,1.736912000000000011e+00,1.014755000000000074e+00,5.145827541805128927e-03,0.000000000000000000e+00
-6.808845999999999510e-01,1.736912000000000011e+00,1.014755000000000074e+00,5.145827541805128927e-03,2.911223896779512876e-01
-6.803590999999999944e-01,1.739930999999999894e+00,1.013919999999999932e+00,5.022910531753349908e-03,1.387025246168435977e-01
-6.800749000000000377e-01,1.741330000000000044e+00,1.013417999999999930e+00,4.959898999979662354e-03,1.257688728191980743e-01
-6.797201999999999966e-01,1.742614000000000107e+00,1.012733000000000105e+00,4.889700425384095432e-03,2.999720670147320578e-01
-6.787843999999999545e-01,1.745525999999999911e+00,1.011568999999999940e+00,4.513964343013809714e-03,1.310874297758201634e-01
-6.783869000000000149e-01,1.746810999999999892e+00,1.011082999999999954e+00,4.602419821137509505e-03,0.000000000000000000e+00
-6.783869000000000149e-01,1.746810999999999892e+00,1.011082999999999954e+00,4.602419821137509505e-03,2.573407795330287517e-01
-6.781646999999999537e-01,1.749419999999999975e+00,1.010070000000000023e+00,4.332897401277797933e-03,1.210571059539601729e-01
-6.779184000000000321e-01,1.750591000000000008e+00,1.009511000000000047e+00,4.393104851924171071e-03,0.000000000000000000e+00
-6.779184000000000321e-01,1.750591000000000008e+00,1.009511000000000047e+00,4.393104851924171071e-03,1.240421397052998420e-01
-6.776547000000000542e-01,1.751843999999999957e+00,1.009073000000000109e+00,4.120938879672946670e-03,2.579516330576268612e-01
-6.769161000000000206e-01,1.754451999999999900e+00,1.008315999999999990e+00,4.836862623643610644e-03,0.000000000000000000e+00
-6.769161000000000206e-01,1.754451999999999900e+00,1.008315999999999990e+00,4.836862623643610644e-03,1.319600300757278744e-01
-6.766891000000000433e-01,1.755886000000000058e+00,1.007916999999999952e+00,4.610864044840185492e-03,2.468552180026652165e-01
-6.763403000000000054e-01,1.758394000000000013e+00,1.007479000000000013e+00,5.305761020815006820e-03,0.000000000000000000e+00
-6.763403000000000054e-01,1.758394000000000013e+00,1.007479000000000013e+00,5.305761020815006820e-03,1.117948918339168179e-01
-6.763246000000000535e-01,1.759587999999999930e+00,1.007225000000000037e+00,5.006623548860020777e-03,1.016401465992191194e-01
-6.761599000000000359e-01,1.760658000000000056e+00,1.006985000000000019e+00,5.079905913498769694e-03,2.054365034807190682e-01
-6.759104999999999697e-01,1.762982999999999967e+00,1.006822000000000106e+00,5.647977978887782670e-03,1.150995450224902017e-01
-6.758201000000000347e-01,1.764207999999999998e+00,1.006561000000000039e+00,5.506994771197830721e-03,0.000000000000000000e+00
-6.758201000000000347e-01,1.764207999999999998e+00,1.006561000000000039e+00,5.506994771197830721e-03,9.221035718252536262e-02
-6.757509999999999906e-01,1.765239000000000003e+00,1.006362999999999897e+00,5.617740293035937936e-03,2.071276350777239983e-01
-6.765645000000000131e-01,1.767239999999999922e+00,1.005403999999999964e+00,4.736329601072977041e-03,0.000000000000000000e+00
-6.765645000000000131e-01,1.767239999999999922e+00,1.005403999999999964e+00,4.736329601072977041e-03,7.583072960314450606e-02
-6.770043000000000033e-01,1.767960999999999894e+00,1.005216000000000109e+00,4.314782846216161892e-03,1.914213325668585874e-01
-6.772949999999999804e-01,1.770089000000000024e+00,1.004818999999999907e+00,4.484553672329109550e-03,0.000000000000000000e+00
-6.772949999999999804e-01,1.770089000000000024e+00,1.004818999999999907e+00,4.484553672329109550e-03,1.139121504621236208e-01
-6.773464999999999625e-01,1.771322000000000063e+00,1.004672000000000009e+00,4.409030033919052009e-03,1.278288200277674924e-01
-6.771989000000000480e-01,1.772772999999999932e+00,1.004680999999999935e+00,4.538524544386582198e-03,0.000000000000000000e+00
-6.771989000000000480e-01,1.772772999999999932e+00,1.004680999999999935e+00,4.538524544386582198e-03,2.397400348824096361e-01
-6.772599000000000258e-01,1.775471999999999939e+00,1.004240000000000022e+00,4.777468176764759072e-03,1.178820082806529418e-01
-6.772939999999999516e-01,1.776685000000000070e+00,1.003813999999999984e+00,4.395596938983382246e-03,1.994714123944716089e-01
-6.770507999999999527e-01,1.778777000000000053e+00,1.003265999999999991e+00,4.800749931000302013e-03,1.085315351002250350e-01
-6.769043999999999617e-01,1.780059000000000058e+00,1.003189000000000108e+00,4.586299438545263750e-03,1.351431959481052825e-01
-6.767619000000000273e-01,1.781452999999999953e+00,1.003314000000000039e+00,4.944096508969026901e-03,0.000000000000000000e+00
-6.767619000000000273e-01,1.781452999999999953e+00,1.003314000000000039e+00,4.944096508969026901e-03,2.485134154703916021e-01
-6.763675000000000104e-01,1.784261000000000097e+00,1.003304999999999891e+00,5.556104210685646090e-03,1.248585495959551317e-01
-6.761806000000000205e-01,1.785665000000000058e+00,1.003152000000000044e+00,5.652380260562850194e-03,0.000000000000000000e+00
-6.761806000000000205e-01,1.785665000000000058e+00,1.003152000000000044e+00,5.652380260562850194e-03,1.355202488114809478e-01
-6.760515999999999748e-01,1.787174000000000040e+00,1.002839999999999954e+00,5.986381101299770476e-03,2.483626619899368393e-01
-6.757587999999999928e-01,1.789902000000000104e+00,1.002140999999999948e+00,5.502892378558666732e-03,0.000000000000000000e+00
-6.757587999999999928e-01,1.789902000000000104e+00,1.002140999999999948e+00,5.502892378558666732e-03,1.132457517521382045e-01
-6.755366000000000426e-01,1.791166999999999954e+00,1.001732999999999985e+00,5.709926224567049569e-03,3.023804444829320537e-01
-6.748053999999999997e-01,1.794154000000000027e+00,1.001047000000000020e+00,5.385046369345418069e-03,1.343870572736863001e-01
-6.740355000000000096e-01,1.795428000000000024e+00,1.000679000000000096e+00,5.610457098133887419e-03,0.000000000000000000e+00
-6.740355000000000096e-01,1.795428000000000024e+00,1.000679000000000096e+00,5.610457098133887419e-03,1.601597084670017546e-01
-6.734733999999999998e-01,1.796967999999999899e+00,1.000078999999999940e+00,5.177317145008564041e-03,2.830900525937821155e-01
-6.725050999999999668e-01,1.799738999999999978e+00,9.991181999999999563e-01,5.134143025861198466e-03,0.000000000000000000e+00
-6.725050999999999668e-01,1.799738999999999978e+00,9.991181999999999563e-01,5.134143025861198466e-03,1.459189313637064556e-01
-6.722335999999999867e-01,1.801180000000000003e+00,9.984984000000000082e-01,4.717692514354841597e-03,2.499826786506978704e-01
-6.715448000000000528e-01,1.803657000000000066e+00,9.975882000000000360e-01,4.558149328400682571e-03,1.164992993450600089e-01
-6.712563000000000279e-01,1.804905999999999899e+00,9.970603000000000105e-01,4.215004688016295471e-03,0.000000000000000000e+00
-6.712563000000000279e-01,1.804905999999999899e+00,9.970603000000000105e-01,4.215004688016295471e-03,1.214364814887967381e-01
-6.708621999999999641e-01,1.806090999999999891e+00,9.966178999999999455e-01,4.418675848033987164e-03,1.994204530069064729e-01
-6.703360000000000429e-01,1.808322999999999903e+00,9.959995999999999849e-01,3.977412933050843667e-03,0.000000000000000000e+00
-6.703360000000000429e-01,1.808322999999999903e+00,9.959995999999999849e-01,3.977412933050843667e-03,1.258566689267579808e-01
-6.699009000000000214e-01,1.809528999999999943e+00,9.957238000000000477e-01,4.177988957620668194e-03,1.044685676669749180e-01
-6.696062000000000403e-01,1.810686999999999935e+00,9.953807999999999545e-01,4.369612149836594669e-03,2.344325820273067407e-01
-6.685417000000000165e-01,1.812934000000000045e+00,9.947810999999999737e-01,4.260033553858432950e-03,1.221094255183557548e-01
-6.677990000000000315e-01,1.814005000000000090e+00,9.945051999999999781e-01,4.931340022752422544e-03,0.000000000000000000e+00
-6.677990000000000315e-01,1.814005000000000090e+00,9.945051999999999781e-01,4.931340022752422544e-03,2.719671242323044025e-01
-6.662827000000000055e-01,1.816635000000000000e+00,9.938620000000000232e-01,5.212102152682718606e-03,1.391139370742495163e-01
-6.655742999999999521e-01,1.817836999999999925e+00,9.934739999999999682e-01,5.793134651464692218e-03,0.000000000000000000e+00
-6.655742999999999521e-01,1.817836999999999925e+00,9.934739999999999682e-01,5.793134651464692218e-03,1.422935699160338130e-01
-6.647980000000000000e-01,1.819134999999999946e+00,9.931238000000000010e-01,5.773991214056377677e-03,2.902418066509080963e-01
-6.632067999999999852e-01,1.821665000000000090e+00,9.920691000000000370e-01,6.595701519929441335e-03,0.000000000000000000e+00
-6.632067999999999852e-01,1.821665000000000090e+00,9.920691000000000370e-01,6.595701519929441335e-03,1.592544764269279989e-01
-6.624292999999999987e-01,1.823075999999999919e+00,9.916713000000000333e-01,6.683607299206052559e-03,3.055330090880150617e-01
-6.609177999999999997e-01,1.826003000000000043e+00,9.911621999999999932e-01,7.300557699929487686e-03,0.000000000000000000e+00
-6.609177999999999997e-01,1.826003000000000043e+00,9.911621999999999932e-01,7.300557699929487686e-03,1.514802462511690428e-01
-6.602964000000000055e-01,1.827479999999999993e+00,9.907578000000000218e-01,7.403178907064177951e-03,1.497357376267959561e-01
-6.595394999999999452e-01,1.828888000000000069e+00,9.904212000000000016e-01,7.829688815016864339e-03,0.000000000000000000e+00
-6.595394999999999452e-01,1.828888000000000069e+00,9.904212000000000016e-01,7.829688815016864339e-03,4.024614895294897909e-01
-6.577024000000000203e-01,1.833004000000000078e+00,9.895433999999999619e-01,8.119742651094302710e-03,0.000000000000000000e+00
-6.577024000000000203e-01,1.833004000000000078e+00,9.895433999999999619e-01,8.119742651094302710e-03,1.421295918385268309e-01
-6.570517999999999637e-01,1.834384999999999932e+00,9.892712000000000172e-01,8.167759117408012262e-03,3.136448017895862583e-01
-6.559004999999999974e-01,1.837722000000000078e+00,9.886831999999999843e-01,8.098505013272420255e-03,0.000000000000000000e+00
-6.559004999999999974e-01,1.837722000000000078e+00,9.886831999999999843e-01,8.098505013272420255e-03,1.514248393389440450e-01
-6.553196999999999495e-01,1.839337999999999917e+00,9.884922999999999904e-01,8.204985734295953612e-03,3.084912067158915860e-01
-6.542192000000000007e-01,1.842478000000000060e+00,9.879856999999999667e-01,7.989448064791402834e-03,1.281688712360679883e-01
-6.537174999999999514e-01,1.843693000000000026e+00,9.875087999999999644e-01,8.229449870434916645e-03,0.000000000000000000e+00
-6.537174999999999514e-01,1.843693000000000026e+00,9.875087999999999644e-01,8.229449870434916645e-03,1.537151136228478987e-01
-6.533698999999999479e-01,1.845312999999999981e+00,9.869335999999999665e-01,7.704078517902154810e-03,3.311463647445265779e-01
-6.521902000000000532e-01,1.848659999999999970e+00,9.862389000000000294e-01,7.573850580781189661e-03,0.000000000000000000e+00
-6.521902000000000532e-01,1.848659999999999970e+00,9.862389000000000294e-01,7.573850580781189661e-03,1.562563166753354882e-01
-6.515596000000000165e-01,1.850241000000000025e+00,9.861444000000000321e-01,7.519950186670090915e-03,3.469598153751642378e-01
-6.505505999999999789e-01,1.853879999999999972e+00,9.858360999999999930e-01,6.936899971889549585e-03,0.000000000000000000e+00
-6.505505999999999789e-01,1.853879999999999972e+00,9.858360999999999930e-01,6.936899971889549585e-03,3.673256075390666786e-01
-6.492491000000000234e-01,1.857442999999999955e+00,9.853252999999999595e-01,6.635766492275112574e-03,0.000000000000000000e+00
-6.492491000000000234e-01,1.857442999999999955e+00,9.853252999999999595e-01,6.635766492275112574e-03,3.110169215454811620e-01
-6.481253999999999627e-01,1.860902999999999974e+00,9.846443999999999752e-01,6.227354679155614608e-03,1.727472552326517752e-01
-6.474307000000000256e-01,1.862646000000000024e+00,9.844671000000000394e-01,6.277910317932236355e-03,0.000000000000000000e+00
-6.474307000000000256e-01,1.862646000000000024e+00,9.844671000000000394e-01,6.277910317932236355e-03,1.402107143134856126e-01
-6.468331999999999971e-01,1.864200999999999997e+00,9.843507999999999702e-01,5.997034752275422556e-03,3.370789575244118597e-01
-6.454096000000000277e-01,1.867404999999999982e+00,9.842054000000000080e-01,5.931032848501206073e-03,0.000000000000000000e+00
-6.454096000000000277e-01,1.867404999999999982e+00,9.842054000000000080e-01,5.931032848501206073e-03,1.591720176127795483e-01
-6.444461000000000217e-01,1.869016000000000011e+00,9.839406000000000541e-01,5.845003531222215179e-03,3.542277278264256979e-01
-6.425265999999999478e-01,1.872346999999999984e+00,9.835460000000000313e-01,5.970335495598304808e-03,0.000000000000000000e+00
-6.425265999999999478e-01,1.872346999999999984e+00,9.835460000000000313e-01,5.970335495598304808e-03,1.701666281888240539e-01
-6.416471000000000258e-01,1.874073000000000100e+00,9.834150000000000391e-01,6.228809073972317936e-03,1.725614398054086951e-01
-6.407483000000000484e-01,1.875723000000000029e+00,9.832961999999999536e-01,5.889415985477571350e-03,0.000000000000000000e+00
-6.407483000000000484e-01,1.875723000000000029e+00,9.832961999999999536e-01,5.889415985477571350e-03,3.316744297669489416e-01
-6.387528999999999568e-01,1.878905999999999965e+00,9.828396999999999828e-01,6.105873195538934380e-03,1.491987438547966727e-01
-6.378753000000000339e-01,1.880346999999999991e+00,9.826129000000000113e-01,6.206643891830723389e-03,3.280734797832023930e-01
-6.359844000000000053e-01,1.883383000000000029e+00,9.824777999999999567e-01,6.168274312966333037e-03,1.568496090099747720e-01
-6.351223000000000285e-01,1.884951000000000043e+00,9.825110999999999706e-01,6.335013907640525688e-03,0.000000000000000000e+00
-6.351223000000000285e-01,1.884951000000000043e+00,9.825110999999999706e-01,6.335013907640525688e-03,1.927545747667653575e-01
-6.341590999999999756e-01,1.886679999999999913e+00,9.828529000000000293e-01,5.841451176719716226e-03,3.185593806252143834e-01
-6.323337999999999459e-01,1.889979999999999993e+00,9.832391999999999799e-01,5.532482250310482436e-03,1.865575213360800566e-01
-6.313130999999999604e-01,1.891634000000000038e+00,9.832746999999999460e-01,5.681451114812169877e-03,0.000000000000000000e+00
-6.313130999999999604e-01,1.891634000000000038e+00,9.832746999999999460e-01,5.681451114812169877e-03,1.386401796652462770e-01
-6.303794000000000342e-01,1.892994000000000065e+00,9.832507999999999804e-01,5.546539502248216610e-03,3.285167625238029632e-01
-6.283870000000000289e-01,1.895964999999999900e+00,9.834726000000000301e-01,5.631667757423212614e-03,0.000000000000000000e+00
-6.283870000000000289e-01,1.895964999999999900e+00,9.834726000000000301e-01,5.631667757423212614e-03,1.430982500990441442e-01
-6.274480999999999531e-01,1.897262000000000004e+00,9.837848999999999622e-01,5.467017074237116685e-03,2.875545130790639337e-01
-6.258217999999999837e-01,1.899928000000000061e+00,9.841130000000000155e-01,5.375979346128542842e-03,0.000000000000000000e+00
-6.258217999999999837e-01,1.899928000000000061e+00,9.841130000000000155e-01,5.375979346128542842e-03,1.776157647364949854e-01
-6.242780999999999469e-01,1.901191000000000075e+00,9.844722000000000195e-01,5.943627934183044227e-03,1.519442038702156217e-01
-6.231986999999999943e-01,1.902447999999999917e+00,9.844192000000000498e-01,6.165134105597519509e-03,3.026905969241603933e-01
-6.207635000000000236e-01,1.904674999999999896e+00,9.845462000000000380e-01,6.833530901371642242e-03,1.293341643612770930e-01
-6.198198999999999792e-01,1.905723999999999974e+00,9.841138999999999859e-01,6.705384545274102777e-03,0.000000000000000000e+00
-6.198198999999999792e-01,1.905723999999999974e+00,9.841138999999999859e-01,6.705384545274102777e-03,2.569631415546501652e-01
-6.175787000000000360e-01,1.907181000000000015e+00,9.840141999999999500e-01,7.649195516523275666e-03,1.123512613196415294e-01
-6.166355999999999504e-01,1.908096999999999932e+00,9.837652000000000063e-01,7.729669855821905307e-03,0.000000000000000000e+00
-6.166355999999999504e-01,1.908096999999999932e+00,9.837652000000000063e-01,7.729669855821905307e-03,1.186363293544082098e-01
-6.157291000000000292e-01,1.908992999999999940e+00,9.835399000000000225e-01,7.755046159759510990e-03,2.110885987394799657e-01
-6.138999000000000539e-01,1.910705000000000098e+00,9.833313000000000192e-01,8.242144782154622179e-03,0.000000000000000000e+00
-6.138999000000000539e-01,1.910705000000000098e+00,9.833313000000000192e-01,8.242144782154622179e-03,9.366344159432554717e-02
-6.132473999999999981e-01,1.911494999999999944e+00,9.830275000000000540e-01,8.096015331013220115e-03,1.083400460600154602e-01
-6.121535000000000171e-01,1.912036000000000069e+00,9.832243999999999984e-01,8.590613162050744767e-03,0.000000000000000000e+00
-6.121535000000000171e-01,1.912036000000000069e+00,9.832243999999999984e-01,8.590613162050744767e-03,1.811467307025734774e-01
-6.107485000000000275e-01,1.913561000000000067e+00,9.826350999999999836e-01,8.795821165189786003e-03,9.641214393322550258e-02
-6.098945000000000061e-01,1.914174999999999960e+00,9.826435999999999504e-01,8.929026275020263137e-03,2.030375860034834279e-01
-6.083237999999999701e-01,1.915737000000000023e+00,9.826369999999999827e-01,9.257480869545555574e-03,1.629586617873591825e-01
-6.085154999999999870e-01,1.917151999999999967e+00,9.815751000000000337e-01,8.249437437789408981e-03,0.000000000000000000e+00
-6.085154999999999870e-01,1.917151999999999967e+00,9.815751000000000337e-01,8.249437437789408981e-03,1.091496701934400460e-01
-6.077386999999999651e-01,1.918055999999999983e+00,9.815833999999999948e-01,8.111173296755621112e-03,2.171814925025722098e-01
-6.063754999999999562e-01,1.919991000000000003e+00,9.814753999999999978e-01,8.110923325984642843e-03,1.167572433813394567e-01
-6.058440000000000492e-01,1.921205000000000052e+00,9.813395999999999786e-01,7.512322184917277768e-03,0.000000000000000000e+00
-6.058440000000000492e-01,1.921205000000000052e+00,9.813395999999999786e-01,7.512322184917277768e-03,2.730929871300984968e-01
-6.040370000000000461e-01,1.923531000000000102e+00,9.808907999999999516e-01,7.611360722630244012e-03,1.456296538876541424e-01
-6.031286999999999621e-01,1.924911000000000039e+00,9.807131000000000043e-01,7.157238088117506142e-03,0.000000000000000000e+00
-6.031286999999999621e-01,1.924911000000000039e+00,9.807131000000000043e-01,7.157238088117506142e-03,1.533223638807931222e-01
-6.021197000000000354e-01,1.926223000000000019e+00,9.804709999999999814e-01,7.210491427080383507e-03,2.751776750573139974e-01
-6.005230000000000290e-01,1.928709000000000007e+00,9.799387000000000514e-01,6.799863380980425767e-03,0.000000000000000000e+00
-6.005230000000000290e-01,1.928709000000000007e+00,9.799387000000000514e-01,6.799863380980425767e-03,1.216394268113148436e-01
-5.997660000000000213e-01,1.929818999999999951e+00,9.795907000000000364e-01,6.926272085328378722e-03,1.381409947793557913e-01
-5.989052999999999738e-01,1.930997999999999992e+00,9.792157000000000222e-01,6.952138419939499041e-03,2.571372959886146781e-01
-5.974059000000000452e-01,1.933402999999999983e+00,9.784570000000000212e-01,7.003536433831020896e-03,1.410750523393035083e-01
-5.964603000000000543e-01,1.934614999999999974e+00,9.783809999999999452e-01,6.907122359564825745e-03,0.000000000000000000e+00
-5.964603000000000543e-01,1.934614999999999974e+00,9.783809999999999452e-01,6.907122359564825745e-03,2.597005729818173680e-01
-5.949301999999999646e-01,1.936935000000000073e+00,9.778295999999999655e-01,7.035988133872909250e-03,1.324308869235237829e-01
-5.940161000000000469e-01,1.938047000000000075e+00,9.777057000000000109e-01,7.041802529182387797e-03,0.000000000000000000e+00
-5.940161000000000469e-01,1.938047000000000075e+00,9.777057000000000109e-01,7.041802529182387797e-03,1.209275922164658595e-01
-5.932423999999999475e-01,1.939090999999999898e+00,9.774775999999999465e-01,7.016371831652158143e-03,2.557904513002191016e-01
-5.912935999999999748e-01,1.941057000000000032e+00,9.771047000000000482e-01,7.509597439277169127e-03,0.000000000000000000e+00
-5.912935999999999748e-01,1.941057000000000032e+00,9.771047000000000482e-01,7.509597439277169127e-03,1.377079020515465935e-01
-5.901982999999999535e-01,1.942059999999999897e+00,9.768689000000000400e-01,7.607065774002430385e-03,2.951296645334186564e-01
-5.876198000000000254e-01,1.943978999999999902e+00,9.766787999999999581e-01,8.075504963158794750e-03,0.000000000000000000e+00
-5.876198000000000254e-01,1.943978999999999902e+00,9.766787999999999581e-01,8.075504963158794750e-03,1.438009029662485894e-01
-5.864698999999999884e-01,1.945135999999999976e+00,9.768413999999999708e-01,7.889501061537513085e-03,1.595745930533490065e-01
-5.852408000000000055e-01,1.946229999999999905e+00,9.770809000000000299e-01,7.947788007993197151e-03,0.000000000000000000e+00
-5.852408000000000055e-01,1.946229999999999905e+00,9.770809000000000299e-01,7.947788007993197151e-03,3.124412516535330364e-01
-5.825896000000000408e-01,1.948315999999999937e+00,9.775698000000000443e-01,7.592505297331021176e-03,1.509600340531264406e-01
-5.812294000000000072e-01,1.949346000000000023e+00,9.778061999999999587e-01,7.428450254258991969e-03,1.863331567593217719e-01
-5.795856000000000341e-01,1.950406000000000084e+00,9.783602000000000132e-01,7.136041293322171325e-03,3.201047259576120241e-01
-5.769566999999999890e-01,1.952671999999999963e+00,9.787479999999999514e-01,6.825393372546392952e-03,1.376220000881931971e-01
-5.757301000000000224e-01,1.953651999999999944e+00,9.787772999999999612e-01,7.085717497896739520e-03,0.000000000000000000e+00
-5.757301000000000224e-01,1.953651999999999944e+00,9.787772999999999612e-01,7.085717497896739520e-03,2.890248440605135971e-01
-5.731401000000000412e-01,1.955441999999999902e+00,9.789525000000000032e-01,6.976907327032534807e-03,2.044507598983268670e-01
-5.711914999999999631e-01,1.956199000000000021e+00,9.797306000000000070e-01,6.897010689421894866e-03,0.000000000000000000e+00
-5.711914999999999631e-01,1.956199000000000021e+00,9.797306000000000070e-01,6.897010689421894866e-03,1.632005685967473085e-01
-5.698782999999999488e-01,1.957394999999999996e+00,9.798548000000000258e-01,6.629377558262932943e-03,3.435690767167625670e-01
-5.667708000000000190e-01,1.959421000000000079e+00,9.803920000000000412e-01,6.497671395969399633e-03,0.000000000000000000e+00
-5.667708000000000190e-01,1.959421000000000079e+00,9.803920000000000412e-01,6.497671395969399633e-03,1.322332739422482639e-01
-5.656556999999999835e-01,1.960433000000000092e+00,9.804619999999999447e-01,6.551293788252844641e-03,2.907588393696581841e-01
-5.629338999999999871e-01,1.961937999999999960e+00,9.811005999999999894e-01,6.299218717428397597e-03,0.000000000000000000e+00
-5.629338999999999871e-01,1.961937999999999960e+00,9.811005999999999894e-01,6.299218717428397597e-03,1.450750352171374935e-01
-5.616145000000000165e-01,1.962793000000000010e+00,9.812954999999999872e-01,6.553441338716608708e-03,1.409065510921434505e-01
-5.603101000000000331e-01,1.963578000000000046e+00,9.815089000000000174e-01,6.263195479146282593e-03,3.014047157263791132e-01
-5.574048000000000336e-01,1.965309999999999890e+00,9.821303000000000116e-01,6.249660490778661398e-03,1.472376627339962718e-01
-5.560496000000000327e-01,1.966121999999999925e+00,9.824211000000000471e-01,6.010348376758128594e-03,0.000000000000000000e+00
-5.560496000000000327e-01,1.966121999999999925e+00,9.824211000000000471e-01,6.010348376758128594e-03,1.512946666153625885e-01
-5.544829000000000008e-01,1.966825000000000045e+00,9.825823000000000196e-01,6.461433045385415845e-03,3.132607415812287410e-01
-5.516472000000000042e-01,1.968399999999999928e+00,9.829474999999999740e-01,6.305345346608721285e-03,0.000000000000000000e+00
-5.516472000000000042e-01,1.968399999999999928e+00,9.829474999999999740e-01,6.305345346608721285e-03,1.850587629954964231e-01
-5.498811999999999589e-01,1.969146999999999981e+00,9.835796999999999457e-01,6.327312248498662486e-03,3.441973992983874964e-01
-5.465944000000000358e-01,1.971154000000000073e+00,9.843492999999999826e-01,6.112033233711955393e-03,0.000000000000000000e+00
-5.465944000000000358e-01,1.971154000000000073e+00,9.843492999999999826e-01,6.112033233711955393e-03,2.071533588471242138e-01
-5.448925000000000018e-01,1.972183000000000019e+00,9.848666999999999838e-01,5.753236212776267205e-03,1.807437681093184978e-01
-5.431766999999999568e-01,1.973197000000000090e+00,9.853965999999999559e-01,5.776209696678261118e-03,0.000000000000000000e+00
-5.431766999999999568e-01,1.973197000000000090e+00,9.853965999999999559e-01,5.776209696678261118e-03,3.209620234249399573e-01
-5.400188000000000210e-01,1.974858999999999920e+00,9.862195999999999740e-01,5.813465101813299410e-03,1.738107859875024919e-01
-5.384478999999999793e-01,1.975802000000000058e+00,9.867082999999999826e-01,5.269568905517680452e-03,3.627467691506607306e-01
-5.350300999999999529e-01,1.977403000000000022e+00,9.878989000000000242e-01,5.317672189971945143e-03,1.469098798496906166e-01
-5.336102999999999819e-01,1.978202000000000016e+00,9.882933999999999886e-01,5.326788560662144151e-03,1.428299324318492158e-01
-5.322535000000000460e-01,1.978884000000000087e+00,9.886428999999999911e-01,5.401846926746237121e-03,0.000000000000000000e+00
-5.322535000000000460e-01,1.978884000000000087e+00,9.886428999999999911e-01,5.401846926746237121e-03,3.216794738020340994e-01
-5.290616000000000207e-01,1.980347999999999997e+00,9.897108000000000017e-01,5.700076491591953010e-03,1.707177873239023869e-01
-5.274453000000000058e-01,1.981058999999999903e+00,9.901294000000000484e-01,5.408796354088448236e-03,0.000000000000000000e+00
-5.274453000000000058e-01,1.981058999999999903e+00,9.901294000000000484e-01,5.408796354088448236e-03,1.678420937430361026e-01
-5.256733999999999574e-01,1.981667000000000067e+00,9.908270000000000133e-01,5.961589238617457168e-03,3.321754629944766446e-01
-5.225313000000000319e-01,1.982855000000000034e+00,9.916473999999999567e-01,6.117316714050241057e-03,0.000000000000000000e+00
-5.225313000000000319e-01,1.982855000000000034e+00,9.916473999999999567e-01,6.117316714050241057e-03,1.451888266308872799e-01
-5.210639999999999716e-01,1.983151000000000108e+00,9.918457999999999997e-01,6.561166912219082610e-03,2.673697036491696766e-01
-5.183012000000000175e-01,1.984234999999999971e+00,9.925517999999999841e-01,6.692103188833848325e-03,0.000000000000000000e+00
-5.183012000000000175e-01,1.984234999999999971e+00,9.925517999999999841e-01,6.692103188833848325e-03,1.422580365101958899e-01
-5.168909999999999894e-01,1.985000000000000098e+00,9.930965000000000487e-01,6.644436530662218253e-03,1.752500886397869995e-01
-5.151993999999999740e-01,1.985559000000000074e+00,9.937905999999999684e-01,6.917250927933635100e-03,3.219170404360626736e-01
-5.118873000000000451e-01,1.986498000000000097e+00,9.944855999999999696e-01,7.319168327070909447e-03,1.746995916064861820e-01
-5.101847999999999939e-01,1.987300000000000066e+00,9.947871999999999826e-01,7.508686532942942041e-03,0.000000000000000000e+00
-5.101847999999999939e-01,1.987300000000000066e+00,9.947871999999999826e-01,7.508686532942942041e-03,3.807667071066267450e-01
-5.064389999999999725e-01,1.988717999999999986e+00,9.958894999999999831e-01,7.806578879381191778e-03,1.754082924183222314e-01
-5.045644999999999714e-01,1.989403999999999950e+00,9.960352000000000094e-01,7.479002370637428086e-03,0.000000000000000000e+00
-5.045644999999999714e-01,1.989403999999999950e+00,9.960352000000000094e-01,7.479002370637428086e-03,1.823773908304352487e-01
-5.027726000000000139e-01,1.990015000000000089e+00,9.961503999999999914e-01,7.618822329599143038e-03,3.794167466016249435e-01
-4.983809000000000156e-01,1.990944999999999965e+00,9.966679000000000510e-01,8.066342767946392892e-03,0.000000000000000000e+00
-4.983809000000000156e-01,1.990944999999999965e+00,9.966679000000000510e-01,8.066342767946392892e-03,1.843658687948859232e-01
-4.964335000000000275e-01,1.991432000000000091e+00,9.967953999999999981e-01,7.837956234886669232e-03,1.939886472288897545e-01
-4.942765000000000075e-01,1.991927000000000003e+00,9.968333000000000332e-01,8.086406241341066031e-03,0.000000000000000000e+00
-4.942765000000000075e-01,1.991927000000000003e+00,9.968333000000000332e-01,8.086406241341066031e-03,3.573357447314090551e-01
-4.903812000000000171e-01,1.993120000000000003e+00,9.966698999999999975e-01,7.749784235706337274e-03,1.960747544673507037e-01
-4.882960000000000078e-01,1.993595999999999924e+00,9.967095000000000260e-01,7.464755632973095814e-03,3.484086746833632842e-01
-4.844402999999999904e-01,1.994539000000000062e+00,9.964916999999999803e-01,7.258332280214252127e-03,1.841692421985547112e-01
-4.824469000000000118e-01,1.994728999999999974e+00,9.963260999999999923e-01,7.654547945502810855e-03,0.000000000000000000e+00
-4.824469000000000118e-01,1.994728999999999974e+00,9.963260999999999923e-01,7.654547945502810855e-03,1.654814836737946993e-01
-4.805869999999999864e-01,1.995038000000000089e+00,9.962623000000000451e-01,7.484111403500137705e-03,3.539518804009570419e-01
-4.767525000000000235e-01,1.995503999999999944e+00,9.963988999999999763e-01,7.816697682525609869e-03,1.587466772534589787e-01
-4.750542999999999849e-01,1.995827999999999935e+00,9.965028000000000219e-01,7.880657907180177446e-03,0.000000000000000000e+00
-4.750542999999999849e-01,1.995827999999999935e+00,9.965028000000000219e-01,7.880657907180177446e-03,3.033914696652660337e-01
-4.717821999999999849e-01,1.996264999999999956e+00,9.967443000000000275e-01,8.004437756644833257e-03,1.277804961738157330e-01
-4.703896000000000188e-01,1.996307000000000054e+00,9.967935999999999463e-01,8.372002884017631583e-03,0.000000000000000000e+00
-4.703896000000000188e-01,1.996307000000000054e+00,9.967935999999999463e-01,8.372002884017631583e-03,1.564627604448244336e-01
-4.686836999999999809e-01,1.996310999999999947e+00,9.968546000000000351e-01,8.534496484268948649e-03,2.865424363189600920e-01
-4.653411000000000075e-01,1.996555000000000080e+00,9.974830000000000085e-01,8.974753829493137616e-03,0.000000000000000000e+00
-4.653411000000000075e-01,1.996555000000000080e+00,9.974830000000000085e-01,8.974753829493137616e-03,1.638248155541832674e-01
-4.636554999999999982e-01,1.996890999999999972e+00,9.979734000000000105e-01,8.821595169809346923e-03,1.553408433284542145e-01
-4.619192999999999771e-01,1.997177999999999898e+00,9.981849000000000416e-01,9.037724033184422676e-03,3.191575892225975153e-01
-4.583418000000000214e-01,1.997662000000000049e+00,9.986625999999999559e-01,8.981402527445057557e-03,1.810850227563707004e-01
-4.564302000000000081e-01,1.997980000000000089e+00,9.990472000000000241e-01,8.797805861122174123e-03,0.000000000000000000e+00
-4.564302000000000081e-01,1.997980000000000089e+00,9.990472000000000241e-01,8.797805861122174123e-03,3.396472073714208451e-01
-4.527360999999999747e-01,1.998264000000000040e+00,9.991092999999999780e-01,8.940935088121439514e-03,1.732966246788712195e-01
-4.508466999999999891e-01,1.998367999999999922e+00,9.991345000000000365e-01,9.030573173946565557e-03,0.000000000000000000e+00
-4.508466999999999891e-01,1.998367999999999922e+00,9.991345000000000365e-01,9.030573173946565557e-03,1.490900238007498435e-01
-4.491669999999999829e-01,1.998636999999999997e+00,9.991330999999999962e-01,8.984182723542604582e-03,3.303171956177056723e-01
-4.455850000000000088e-01,1.999001000000000028e+00,9.992887999999999771e-01,9.032587140459820765e-03,0.000000000000000000e+00
-4.455850000000000088e-01,1.999001000000000028e+00,9.992887999999999771e-01,9.032587140459820765e-03,1.667656290580862011e-01
-4.437806999999999724e-01,1.999235000000000095e+00,9.992786000000000168e-01,8.730312709175940683e-03,3.498968147587575572e-01
-4.400237000000000176e-01,1.999867000000000061e+00,9.995690999999999882e-01,8.368651591505130855e-03,0.000000000000000000e+00
-4.400237000000000176e-01,1.999867000000000061e+00,9.995690999999999882e-01,8.368651591505130855e-03,1.545743787243132328e-01
-4.383638000000000257e-01,2.000097999999999931e+00,9.997572999999999599e-01,8.320811766288391254e-03,1.622991110280286309e-01
-4.366154999999999897e-01,2.000278999999999918e+00,9.999846999999999486e-01,8.194991466133477731e-03,0.000000000000000000e+00
-4.366154999999999897e-01,2.000278999999999918e+00,9.999846999999999486e-01,8.194991466133477731e-03,3.625482211489187701e-01
-4.327349999999999808e-01,2.000402999999999931e+00,1.000741000000000103e+00,8.218817576756513865e-03,1.983614054007846461e-01
-4.306281000000000136e-01,2.000755999999999979e+00,1.001087000000000060e+00,7.877587364796477878e-03,2.088609376646087257e-01
-4.283159000000000272e-01,2.001015999999999906e+00,1.001602000000000103e+00,7.631771731387106128e-03,3.883590894191108478e-01
-4.240233999999999948e-01,2.001818999999999793e+00,1.002353999999999967e+00,6.808238717906449876e-03,1.813312678983843851e-01
-4.222322000000000020e-01,2.002120000000000122e+00,1.002868000000000093e+00,6.597059951220416406e-03,0.000000000000000000e+00
-4.222322000000000020e-01,2.002120000000000122e+00,1.002868000000000093e+00,6.597059951220416406e-03,2.992720971647655492e-01
-4.189548000000000161e-01,2.002762000000000153e+00,1.003579999999999917e+00,5.795263894767789525e-03,1.735994450698169767e-01
-4.170753999999999850e-01,2.002823999999999938e+00,1.003805999999999976e+00,5.925433466000688473e-03,0.000000000000000000e+00
-4.170753999999999850e-01,2.002823999999999938e+00,1.003805999999999976e+00,5.925433466000688473e-03,1.725529933617902800e-01
-4.151747000000000076e-01,2.003182999999999936e+00,1.004172999999999982e+00,5.227351804690485125e-03,4.323853795266170974e-01
-4.105655999999999750e-01,2.004100000000000215e+00,1.004583000000000004e+00,4.076435159548018675e-03,0.000000000000000000e+00
-4.105655999999999750e-01,2.004100000000000215e+00,1.004583000000000004e+00,4.076435159548018675e-03,2.082846934051091337e-01
-4.083447000000000049e-01,2.004598999999999798e+00,1.004618000000000011e+00,3.668774488845282476e-03,3.955984707478721329e-01
-4.040894999999999904e-01,2.005037999999999876e+00,1.005160000000000053e+00,2.938533561149175855e-03,0.000000000000000000e+00
-4.040894999999999904e-01,2.005037999999999876e+00,1.005160000000000053e+00,2.938533561149175855e-03,1.726079031636295058e-01
-4.022391000000000161e-01,2.005373000000000072e+00,1.005260000000000042e+00,2.100541170746051886e-03,1.632563181558031318e-01
-4.004846000000000239e-01,2.005495999999999945e+00,1.005541000000000018e+00,2.704424604236485910e-03,3.755078224069007264e-01
-3.962214000000000014e-01,2.005714000000000219e+00,1.005908999999999942e+00,2.295404167025894438e-03,1.874332340623859339e-01
-3.941832000000000114e-01,2.005819999999999936e+00,1.006062999999999930e+00,7.020012891727503640e-04,0.000000000000000000e+00
-3.941832000000000114e-01,2.005819999999999936e+00,1.006062999999999930e+00,7.020012891727503640e-04,2.093805983021714834e-01
-3.918292999999999915e-01,2.005802000000000085e+00,1.006470999999999894e+00,1.923367359606583055e-03,4.063273630500867650e-01
-3.872256000000000031e-01,2.006101999999999830e+00,1.006885999999999948e+00,1.712615371296064655e-03,0.000000000000000000e+00
-3.872256000000000031e-01,2.006101999999999830e+00,1.006885999999999948e+00,1.712615371296064655e-03,1.936512633501100422e-01
-3.848385999999999751e-01,2.006032999999999955e+00,1.007138000000000089e+00,1.219686849154275098e-03,4.601839430719755208e-01
-3.803314999999999890e-01,2.005908999999999942e+00,1.007851999999999970e+00,1.896189378727726861e-03,0.000000000000000000e+00
-3.803314999999999890e-01,2.005908999999999942e+00,1.007851999999999970e+00,1.896189378727726861e-03,1.960775339460814060e-01
-3.780270000000000019e-01,2.005717000000000194e+00,1.008162999999999920e+00,2.043164273865432159e-03,2.315694581235221705e-01
-3.757740999999999998e-01,2.005628999999999884e+00,1.008602999999999916e+00,2.584056802780998734e-03,0.000000000000000000e+00
-3.757740999999999998e-01,2.005628999999999884e+00,1.008602999999999916e+00,2.584056802780998734e-03,4.420829293508995450e-01
-3.710648999999999753e-01,2.005217000000000027e+00,1.009560000000000013e+00,3.389303747084437476e-03,2.118101624288153961e-01
-3.687212000000000267e-01,2.005044999999999966e+00,1.010124000000000022e+00,3.253793449191135292e-03,4.404134936321797977e-01
-3.641009000000000051e-01,2.004363999999999812e+00,1.011254000000000097e+00,3.872383560547556364e-03,1.770785086038628164e-01
-3.621762000000000037e-01,2.004020999999999830e+00,1.011764000000000108e+00,4.508400385946038230e-03,1.980734770730260552e-01
-3.600155999999999912e-01,2.003657000000000021e+00,1.012318000000000051e+00,4.428350275215333330e-03,0.000000000000000000e+00
-3.600155999999999912e-01,2.003657000000000021e+00,1.012318000000000051e+00,4.428350275215333330e-03,3.144008407124739279e-01
-3.566151000000000182e-01,2.002584000000000142e+00,1.013460999999999945e+00,4.699064908043017706e-03,1.745560712111249579e-01
-3.549978999999999774e-01,2.001952000000000176e+00,1.013997000000000037e+00,4.994216083631354552e-03,0.000000000000000000e+00
-3.549978999999999774e-01,2.001952000000000176e+00,1.013997000000000037e+00,4.994216083631354552e-03,1.424095468517101448e-01
-3.535843000000000180e-01,2.001158000000000214e+00,1.014494999999999925e+00,4.863457889197780361e-03,3.520315848978781137e-01
-3.504395000000000149e-01,1.999978999999999951e+00,1.015438999999999981e+00,5.402400970864694972e-03,0.000000000000000000e+00
-3.504395000000000149e-01,1.999978999999999951e+00,1.015438999999999981e+00,5.402400970864694972e-03,1.533321338101553966e-01
-3.487797000000000258e-01,1.999438999999999966e+00,1.015975999999999990e+00,5.280934603836685663e-03,3.330472123425117226e-01
-3.457843999999999918e-01,1.998234999999999983e+00,1.016679000000000110e+00,5.589369263163754958e-03,0.000000000000000000e+00
-3.457843999999999918e-01,1.998234999999999983e+00,1.016679000000000110e+00,5.589369263163754958e-03,1.808894144658102776e-01
-3.441000000000000170e-01,1.997494000000000103e+00,1.017392000000000074e+00,5.844134772573290025e-03,1.488622852957930953e-01
-3.426249000000000100e-01,1.996830000000000105e+00,1.017905000000000060e+00,6.359139470871934957e-03,3.024785180517297056e-01
-3.396396999999999888e-01,1.995644999999999891e+00,1.018675999999999915e+00,6.517986689921879961e-03,1.511859760795513097e-01
-3.379860000000000086e-01,1.994985000000000008e+00,1.018934000000000006e+00,6.549927991207205383e-03,0.000000000000000000e+00
-3.379860000000000086e-01,1.994985000000000008e+00,1.018934000000000006e+00,6.549927991207205383e-03,3.165408845202111743e-01
-3.346739000000000241e-01,1.993630999999999931e+00,1.019425000000000026e+00,6.785556956507044456e-03,1.530678174998223173e-01
-3.330851000000000228e-01,1.992960999999999983e+00,1.019692999999999961e+00,6.595491794400218551e-03,0.000000000000000000e+00
-3.330851000000000228e-01,1.992960999999999983e+00,1.019692999999999961e+00,6.595491794400218551e-03,1.634679228568302056e-01
-3.314523999999999804e-01,1.992296999999999985e+00,1.019965000000000011e+00,6.876008054096599022e-03,2.947820631247554668e-01
-3.281946000000000030e-01,1.991057000000000077e+00,1.020383999999999958e+00,6.841793455666289950e-03,0.000000000000000000e+00
-3.281946000000000030e-01,1.991057000000000077e+00,1.020383999999999958e+00,6.841793455666289950e-03,1.603920585755927442e-01
-3.265144999999999853e-01,1.990382000000000096e+00,1.020650000000000057e+00,7.069488581927268166e-03,1.491264421153891961e-01
-3.250117000000000145e-01,1.989584000000000019e+00,1.020658999999999983e+00,6.696728799197308041e-03,0.000000000000000000e+00
-3.250117000000000145e-01,1.989584000000000019e+00,1.020658999999999983e+00,6.696728799197308041e-03,3.274398630410156885e-01
-3.216242999999999741e-01,1.988139000000000101e+00,1.021287999999999974e+00,6.998901345211259832e-03,1.733939000869933467e-01
-3.198748000000000147e-01,1.987462999999999980e+00,1.021535000000000082e+00,7.230274579156769493e-03,2.940166652222398480e-01
-3.168888000000000260e-01,1.986016000000000004e+00,1.022029000000000076e+00,7.276713286230301371e-03,0.000000000000000000e+00
-3.168888000000000260e-01,1.986016000000000004e+00,1.022029000000000076e+00,7.276713286230301371e-03,2.329890897131042249e-01
-3.149178000000000255e-01,1.984312999999999994e+00,1.022559999999999913e+00,7.450414487798523618e-03,0.000000000000000000e+00
-3.149178000000000255e-01,1.984312999999999994e+00,1.022559999999999913e+00,7.450414487798523618e-03,2.823489449098066095e-01
-3.122461000000000264e-01,1.982561999999999935e+00,1.022955999999999976e+00,7.610585604932045868e-03,1.311991380686052533e-01
-3.109469000000000261e-01,1.981743000000000032e+00,1.023244000000000042e+00,7.533927958906943591e-03,0.000000000000000000e+00
-3.109469000000000261e-01,1.981743000000000032e+00,1.023244000000000042e+00,7.533927958906943591e-03,2.705924383186515958e-01
-3.084910000000000152e-01,1.980236000000000107e+00,1.023898999999999893e+00,8.135041644638145789e-03,1.296011164783575365e-01
-3.074955999999999801e-01,1.979114999999999958e+00,1.024261000000000088e+00,8.065227585133784641e-03,0.000000000000000000e+00
-3.074955999999999801e-01,1.979114999999999958e+00,1.024261000000000088e+00,8.065227585133784641e-03,1.509793127079910868e-01
-3.062083999999999917e-01,1.978135999999999894e+00,1.024574000000000096e+00,8.240096081964286626e-03,2.913979388034554918e-01
-3.035804999999999754e-01,1.975929999999999964e+00,1.025076000000000098e+00,8.403861660570232511e-03,0.000000000000000000e+00
-3.035804999999999754e-01,1.975929999999999964e+00,1.025076000000000098e+00,8.403861660570232511e-03,1.598397164739567555e-01
-3.020411000000000068e-01,1.974977999999999900e+00,1.025300000000000100e+00,8.683525565690609904e-03,1.530547232101353017e-01
-3.006108000000000113e-01,1.974027999999999894e+00,1.025609999999999911e+00,8.690678675454449609e-03,0.000000000000000000e+00
-3.006108000000000113e-01,1.974027999999999894e+00,1.025609999999999911e+00,8.690678675454449609e-03,3.339823157895238093e-01
-2.974731999999999932e-01,1.972323999999999966e+00,1.026337000000000055e+00,9.213052181009290242e-03,1.612068173319359254e-01
-2.958380999999999927e-01,1.971448000000000089e+00,1.026826000000000016e+00,9.485934026757691234e-03,3.860753862642562484e-01
-2.927697000000000216e-01,1.969330000000000025e+00,1.027701999999999893e+00,1.008209374534860779e-02,1.369601140351329183e-01
-2.915114999999999790e-01,1.968428000000000067e+00,1.027914999999999912e+00,1.031797988028653607e-02,0.000000000000000000e+00
-2.915114999999999790e-01,1.968428000000000067e+00,1.027914999999999912e+00,1.031797988028653607e-02,1.748928653044546921e-01
-2.900294999999999956e-01,1.967303000000000024e+00,1.028337999999999974e+00,1.051906483913836801e-02,3.347659221527508611e-01
-2.872631999999999963e-01,1.965114000000000027e+00,1.029284000000000088e+00,1.131397160549733188e-02,0.000000000000000000e+00
-2.872631999999999963e-01,1.965114000000000027e+00,1.029284000000000088e+00,1.131397160549733188e-02,1.629296157720397931e-01
-2.861111000000000071e-01,1.963991000000000042e+00,1.029821000000000097e+00,1.167774403898286413e-02,3.474831475052968521e-01
-2.837304999999999966e-01,1.961343000000000059e+00,1.031122000000000094e+00,1.286004473592539110e-02,0.000000000000000000e+00
-2.837304999999999966e-01,1.961343000000000059e+00,1.031122000000000094e+00,1.286004473592539110e-02,1.746345845697098165e-01
-2.824883000000000255e-01,1.960085000000000077e+00,1.031552999999999942e+00,1.327386352235090765e-02,1.655649894330911975e-01
-2.810881000000000074e-01,1.958889000000000102e+00,1.031967000000000079e+00,1.359963976581744609e-02,3.116839115545378958e-01
-2.785949999999999815e-01,1.956658999999999926e+00,1.033174999999999955e+00,1.475329356753947267e-02,0.000000000000000000e+00
-2.785949999999999815e-01,1.956658999999999926e+00,1.033174999999999955e+00,1.475329356753947267e-02,1.505722277546523991e-01
-2.776896999999999838e-01,1.955356000000000094e+00,1.033830000000000027e+00,1.527916260794431359e-02,1.403923301233269139e-01
-2.767905999999999977e-01,1.954186999999999896e+00,1.034459000000000017e+00,1.592405098616569981e-02,3.580109099122363858e-01
-2.744360000000000133e-01,1.951723000000000097e+00,1.035967000000000082e+00,1.731586993165518118e-02,1.564951808427744728e-01
-2.733439999999999759e-01,1.950461999999999918e+00,1.036604000000000081e+00,1.802556547490260369e-02,0.000000000000000000e+00
-2.733439999999999759e-01,1.950461999999999918e+00,1.036604000000000081e+00,1.802556547490260369e-02,3.343549949184770331e-01
-2.710845000000000060e-01,1.947969999999999979e+00,1.038014999999999910e+00,1.930977460277565061e-02,1.508013685611074572e-01
-2.700582000000000260e-01,1.946803000000000061e+00,1.038554999999999895e+00,1.988053370108543855e-02,0.000000000000000000e+00
-2.700582000000000260e-01,1.946803000000000061e+00,1.038554999999999895e+00,1.988053370108543855e-02,1.842222337715010982e-01
-2.689620999999999817e-01,1.945516999999999941e+00,1.039250999999999925e+00,2.048908110213815484e-02,3.084691135120247174e-01
-2.667207999999999801e-01,1.943086000000000091e+00,1.040456999999999965e+00,2.165720152743660573e-02,0.000000000000000000e+00
-2.667207999999999801e-01,1.943086000000000091e+00,1.040456999999999965e+00,2.165720152743660573e-02,1.955369556100527983e-01
-2.652915000000000134e-01,1.941710000000000047e+00,1.041241000000000083e+00,2.238147228155485183e-02,3.661536301375666880e-01
-2.621206999999999843e-01,1.939461000000000102e+00,1.042160999999999893e+00,2.303443174901433771e-02,0.000000000000000000e+00
-2.621206999999999843e-01,1.939461000000000102e+00,1.042160999999999893e+00,2.303443174901433771e-02,2.013133197263805296e-01
-2.602863000000000260e-01,1.938309999999999977e+00,1.042526999999999981e+00,2.327215337608443124e-02,1.902731678248181513e-01
-2.586915000000000187e-01,1.937195000000000000e+00,1.042907000000000028e+00,2.350702128811730726e-02,3.552070668051883762e-01
-2.550825999999999927e-01,1.935108000000000050e+00,1.043604999999999894e+00,2.392420822117204138e-02,2.016092467924833764e-01
-2.533169000000000115e-01,1.934023999999999965e+00,1.043951999999999991e+00,2.423078162173065639e-02,0.000000000000000000e+00
-2.533169000000000115e-01,1.934023999999999965e+00,1.043951999999999991e+00,2.423078162173065639e-02,1.602144765408391458e-01
-2.516958999999999724e-01,1.933184000000000013e+00,1.044043999999999972e+00,2.415246378736544269e-02,4.224735214871714883e-01
-2.478805000000000036e-01,1.931003999999999943e+00,1.044307000000000096e+00,2.424777651435296860e-02,0.000000000000000000e+00
-2.478805000000000036e-01,1.931003999999999943e+00,1.044307000000000096e+00,2.424777651435296860e-02,1.817549778465281096e-01
-2.460167000000000048e-01,1.929907999999999957e+00,1.044251999999999958e+00,2.420973354686086973e-02,4.391077242868708375e-01
-2.422632999999999870e-01,1.927701000000000109e+00,1.044375000000000053e+00,2.427000500947619141e-02,0.000000000000000000e+00
-2.422632999999999870e-01,1.927701000000000109e+00,1.044375000000000053e+00,2.427000500947619141e-02,1.971690819658359628e-01
-2.403032999999999975e-01,1.926423999999999914e+00,1.044556000000000040e+00,2.439542845370835933e-02,1.998889416288470444e-01
-2.386668000000000123e-01,1.925135999999999958e+00,1.044591999999999965e+00,2.449630045721189545e-02,3.553219466459035525e-01
-2.356128999999999862e-01,1.922752999999999934e+00,1.044742000000000060e+00,2.466307030379632712e-02,0.000000000000000000e+00
-2.356128999999999862e-01,1.922752999999999934e+00,1.044742000000000060e+00,2.466307030379632712e-02,1.707028671328407188e-01
-2.342242999999999964e-01,1.921513999999999944e+00,1.044813999999999909e+00,2.477510509846516870e-02,3.384029960416985450e-01
-2.315310999999999897e-01,1.918989000000000056e+00,1.044775000000000009e+00,2.485283829746624124e-02,1.561951708871626709e-01
-2.303288000000000002e-01,1.917569999999999997e+00,1.044813999999999909e+00,2.482714506845278696e-02,1.825528766883398601e-01
-2.289953000000000127e-01,1.916217000000000059e+00,1.044866000000000072e+00,2.497079201787576197e-02,0.000000000000000000e+00
-2.289953000000000127e-01,1.916217000000000059e+00,1.044866000000000072e+00,2.497079201787576197e-02,3.339609414578257884e-01
-2.265491000000000033e-01,1.913299000000000083e+00,1.045010999999999912e+00,2.515471921946250966e-02,1.989720614326076220e-01
-2.250720999999999972e-01,1.911847000000000074e+00,1.044987000000000110e+00,2.521535994765891284e-02,0.000000000000000000e+00
-2.250720999999999972e-01,1.911847000000000074e+00,1.044987000000000110e+00,2.521535994765891284e-02,1.808476475737460787e-01
-2.236783999999999994e-01,1.910330000000000084e+00,1.045106000000000090e+00,2.537612628042349577e-02,3.936889142889456461e-01
-2.208612000000000075e-01,1.907350000000000101e+00,1.045215000000000005e+00,2.564073166682268728e-02,0.000000000000000000e+00
-2.208612000000000075e-01,1.907350000000000101e+00,1.045215000000000005e+00,2.564073166682268728e-02,1.688084312683918453e-01
-2.195641999999999872e-01,1.905933000000000099e+00,1.045355999999999952e+00,2.594752462355498848e-02,3.958642622487976714e-01
-2.166337999999999875e-01,1.902767000000000097e+00,1.045560000000000045e+00,2.636753200453157558e-02,0.000000000000000000e+00
-2.166337999999999875e-01,1.902767000000000097e+00,1.045560000000000045e+00,2.636753200453157558e-02,1.917942955555483886e-01
-2.153105999999999909e-01,1.901148000000000060e+00,1.045641000000000043e+00,2.646629680726039768e-02,1.984179534034304082e-01
-2.140094999999999914e-01,1.899418999999999969e+00,1.045701999999999909e+00,2.668961753266604550e-02,0.000000000000000000e+00
-2.140094999999999914e-01,1.899418999999999969e+00,1.045701999999999909e+00,2.668961753266604550e-02,6.120477692904600087e-01
-2.094793000000000072e-01,1.893723999999999963e+00,1.045396999999999910e+00,2.675678086186748100e-02,0.000000000000000000e+00
-2.094793000000000072e-01,1.893723999999999963e+00,1.045396999999999910e+00,2.675678086186748100e-02,4.249373101464387625e-01
-2.064447000000000088e-01,1.890238000000000085e+00,1.045034000000000018e+00,2.677908098143038512e-02,1.699587446543940061e-01
-2.053328000000000098e-01,1.888557000000000041e+00,1.044864999999999933e+00,2.680931998093189286e-02,0.000000000000000000e+00
-2.053328000000000098e-01,1.888557000000000041e+00,1.044864999999999933e+00,2.680931998093189286e-02,1.897697249992659485e-01
-2.041030000000000066e-01,1.886778999999999984e+00,1.044743999999999895e+00,2.676862484327485400e-02,3.642533643077145999e-01
-2.021832000000000074e-01,1.883111999999999897e+00,1.045120000000000049e+00,2.733575279903587354e-02,0.000000000000000000e+00
-2.021832000000000074e-01,1.883111999999999897e+00,1.045120000000000049e+00,2.733575279903587354e-02,1.852636954642921108e-01
-2.011030000000000040e-01,1.881294999999999940e+00,1.045123000000000024e+00,2.753740381753509714e-02,1.459817610367770691e-01
-2.002841999999999956e-01,1.879856999999999889e+00,1.045299999999999896e+00,2.777885077698478977e-02,3.649197286538451990e-01
-1.988920999999999883e-01,1.876319999999999988e+00,1.045198999999999989e+00,2.787206155202729893e-02,0.000000000000000000e+00
-1.988920999999999883e-01,1.876319999999999988e+00,1.045198999999999989e+00,2.787206155202729893e-02,1.593223882412763137e-01
-1.986209999999999920e-01,1.874524999999999997e+00,1.045102999999999893e+00,2.773782009260990222e-02,3.633025297914988516e-01
-1.979288999999999910e-01,1.870659000000000072e+00,1.044569000000000081e+00,2.732251809478777882e-02,0.000000000000000000e+00
-1.979288999999999910e-01,1.870659000000000072e+00,1.044569000000000081e+00,2.732251809478777882e-02,3.441900303455493471e-01
-1.968798999999999966e-01,1.866600000000000037e+00,1.043768999999999947e+00,2.676823259481271589e-02,0.000000000000000000e+00
-1.968798999999999966e-01,1.866600000000000037e+00,1.043768999999999947e+00,2.676823259481271589e-02,3.789315306275264361e-01
-1.956181999999999921e-01,1.862754999999999939e+00,1.042923000000000044e+00,2.624537796279572191e-02,1.711285246006200300e-01
-1.953988000000000114e-01,1.860651999999999973e+00,1.042743999999999893e+00,2.617448781256273213e-02,0.000000000000000000e+00
-1.953988000000000114e-01,1.860651999999999973e+00,1.042743999999999893e+00,2.617448781256273213e-02,3.645495147862362617e-01
-1.951168000000000069e-01,1.856599000000000110e+00,1.041852000000000000e+00,2.559895732251611308e-02,1.954509153166834323e-01
-1.951145999999999991e-01,1.854400000000000048e+00,1.041481000000000101e+00,2.552899058795718087e-02,0.000000000000000000e+00
-1.951145999999999991e-01,1.854400000000000048e+00,1.041481000000000101e+00,2.552899058795718087e-02,1.983859468526334713e-01
-1.948768999999999918e-01,1.852189000000000085e+00,1.041058000000000039e+00,2.527091251933744065e-02,4.461620911571130832e-01
-1.934484999999999955e-01,1.847499999999999920e+00,1.039684000000000053e+00,2.447936547380276731e-02,0.000000000000000000e+00
-1.934484999999999955e-01,1.847499999999999920e+00,1.039684000000000053e+00,2.447936547380276731e-02,2.081746582797108502e-01
-1.926242999999999983e-01,1.845539000000000041e+00,1.038626999999999967e+00,2.371626011495072198e-02,2.101946200907577611e-01
-1.916288999999999909e-01,1.843544999999999989e+00,1.037741000000000025e+00,2.304622204961162893e-02,0.000000000000000000e+00
-1.916288999999999909e-01,1.843544999999999989e+00,1.037741000000000025e+00,2.304622204961162893e-02,4.166810691177568748e-01
-1.901773999999999964e-01,1.839625000000000066e+00,1.035954000000000041e+00,2.179083637885427180e-02,2.061396134908043964e-01
-1.897926000000000057e-01,1.837450999999999945e+00,1.035142999999999924e+00,2.132475071390033117e-02,4.338061655766017322e-01
-1.887307000000000012e-01,1.833082000000000100e+00,1.033665000000000056e+00,2.048906833801884472e-02,2.452246803038168610e-01
-1.878448000000000062e-01,1.830648999999999971e+00,1.032982000000000067e+00,2.020491938241792892e-02,0.000000000000000000e+00
-1.878448000000000062e-01,1.830648999999999971e+00,1.032982000000000067e+00,2.020491938241792892e-02,2.267783054064534121e-01
-1.871710000000000040e-01,1.828467999999999982e+00,1.032370999999999928e+00,1.986309171705137946e-02,4.378812439139469492e-01
-1.852054999999999951e-01,1.824225999999999903e+00,1.031388999999999889e+00,1.949671808920669727e-02,0.000000000000000000e+00
-1.852054999999999951e-01,1.824225999999999903e+00,1.031388999999999889e+00,1.949671808920669727e-02,2.080746651796071267e-01
-1.844851999999999881e-01,1.822232999999999992e+00,1.030575000000000019e+00,1.910336586808731446e-02,4.004017386690549296e-01
-1.832172999999999996e-01,1.818515000000000104e+00,1.028655000000000097e+00,1.782369291392791114e-02,1.912668530751944485e-01
-1.823990000000000056e-01,1.816530999999999896e+00,1.027897000000000061e+00,1.726619222642919449e-02,0.000000000000000000e+00
-1.823990000000000056e-01,1.816530999999999896e+00,1.027897000000000061e+00,1.726619222642919449e-02,1.831259583829646098e-01
-1.818593000000000015e-01,1.814699000000000062e+00,1.027053999999999911e+00,1.686940868228634788e-02,3.229196579110334975e-01
-1.806995999999999880e-01,1.811568000000000067e+00,1.025495999999999963e+00,1.578677468927705552e-02,0.000000000000000000e+00
-1.806995999999999880e-01,1.811568000000000067e+00,1.025495999999999963e+00,1.578677468927705552e-02,1.687772305639430037e-01
-1.801066000000000056e-01,1.810087999999999919e+00,1.024415999999999993e+00,1.497706526292791850e-02,1.381238900328104480e-01
-1.797739999999999894e-01,1.808845999999999954e+00,1.023506999999999945e+00,1.425021524363758070e-02,3.322314220973806020e-01
-1.788094000000000072e-01,1.806194000000000077e+00,1.021227000000000107e+00,1.251957673445884892e-02,1.350015928172660917e-01
-1.787549999999999972e-01,1.804983999999999922e+00,1.020388999999999990e+00,1.188171141923591648e-02,0.000000000000000000e+00
-1.787549999999999972e-01,1.804983999999999922e+00,1.020388999999999990e+00,1.188171141923591648e-02,2.363167615382416875e-01
-1.788034000000000012e-01,1.802662999999999904e+00,1.019568000000000030e+00,1.162375345961881232e-02,1.150046937911353984e-01
-1.787658000000000025e-01,1.801533000000000051e+00,1.019023999999999930e+00,1.121446109315991577e-02,0.000000000000000000e+00
-1.787658000000000025e-01,1.801533000000000051e+00,1.019023999999999930e+00,1.121446109315991577e-02,1.258928128104034594e-01
-1.785647999999999957e-01,1.800278999999999963e+00,1.018501000000000101e+00,1.097783874038971846e-02,2.529148234009052643e-01
-1.775439000000000045e-01,1.798008999999999968e+00,1.017309999999999937e+00,1.019635091589147710e-02,0.000000000000000000e+00
-1.775439000000000045e-01,1.798008999999999968e+00,1.017309999999999937e+00,1.019635091589147710e-02,1.122334915801184441e-01
-1.770770999999999873e-01,1.797045999999999921e+00,1.016715000000000035e+00,9.775279036426685886e-03,1.890033465015560632e-01
-1.761475000000000124e-01,1.795311000000000101e+00,1.015833999999999904e+00,9.437708896231036815e-03,0.000000000000000000e+00
-1.761475000000000124e-01,1.795311000000000101e+00,1.015833999999999904e+00,9.437708896231036815e-03,1.155621943093845250e-01
-1.754563000000000095e-01,1.794338999999999906e+00,1.015676999999999941e+00,9.361038885187867795e-03,1.018611643868734123e-01
-1.749007999999999952e-01,1.793414000000000064e+00,1.015244999999999953e+00,9.142041312529665398e-03,0.000000000000000000e+00
-1.749007999999999952e-01,1.793414000000000064e+00,1.015244999999999953e+00,9.142041312529665398e-03,3.435728749513649594e-01
-1.732659000000000005e-01,1.790257999999999905e+00,1.014817000000000080e+00,9.588485457046999963e-03,0.000000000000000000e+00
-1.732659000000000005e-01,1.790257999999999905e+00,1.014817000000000080e+00,9.588485457046999963e-03,8.332668306700079242e-02
-1.728618000000000099e-01,1.789403000000000077e+00,1.014915000000000012e+00,9.904174486043762493e-03,1.948695439982280619e-01
-1.717477000000000031e-01,1.787600000000000078e+00,1.015082000000000040e+00,1.087031617571452766e-02,0.000000000000000000e+00
-1.717477000000000031e-01,1.787600000000000078e+00,1.015082000000000040e+00,1.087031617571452766e-02,7.760495625775110096e-02
-1.714334000000000136e-01,1.786777000000000060e+00,1.015163000000000038e+00,1.105225989741466172e-02,2.071053076534191961e-01
-1.705319999999999891e-01,1.784713999999999912e+00,1.015377999999999892e+00,1.180496264119450071e-02,7.232398757008816348e-02
-1.703115000000000046e-01,1.783924000000000065e+00,1.015468999999999955e+00,1.215221020267499320e-02,0.000000000000000000e+00
-1.703115000000000046e-01,1.783924000000000065e+00,1.015468999999999955e+00,1.215221020267499320e-02,9.464441509503807026e-02
-1.701534000000000102e-01,1.782950999999999953e+00,1.015439999999999898e+00,1.239027901219320188e-02,1.469214058487507413e-01
-1.699444999999999983e-01,1.781290000000000040e+00,1.015527999999999986e+00,1.265996905248972099e-02,0.000000000000000000e+00
-1.699444999999999983e-01,1.781290000000000040e+00,1.015527999999999986e+00,1.265996905248972099e-02,7.236270775687798917e-02
-1.698295999999999972e-01,1.780510999999999955e+00,1.015471000000000013e+00,1.277596915462770634e-02,1.673382692966291496e-01
-1.693429999999999935e-01,1.778670999999999891e+00,1.015319000000000083e+00,1.325315305276452034e-02,0.000000000000000000e+00
-1.693429999999999935e-01,1.778670999999999891e+00,1.015319000000000083e+00,1.325315305276452034e-02,1.393116053938408816e-01
-1.688349000000000100e-01,1.777328999999999937e+00,1.014817999999999998e+00,1.306319060605025222e-02,0.000000000000000000e+00
-1.688349000000000100e-01,1.777328999999999937e+00,1.014817999999999998e+00,1.306319060605025222e-02,6.689486884154283164e-02
-1.686358000000000024e-01,1.776812999999999976e+00,1.014291999999999971e+00,1.273809173306579036e-02,3.980720657847780508e-02
-1.688244000000000133e-01,1.776906000000000097e+00,1.013911999999999924e+00,1.230462441360960155e-02,0.000000000000000000e+00
-1.688244000000000133e-01,1.776906000000000097e+00,1.013911999999999924e+00,1.230462441360960155e-02,5.776604730528361875e-02
-1.693041000000000129e-01,1.777077999999999935e+00,1.013493999999999895e+00,1.170859521420044257e-02,1.313342197362520891e-01
-1.696427000000000074e-01,1.777506000000000030e+00,1.012239000000000111e+00,1.037473062831038503e-02,0.000000000000000000e+00
-1.696427000000000074e-01,1.777506000000000030e+00,1.012239000000000111e+00,1.037473062831038503e-02,1.107294462946796926e-01
-1.701642999999999906e-01,1.777948000000000084e+00,1.011242999999999892e+00,9.208231765653912548e-03,0.000000000000000000e+00
