-4.605388999999999733e-01,1.772339000000000109e+00,7.654492000000000518e-01,3.463299478820781180e-03,4.659234323363747182e-02
-4.607192999999999983e-01,1.772215000000000096e+00,7.649397999999999476e-01,3.364903713332709559e-03,0.000000000000000000e+00
-4.607192999999999983e-01,1.772215000000000096e+00,7.649397999999999476e-01,3.364903713332709559e-03,1.137545556410755887e-01
-4.607707999999999804e-01,1.771708000000000061e+00,7.637460999999999833e-01,3.766083432426890233e-03,2.710436137271925172e-02
-4.609431999999999974e-01,1.771787000000000001e+00,7.634851999999999750e-01,3.789620309476958004e-03,0.000000000000000000e+00
-4.609431999999999974e-01,1.771787000000000001e+00,7.634851999999999750e-01,3.789620309476958004e-03,2.654051243949277772e-02
-4.611398999999999915e-01,1.771997999999999962e+00,7.635102999999999751e-01,3.646242247849177439e-03,7.748716672847283382e-02
-4.615772000000000208e-01,1.772736000000000089e+00,7.632963000000000386e-01,3.665618247990372856e-03,0.000000000000000000e+00
-4.615772000000000208e-01,1.772736000000000089e+00,7.632963000000000386e-01,3.665618247990372856e-03,2.320349934176325901e-02
-4.617938999999999794e-01,1.772672999999999943e+00,7.634109999999999507e-01,3.429186760735010442e-03,8.168080726456071472e-02
-4.626560000000000117e-01,1.773058999999999941e+00,7.636437000000000364e-01,2.980675423456851519e-03,0.000000000000000000e+00
-4.626560000000000117e-01,1.773058999999999941e+00,7.636437000000000364e-01,2.980675423456851519e-03,5.838098372786133111e-02
-4.632474999999999787e-01,1.772875999999999896e+00,7.637931000000000026e-01,2.571865791599512938e-03,5.923190046960382510e-02
-4.637999999999999901e-01,1.772699999999999942e+00,7.641949000000000103e-01,2.065421143495890961e-03,1.939313161172864231e-01
-4.651352999999999738e-01,1.772367000000000026e+00,7.656745999999999830e-01,1.546353297277168470e-03,7.607423328867038426e-02
-4.656293000000000237e-01,1.772345999999999977e+00,7.663431000000000548e-01,2.007300617745147193e-03,0.000000000000000000e+00
-4.656293000000000237e-01,1.772345999999999977e+00,7.663431000000000548e-01,2.007300617745147193e-03,9.747149244546884916e-02
-4.661405000000000132e-01,1.772173999999999916e+00,7.672596000000000416e-01,2.743554081843471715e-03,4.941499509831482478e-02
-4.665235999999999827e-01,1.772176999999999891e+00,7.676389000000000129e-01,3.257609157035217581e-03,0.000000000000000000e+00
-4.665235999999999827e-01,1.772176999999999891e+00,7.676389000000000129e-01,3.257609157035217581e-03,3.050972133927829302e-02
-4.664892999999999956e-01,1.771980000000000111e+00,7.679049999999999487e-01,3.348608331829771006e-03,7.437568369159218429e-02
-4.657047000000000270e-01,1.771951000000000054e+00,7.681099000000000121e-01,2.927254619946832812e-03,0.000000000000000000e+00
-4.657047000000000270e-01,1.771951000000000054e+00,7.681099000000000121e-01,2.927254619946832812e-03,3.981900085737587885e-02
-4.657450000000000201e-01,1.772145999999999999e+00,7.684959999999999569e-01,3.287747844649844143e-03,5.511046891244967411e-02
-4.657148999999999872e-01,1.772531999999999996e+00,7.689559999999999729e-01,3.737837776041061637e-03,0.000000000000000000e+00
-4.657148999999999872e-01,1.772531999999999996e+00,7.689559999999999729e-01,3.737837776041061637e-03,2.377433460159624201e-01
-4.645267000000000146e-01,1.774653999999999954e+00,7.698576000000000308e-01,4.013198366639752351e-03,1.089186144097529646e-01
-4.642370000000000108e-01,1.775722000000000023e+00,7.702906000000000475e-01,4.204621081619624653e-03,2.538497875069067322e-01
-4.633067000000000157e-01,1.778335999999999917e+00,7.711219000000000268e-01,4.748741316391113729e-03,1.324571024814710785e-01
-4.630336999999999925e-01,1.779690999999999912e+00,7.715435000000000487e-01,4.888868549061216838e-03,1.363552059963389351e-01
-4.626495999999999942e-01,1.781053999999999915e+00,7.720036999999999594e-01,5.453601989511039708e-03,0.000000000000000000e+00
-4.626495999999999942e-01,1.781053999999999915e+00,7.720036999999999594e-01,5.453601989511039708e-03,3.205376604764662019e-01
-4.623859000000000163e-01,1.784073000000000020e+00,7.737488000000000143e-01,6.572138508126578946e-03,2.083442672735531798e-01
-4.621422000000000030e-01,1.785943999999999976e+00,7.750164000000000497e-01,7.608630494379473898e-03,0.000000000000000000e+00
-4.621422000000000030e-01,1.785943999999999976e+00,7.750164000000000497e-01,7.608630494379473898e-03,4.673902637218003697e-01
-4.614004999999999912e-01,1.789927999999999964e+00,7.777091000000000420e-01,9.577491712343132874e-03,2.586447005434571733e-01
-4.607098000000000027e-01,1.792404000000000108e+00,7.788794999999999469e-01,1.040891120386756678e-02,0.000000000000000000e+00
-4.607098000000000027e-01,1.792404000000000108e+00,7.788794999999999469e-01,1.040891120386756678e-02,2.449879631834466220e-01
-4.601935999999999805e-01,1.794715000000000060e+00,7.801244000000000511e-01,1.104139042693451020e-02,5.104066295496213490e-01
-4.592437999999999798e-01,1.799641000000000046e+00,7.825414000000000536e-01,1.255639728106755157e-02,0.000000000000000000e+00
-4.592437999999999798e-01,1.799641000000000046e+00,7.825414000000000536e-01,1.255639728106755157e-02,2.546778334100473495e-01
-4.587338000000000249e-01,1.802265000000000006e+00,7.836743999999999932e-01,1.300000965384259799e-02,2.700844181058221771e-01
-4.582086000000000214e-01,1.804816999999999894e+00,7.847382999999999997e-01,1.347910778278743095e-02,0.000000000000000000e+00
-4.582086000000000214e-01,1.804816999999999894e+00,7.847382999999999997e-01,1.347910778278743095e-02,8.869196720157715985e-01
-4.563973000000000058e-01,1.813280000000000003e+00,7.879800000000000137e-01,1.451621026060180737e-02,0.000000000000000000e+00
-4.563973000000000058e-01,1.813280000000000003e+00,7.879800000000000137e-01,1.451621026060180737e-02,5.354119000759420821e-01
-4.550073000000000034e-01,1.819048999999999916e+00,7.903289000000000009e-01,1.524112644721519090e-02,3.002656201058439556e-01
-4.544853999999999838e-01,1.821952999999999934e+00,7.913518000000000496e-01,1.543139591871075383e-02,0.000000000000000000e+00
-4.544853999999999838e-01,1.821952999999999934e+00,7.913518000000000496e-01,1.543139591871075383e-02,2.521070503458962553e-01
-4.538414000000000059e-01,1.824766000000000110e+00,7.921810999999999714e-01,1.528234329577764054e-02,5.802510013505198794e-01
-4.530159999999999743e-01,1.830209999999999892e+00,7.946649000000000074e-01,1.591631315034994221e-02,0.000000000000000000e+00
-4.530159999999999743e-01,1.830209999999999892e+00,7.946649000000000074e-01,1.591631315034994221e-02,2.562009362906986221e-01
-4.524016000000000148e-01,1.832894000000000023e+00,7.956467000000000400e-01,1.600814847195019403e-02,2.920119831470545657e-01
-4.518005999999999966e-01,1.835580999999999907e+00,7.969418999999999809e-01,1.622097329447287628e-02,0.000000000000000000e+00
-4.518005999999999966e-01,1.835580999999999907e+00,7.969418999999999809e-01,1.622097329447287628e-02,4.830550783599940057e-01
-4.512758000000000047e-01,1.840756000000000059e+00,7.987644999999999884e-01,1.610543289824891908e-02,2.403290917361073087e-01
-4.509160999999999864e-01,1.843131000000000075e+00,7.998157000000000183e-01,1.612374614815053134e-02,4.904098877898618314e-01
-4.505565000000000264e-01,1.848197000000000090e+00,8.015141999999999545e-01,1.575021973941949718e-02,0.000000000000000000e+00
-4.505565000000000264e-01,1.848197000000000090e+00,8.015141999999999545e-01,1.575021973941949718e-02,4.478930412517789783e-01
-4.502275000000000027e-01,1.852883999999999975e+00,8.028726000000000473e-01,1.498187173486681574e-02,0.000000000000000000e+00
-4.502275000000000027e-01,1.852883999999999975e+00,8.028726000000000473e-01,1.498187173486681574e-02,3.761047475820483155e-01
-4.499419000000000057e-01,1.857169000000000070e+00,8.041331999999999924e-01,1.426190296138623442e-02,1.849274818195281722e-01
-4.500811000000000117e-01,1.859078999999999926e+00,8.043466999999999700e-01,1.366371454070959730e-02,0.000000000000000000e+00
-4.500811000000000117e-01,1.859078999999999926e+00,8.043466999999999700e-01,1.366371454070959730e-02,3.624215812473973175e-01
-4.495565999999999729e-01,1.862706999999999891e+00,8.058859000000000439e-01,1.341353147534244880e-02,2.278538431128170894e-01
-4.498059999999999836e-01,1.865140000000000020e+00,8.063310000000000199e-01,1.260307428844248401e-02,0.000000000000000000e+00
-4.498059999999999836e-01,1.865140000000000020e+00,8.063310000000000199e-01,1.260307428844248401e-02,1.981532332086833048e-01
-4.501685999999999743e-01,1.867332999999999910e+00,8.071182000000000079e-01,1.240358635556671439e-02,4.474004251565859569e-01
-4.501915000000000222e-01,1.871561999999999948e+00,8.090692000000000439e-01,1.202459322056263248e-02,0.000000000000000000e+00
-4.501915000000000222e-01,1.871561999999999948e+00,8.090692000000000439e-01,1.202459322056263248e-02,1.806577515220918195e-01
-4.503729000000000204e-01,1.873448999999999920e+00,8.100832000000000033e-01,1.189493939286789988e-02,3.504940301183512852e-01
-4.507755999999999985e-01,1.876924000000000037e+00,8.111321000000000225e-01,1.107482747540568420e-02,0.000000000000000000e+00
-4.507755999999999985e-01,1.876924000000000037e+00,8.111321000000000225e-01,1.107482747540568420e-02,1.450232829287170511e-01
-4.512241000000000168e-01,1.878411000000000053e+00,8.116986999999999952e-01,1.098646739038532626e-02,1.772527435269520002e-01
-4.513843000000000161e-01,1.880063999999999957e+00,8.125069000000000319e-01,1.075300717241461576e-02,3.335705542934370160e-01
-4.516046000000000227e-01,1.883578999999999892e+00,8.139497999999999456e-01,1.022627489802615391e-02,1.792163606174134172e-01
-4.514543999999999779e-01,1.885361000000000065e+00,8.149378000000000455e-01,1.010367078095874942e-02,0.000000000000000000e+00
-4.514543999999999779e-01,1.885361000000000065e+00,8.149378000000000455e-01,1.010367078095874942e-02,1.777067583376477078e-01
-4.514425000000000243e-01,1.887145999999999990e+00,8.156944000000000417e-01,9.780482244245472870e-03,2.984836061108048777e-01
-4.512965999999999922e-01,1.890344999999999942e+00,8.168537999999999633e-01,9.115945480310871235e-03,0.000000000000000000e+00
-4.512965999999999922e-01,1.890344999999999942e+00,8.168537999999999633e-01,9.115945480310871235e-03,1.627594798535821341e-01
-4.513595000000000246e-01,1.892039000000000026e+00,8.173825999999999592e-01,8.450801396909015176e-03,2.870576636638844659e-01
-4.507939999999999725e-01,1.894962999999999953e+00,8.187457000000000207e-01,7.876133663797286674e-03,0.000000000000000000e+00
-4.507939999999999725e-01,1.894962999999999953e+00,8.187457000000000207e-01,7.876133663797286674e-03,1.439500133429021667e-01
-4.504777999999999838e-01,1.896455999999999920e+00,8.191165000000000251e-01,7.211957216317988438e-03,1.387704135165664099e-01
-4.500705999999999873e-01,1.897998999999999992e+00,8.195464999999999556e-01,6.876699130396772379e-03,3.138683728445522125e-01
-4.493600999999999845e-01,1.901065999999999923e+00,8.204207000000000027e-01,5.499439703278881375e-03,0.000000000000000000e+00
-4.493600999999999845e-01,1.901065999999999923e+00,8.204207000000000027e-01,5.499439703278881375e-03,1.373523196647722655e-01
-4.493511000000000033e-01,1.902568999999999955e+00,8.210663999999999740e-01,5.372906986911370544e-03,3.562505175488254183e-01
-4.493815999999999922e-01,1.905724999999999891e+00,8.230136999999999592e-01,5.100520554806148819e-03,1.692325993449706745e-01
-4.493704000000000032e-01,1.907326000000000077e+00,8.240931999999999702e-01,4.600715161798193779e-03,1.921468932688567000e-01
-4.491419999999999857e-01,1.909056000000000086e+00,8.254204000000000541e-01,4.931057184823593037e-03,0.000000000000000000e+00
-4.491419999999999857e-01,1.909056000000000086e+00,8.254204000000000541e-01,4.931057184823593037e-03,3.097627666565291871e-01
-4.490990999999999733e-01,1.912201999999999957e+00,8.270239000000000340e-01,4.006893222934805252e-03,1.514708747889831064e-01
-4.489386000000000210e-01,1.913661000000000056e+00,8.279362999999999584e-01,3.844284824255240346e-03,0.000000000000000000e+00
-4.489386000000000210e-01,1.913661000000000056e+00,8.279362999999999584e-01,3.844284824255240346e-03,1.256382494284452866e-01
-4.489129000000000036e-01,1.915008000000000044e+00,8.284262000000000015e-01,3.133463554918046370e-03,3.237704165799030753e-01
-4.487151999999999807e-01,1.918172999999999906e+00,8.303148000000000195e-01,2.613344694065546873e-03,0.000000000000000000e+00
-4.487151999999999807e-01,1.918172999999999906e+00,8.303148000000000195e-01,2.613344694065546873e-03,1.638153573492575343e-01
-4.487308999999999881e-01,1.919826999999999950e+00,8.311817000000000233e-01,2.516255243412394635e-03,3.613086500811627522e-01
-4.488590000000000080e-01,1.923205000000000053e+00,8.335413000000000405e-01,2.060577176424207343e-03,0.000000000000000000e+00
-4.488590000000000080e-01,1.923205000000000053e+00,8.335413000000000405e-01,2.060577176424207343e-03,1.864835571536880843e-01
-4.489851000000000258e-01,1.924889999999999990e+00,8.346744999999999859e-01,1.695536316331800039e-03,1.734056593856795891e-01
-4.489664999999999906e-01,1.926460999999999979e+00,8.358771000000000395e-01,1.556793139758838726e-03,0.000000000000000000e+00
-4.489664999999999906e-01,1.926460999999999979e+00,8.358771000000000395e-01,1.556793139758838726e-03,4.490400050935688947e-01
-4.489178999999999808e-01,1.930703999999999976e+00,8.383254999999999457e-01,1.632508793238220948e-03,0.000000000000000000e+00
-4.489178999999999808e-01,1.930703999999999976e+00,8.383254999999999457e-01,1.632508793238220948e-03,1.853308353354190530e-01
-4.489038000000000195e-01,1.932168000000000108e+00,8.395820000000000505e-01,1.069926025480205526e-03,3.666530772128867577e-01
-4.497136999999999940e-01,1.935176000000000007e+00,8.423743999999999676e-01,9.506630580810980112e-04,0.000000000000000000e+00
-4.497136999999999940e-01,1.935176000000000007e+00,8.423743999999999676e-01,9.506630580810980112e-04,2.287020623658763407e-01
-4.497707000000000233e-01,1.936757999999999980e+00,8.441526999999999781e-01,1.474429225157937841e-03,4.245704933250315505e-01
-4.504075000000000162e-01,1.939867999999999926e+00,8.478118999999999517e-01,2.084984700183604035e-03,0.000000000000000000e+00
-4.504075000000000162e-01,1.939867999999999926e+00,8.478118999999999517e-01,2.084984700183604035e-03,2.128164687341309314e-01
-4.501382999999999912e-01,1.941313999999999984e+00,8.496084000000000414e-01,3.001274562582104339e-04,1.797767111541770102e-01
-4.503071000000000157e-01,1.942846000000000073e+00,8.508213999999999499e-01,2.041173341487657888e-03,3.287307188286316961e-01
-4.507411000000000056e-01,1.945214999999999916e+00,8.536968999999999808e-01,1.584849182098928104e-03,0.000000000000000000e+00
-4.507411000000000056e-01,1.945214999999999916e+00,8.536968999999999808e-01,1.584849182098928104e-03,1.953090514452978654e-01
-4.511770999999999976e-01,1.946315999999999935e+00,8.554707000000000283e-01,9.939616692811186101e-04,4.028535281769453080e-01
-4.516644000000000214e-01,1.948841999999999963e+00,8.595159999999999467e-01,1.439743164595641209e-03,0.000000000000000000e+00
-4.516644000000000214e-01,1.948841999999999963e+00,8.595159999999999467e-01,1.439743164595641209e-03,3.599126642599179138e-01
-4.522268999999999872e-01,1.951468999999999898e+00,8.626171000000000255e-01,1.617859477828743940e-03,0.000000000000000000e+00
-4.522268999999999872e-01,1.951468999999999898e+00,8.626171000000000255e-01,1.617859477828743940e-03,3.885995895114667253e-01
-4.526935000000000264e-01,1.954040999999999917e+00,8.657095000000000207e-01,1.751526936704164098e-03,1.804003878101334557e-01
-4.532751999999999892e-01,1.955195000000000016e+00,8.673115999999999604e-01,2.690593475425037250e-03,0.000000000000000000e+00
-4.532751999999999892e-01,1.955195000000000016e+00,8.673115999999999604e-01,2.690593475425037250e-03,2.324093381315642248e-01
-4.535197999999999730e-01,1.956336999999999993e+00,8.694304000000000476e-01,2.409106342609182178e-03,4.473487411617050324e-01
-4.543756999999999935e-01,1.958585000000000020e+00,8.739324000000000536e-01,3.401255371182848077e-03,0.000000000000000000e+00
-4.543756999999999935e-01,1.958585000000000020e+00,8.739324000000000536e-01,3.401255371182848077e-03,2.491837688492339886e-01
-4.545188000000000006e-01,1.959937000000000040e+00,8.762866000000000266e-01,3.593144324961129992e-03,4.352805179887537790e-01
-4.552075999999999900e-01,1.962601999999999958e+00,8.801565000000000083e-01,3.737011723289087629e-03,0.000000000000000000e+00
-4.552075999999999900e-01,1.962601999999999958e+00,8.801565000000000083e-01,3.737011723289087629e-03,2.289388632653240885e-01
-4.556451000000000251e-01,1.963853000000000071e+00,8.822735999999999912e-01,4.468765307106681642e-03,2.003438191114899347e-01
-4.560679999999999734e-01,1.964787000000000061e+00,8.842039999999999900e-01,4.370964943808189340e-03,0.000000000000000000e+00
-4.560679999999999734e-01,1.964787000000000061e+00,8.842039999999999900e-01,4.370964943808189340e-03,3.856867358946037827e-01
-4.572691999999999868e-01,1.966218999999999939e+00,8.879738999999999827e-01,5.563841713240920243e-03,2.182045194803373389e-01
-4.579178999999999888e-01,1.967014999999999958e+00,8.901217000000000157e-01,6.474819727220281970e-03,4.425039084635759012e-01
-4.589632000000000156e-01,1.969189000000000078e+00,8.945570999999999939e-01,7.005791928111923181e-03,1.977724435788610902e-01
-4.593309999999999893e-01,1.970042999999999989e+00,8.965041999999999733e-01,7.324239013713200463e-03,0.000000000000000000e+00
-4.593309999999999893e-01,1.970042999999999989e+00,8.965041999999999733e-01,7.324239013713200463e-03,1.676079401030865501e-01
-4.596743999999999830e-01,1.970666999999999947e+00,8.982771999999999979e-01,7.664764957257339494e-03,3.728056109945179220e-01
-4.606401999999999997e-01,1.972394999999999898e+00,9.018346000000000418e-01,8.249212433317545598e-03,0.000000000000000000e+00
-4.606401999999999997e-01,1.972394999999999898e+00,9.018346000000000418e-01,8.249212433317545598e-03,1.588703725795327093e-01
-4.610547999999999869e-01,1.973281000000000063e+00,9.033607000000000165e-01,8.325822886658052618e-03,1.657495434166731119e-01
-4.612720000000000153e-01,1.973951000000000011e+00,9.049376999999999560e-01,8.632900215454895887e-03,2.912019103779418527e-01
-4.620476000000000028e-01,1.975454000000000043e+00,9.077975999999999823e-01,8.894606333053780081e-03,0.000000000000000000e+00
-4.620476000000000028e-01,1.975454000000000043e+00,9.077975999999999823e-01,8.894606333053780081e-03,2.086852997897169215e-01
-4.623677999999999955e-01,1.976604000000000028e+00,9.097387999999999586e-01,8.745158855618351615e-03,3.526440303474895344e-01
-4.631228000000000011e-01,1.978040999999999938e+00,9.132268999999999526e-01,9.193905246955747998e-03,0.000000000000000000e+00
-4.631228000000000011e-01,1.978040999999999938e+00,9.132268999999999526e-01,9.193905246955747998e-03,1.816359297035411435e-01
-4.631233000000000155e-01,1.978912000000000004e+00,9.150068999999999564e-01,9.090510570919528230e-03,1.322181369129087070e-01
-4.630053000000000085e-01,1.979446999999999957e+00,9.163413000000000252e-01,8.949309251556871597e-03,2.608489698658412181e-01
-4.631424000000000096e-01,1.980582000000000065e+00,9.190892999999999979e-01,8.914023931424026534e-03,1.480286825497016123e-01
-4.633380999999999750e-01,1.981208000000000080e+00,9.205651000000000250e-01,8.852103635859644507e-03,0.000000000000000000e+00
-4.633380999999999750e-01,1.981208000000000080e+00,9.205651000000000250e-01,8.852103635859644507e-03,2.359379229817490375e-01
-4.632861999999999814e-01,1.982429999999999914e+00,9.229633000000000420e-01,8.614556093612803916e-03,1.053481939090848141e-01
-4.632466000000000084e-01,1.982920000000000016e+00,9.240021999999999958e-01,8.377010080571732284e-03,0.000000000000000000e+00
-4.632466000000000084e-01,1.982920000000000016e+00,9.240021999999999958e-01,8.377010080571732284e-03,7.144047767558575623e-02
-4.632254000000000094e-01,1.983381999999999978e+00,9.247163999999999939e-01,8.105551211978177101e-03,2.402412764968057390e-01
-4.629669000000000145e-01,1.984566999999999970e+00,9.269034999999999913e-01,7.796735617551812589e-03,0.000000000000000000e+00
-4.629669000000000145e-01,1.984566999999999970e+00,9.269034999999999913e-01,7.796735617551812589e-03,1.211973730671228877e-01
-4.631293000000000215e-01,1.985062000000000104e+00,9.281844999999999679e-01,7.581902859441025030e-03,1.294568099831753250e-01
-4.630711000000000133e-01,1.985673999999999939e+00,9.293852000000000224e-01,7.330014379249310055e-03,0.000000000000000000e+00
-4.630711000000000133e-01,1.985673999999999939e+00,9.293852000000000224e-01,7.330014379249310055e-03,1.819895516010545389e-01
-4.632139000000000117e-01,1.986380000000000035e+00,9.313327999999999607e-01,7.424125571405609629e-03,9.944731318113414487e-02
-4.629786000000000179e-01,1.986593000000000053e+00,9.323702999999999852e-01,7.176070242131034511e-03,1.881381208237845049e-01
-4.631700999999999735e-01,1.987506999999999913e+00,9.342002999999999835e-01,7.147944919345674067e-03,1.207371884030825487e-01
-4.630747000000000058e-01,1.987687999999999899e+00,9.355613999999999875e-01,7.144474851239953142e-03,0.000000000000000000e+00
-4.630747000000000058e-01,1.987687999999999899e+00,9.355613999999999875e-01,7.144474851239953142e-03,1.316051744040996063e-01
-4.632046000000000219e-01,1.987932999999999950e+00,9.369701999999999753e-01,7.209033750094374741e-03,2.868769052685422594e-01
-4.631764999999999910e-01,1.988796000000000008e+00,9.401275000000000048e-01,7.188769172118473355e-03,0.000000000000000000e+00
-4.631764999999999910e-01,1.988796000000000008e+00,9.401275000000000048e-01,7.188769172118473355e-03,1.144439307050528765e-01
-4.633873000000000020e-01,1.989157000000000064e+00,9.413645999999999958e-01,7.253600299161803641e-03,2.636888858085532639e-01
-4.635651000000000077e-01,1.989940000000000042e+00,9.441270999999999969e-01,7.268711589408459288e-03,1.326004959182758014e-01
-4.637188999999999894e-01,1.990248000000000017e+00,9.455322000000000449e-01,7.383925831155210145e-03,0.000000000000000000e+00
-4.637188999999999894e-01,1.990248000000000017e+00,9.455322000000000449e-01,7.383925831155210145e-03,1.536806421976219250e-01
-4.637917999999999763e-01,1.990755999999999970e+00,9.472089000000000203e-01,7.458435648311200102e-03,3.527731583519855274e-01
-4.634603999999999946e-01,1.992045999999999983e+00,9.506312000000000095e-01,6.996393571691006223e-03,0.000000000000000000e+00
-4.634603999999999946e-01,1.992045999999999983e+00,9.506312000000000095e-01,6.996393571691006223e-03,1.505452699724673382e-01
-4.637740000000000196e-01,1.992634999999999934e+00,9.522140000000000049e-01,6.641487238563512432e-03,3.226675610694703100e-01
-4.638442999999999872e-01,1.993425999999999920e+00,9.554778000000000437e-01,6.693893355140975027e-03,1.417756053042878994e-01
-4.643244999999999734e-01,1.993843999999999950e+00,9.569649000000000072e-01,6.684909807918124926e-03,1.776411637069164884e-01
-4.641910000000000203e-01,1.994110000000000049e+00,9.589697999999999833e-01,6.980033445478728629e-03,0.000000000000000000e+00
-4.641910000000000203e-01,1.994110000000000049e+00,9.589697999999999833e-01,6.980033445478728629e-03,2.668011668033373751e-01
-4.647412000000000210e-01,1.995192000000000077e+00,9.619035000000000224e-01,6.628526585147047172e-03,1.646069449114823391e-01
-4.647839000000000276e-01,1.995710000000000095e+00,9.637082999999999622e-01,6.382655235088117475e-03,0.000000000000000000e+00
-4.647839000000000276e-01,1.995710000000000095e+00,9.637082999999999622e-01,6.382655235088117475e-03,1.470404963061278103e-01
-4.651803999999999939e-01,1.996118000000000059e+00,9.652098000000000066e-01,6.376634163098754068e-03,2.840334692853146992e-01
-4.660809000000000202e-01,1.997217999999999938e+00,9.681189999999999518e-01,6.161297094768519896e-03,0.000000000000000000e+00
-4.660809000000000202e-01,1.997217999999999938e+00,9.681189999999999518e-01,6.161297094768519896e-03,1.273813746397659541e-01
-4.663555999999999813e-01,1.997579999999999911e+00,9.694981999999999767e-01,6.252317482342267980e-03,3.151595360007776736e-01
-4.671081999999999734e-01,1.998672999999999922e+00,9.728404000000000496e-01,5.971103131750451869e-03,0.000000000000000000e+00
-4.671081999999999734e-01,1.998672999999999922e+00,9.728404000000000496e-01,5.971103131750451869e-03,1.632398760242848301e-01
-4.673235000000000028e-01,1.999108000000000107e+00,9.746386000000000216e-01,6.088165375546214335e-03,1.319560229959415854e-01
-4.674304000000000237e-01,1.999382999999999910e+00,9.761136999999999730e-01,5.785430364285944552e-03,0.000000000000000000e+00
-4.674304000000000237e-01,1.999382999999999910e+00,9.761136999999999730e-01,5.785430364285944552e-03,3.631842062495904133e-01
-4.679159999999999986e-01,2.000328999999999802e+00,9.803026999999999713e-01,5.534648795542706882e-03,0.000000000000000000e+00
-4.679159999999999986e-01,2.000328999999999802e+00,9.803026999999999713e-01,5.534648795542706882e-03,1.729501818643966737e-01
-4.682312000000000141e-01,2.000728000000000062e+00,9.820297999999999528e-01,5.758146891144740043e-03,2.725196391893008330e-01
-4.691806000000000032e-01,2.000944000000000056e+00,9.851259999999999462e-01,6.038435904271861367e-03,0.000000000000000000e+00
-4.691806000000000032e-01,2.000944000000000056e+00,9.851259999999999462e-01,6.038435904271861367e-03,1.482657133532722382e-01
-4.694711999999999774e-01,2.001360000000000028e+00,9.865852000000000510e-01,6.158662104710795233e-03,2.408414715019631669e-01
-4.700630000000000086e-01,2.002168000000000170e+00,9.890170000000000350e-01,5.746148403931105979e-03,1.518864284844381740e-01
-4.702926000000000051e-01,2.002588999999999952e+00,9.906808000000000280e-01,5.809206202227775243e-03,0.000000000000000000e+00
-4.702926000000000051e-01,2.002588999999999952e+00,9.906808000000000280e-01,5.809206202227775243e-03,1.271005516646337430e-01
-4.705237999999999920e-01,2.002763999999999989e+00,9.920368000000000519e-01,5.576017404922725511e-03,2.313836019604445515e-01
-4.705645999999999995e-01,2.003407000000000160e+00,9.945971000000000117e-01,5.436511772267093798e-03,0.000000000000000000e+00
-4.705645999999999995e-01,2.003407000000000160e+00,9.945971000000000117e-01,5.436511772267093798e-03,1.084981538602832196e-01
-4.705233999999999805e-01,2.003915000000000113e+00,9.957253000000000354e-01,4.744118199412717535e-03,2.537113070011595140e-01
-4.699847999999999804e-01,2.004739999999999966e+00,9.984446000000000154e-01,4.095920240922645839e-03,0.000000000000000000e+00
-4.699847999999999804e-01,2.004739999999999966e+00,9.984446000000000154e-01,4.095920240922645839e-03,9.945885431390730225e-02
-4.698962999999999890e-01,2.005063999999999957e+00,9.995285999999999893e-01,3.484613022991235771e-03,1.213659202779653057e-01
-4.698994000000000226e-01,2.005145000000000177e+00,1.000911000000000106e+00,3.154002804374077696e-03,2.504633930343372339e-01
-4.703062000000000076e-01,2.005621000000000098e+00,1.003441999999999945e+00,3.329787484209676546e-03,1.082500890641786145e-01
-4.705926999999999749e-01,2.005611000000000033e+00,1.004699000000000009e+00,3.153672278471446148e-03,0.000000000000000000e+00
-4.705926999999999749e-01,2.005611000000000033e+00,1.004699000000000009e+00,3.153672278471446148e-03,1.382603776757712899e-01
-4.705640999999999852e-01,2.005548000000000108e+00,1.006137999999999977e+00,3.316009445100988589e-03,1.979454051196739561e-01
-4.705714999999999759e-01,2.005497000000000085e+00,1.008396000000000070e+00,3.024177622098040037e-03,0.000000000000000000e+00
-4.705714999999999759e-01,2.005497000000000085e+00,1.008396000000000070e+00,3.024177622098040037e-03,1.254492367949466558e-01
-4.704902000000000251e-01,2.005672000000000121e+00,1.009751000000000065e+00,2.750923110521072933e-03,2.888093629565260390e-01
-4.708161000000000151e-01,2.005830000000000002e+00,1.012880999999999920e+00,2.588293802874883955e-03,0.000000000000000000e+00
-4.708161000000000151e-01,2.005830000000000002e+00,1.012880999999999920e+00,2.588293802874883955e-03,1.739338014508531594e-01
-4.707304999999999962e-01,2.005777999999999839e+00,1.014775999999999900e+00,2.825135616213975132e-03,1.297978862921167209e-01
-4.706852000000000258e-01,2.005558999999999870e+00,1.016240000000000032e+00,2.808478057596491915e-03,3.094010965050356665e-01
-4.692194000000000087e-01,2.004974999999999952e+00,1.019398000000000026e+00,3.336149433104014083e-03,0.000000000000000000e+00
-4.692194000000000087e-01,2.004974999999999952e+00,1.019398000000000026e+00,3.336149433104014083e-03,1.013238509345703864e-01
-4.689905999999999797e-01,2.005027000000000115e+00,1.020529000000000019e+00,3.297639581579287979e-03,2.912583917160413427e-01
-4.684401000000000259e-01,2.005119999999999791e+00,1.023805000000000076e+00,3.754473885912724615e-03,0.000000000000000000e+00
-4.684401000000000259e-01,2.005119999999999791e+00,1.023805000000000076e+00,3.754473885912724615e-03,2.580390666762898966e-01
-4.685977000000000059e-01,2.004468999999999834e+00,1.026542000000000066e+00,3.919888933375493059e-03,0.000000000000000000e+00
-4.685977000000000059e-01,2.004468999999999834e+00,1.026542000000000066e+00,3.919888933375493059e-03,2.871468226925114609e-01
-4.675433999999999979e-01,2.003684999999999938e+00,1.029385999999999912e+00,5.468546681706197045e-03,1.112308760010541631e-01
-4.672368000000000077e-01,2.003496999999999861e+00,1.030545000000000044e+00,5.757915356272648270e-03,0.000000000000000000e+00
-4.672368000000000077e-01,2.003496999999999861e+00,1.030545000000000044e+00,5.757915356272648270e-03,1.043297718805160090e-01
-4.672155000000000058e-01,2.003382000000000218e+00,1.031630000000000047e+00,6.006008611382247092e-03,1.971810469379454700e-01
-4.674000999999999850e-01,2.002876999999999796e+00,1.033914000000000000e+00,6.309800063393507415e-03,0.000000000000000000e+00
-4.674000999999999850e-01,2.002876999999999796e+00,1.033914000000000000e+00,6.309800063393507415e-03,1.693910788841158921e-01
-4.668075999999999892e-01,2.002196999999999782e+00,1.035528999999999922e+00,7.268182722661865880e-03,1.766942223326161965e-01
-4.674799000000000038e-01,2.001294999999999824e+00,1.037201999999999957e+00,7.656135083056065174e-03,0.000000000000000000e+00
-4.674799000000000038e-01,2.001294999999999824e+00,1.037201999999999957e+00,7.656135083056065174e-03,1.079602224071769534e-01
-4.675678999999999808e-01,2.000751000000000168e+00,1.038243000000000027e+00,7.890934533374209872e-03,8.871149922716684011e-02
-4.679437000000000180e-01,2.000334000000000056e+00,1.039188999999999918e+00,8.012123868862630616e-03,0.000000000000000000e+00
-4.679437000000000180e-01,2.000334000000000056e+00,1.039188999999999918e+00,8.012123868862630616e-03,2.690179640731670263e-01
-4.676023000000000263e-01,1.999622999999999928e+00,1.042016000000000053e+00,8.811764247867703501e-03,6.391620011990407912e-02
-4.675733999999999724e-01,1.999470999999999998e+00,1.042761999999999967e+00,8.913809258111764569e-03,2.378653979716773281e-01
-4.670169000000000126e-01,1.998594999999999899e+00,1.045137999999999900e+00,1.010032464032736138e-02,8.560406068943082758e-02
-4.672419999999999907e-01,1.998304999999999998e+00,1.045949999999999935e+00,1.006001478179841153e-02,0.000000000000000000e+00
-4.672419999999999907e-01,1.998304999999999998e+00,1.045949999999999935e+00,1.006001478179841153e-02,7.398297941799293620e-02
-4.675027999999999961e-01,1.997957999999999901e+00,1.046674000000000104e+00,1.012488507045901376e-02,1.686984111031596956e-01
-4.675384000000000206e-01,1.998161000000000076e+00,1.048418000000000072e+00,1.003991780295041339e-02,1.049322796229803095e-01
-4.674942000000000264e-01,1.997949999999999893e+00,1.049649000000000054e+00,1.016338317490793862e-02,0.000000000000000000e+00
-4.674942000000000264e-01,1.997949999999999893e+00,1.049649000000000054e+00,1.016338317490793862e-02,9.631687402383898311e-02
-4.674263000000000168e-01,1.997619000000000034e+00,1.050593000000000110e+00,1.036275259040762148e-02,1.375716823126788280e-01
-4.676761999999999864e-01,1.997301999999999911e+00,1.052181000000000033e+00,1.048792024950621904e-02,0.000000000000000000e+00
-4.676761999999999864e-01,1.997301999999999911e+00,1.052181000000000033e+00,1.048792024950621904e-02,1.019685508439336918e-01
-4.675328999999999735e-01,1.997281000000000084e+00,1.053284000000000109e+00,1.062262474579604710e-02,1.579014110142875627e-01
-4.681298999999999877e-01,1.997165999999999997e+00,1.054980000000000029e+00,1.012583380714893351e-02,0.000000000000000000e+00
-4.681298999999999877e-01,1.997165999999999997e+00,1.054980000000000029e+00,1.012583380714893351e-02,1.453293536318649160e-01
-4.679617999999999833e-01,1.996763000000000066e+00,1.056429999999999980e+00,1.059835907864983481e-02,8.889290323476965738e-02
-4.684679999999999955e-01,1.996723000000000026e+00,1.057358000000000020e+00,1.028154934822583452e-02,1.719691886750968068e-01
-4.692923999999999984e-01,1.996726000000000001e+00,1.058948999999999918e+00,9.550672455906095495e-03,7.534975022086837226e-02
-4.695919000000000065e-01,1.996626000000000012e+00,1.059708000000000094e+00,9.441041108373748186e-03,0.000000000000000000e+00
-4.695919000000000065e-01,1.996626000000000012e+00,1.059708000000000094e+00,9.441041108373748186e-03,2.816019799145087488e-01
-4.689557999999999782e-01,1.995781000000000027e+00,1.062739000000000100e+00,1.026929185679319526e-02,9.939544142477356459e-02
-4.694795999999999969e-01,1.995646000000000031e+00,1.063679999999999959e+00,1.000572106347157736e-02,0.000000000000000000e+00
-4.694795999999999969e-01,1.995646000000000031e+00,1.063679999999999959e+00,1.000572106347157736e-02,1.119819195371384440e-01
-4.701867000000000130e-01,1.995489999999999986e+00,1.064664000000000055e+00,9.773274364817521875e-03,2.319434565103865031e-01
-4.712316999999999756e-01,1.995389999999999997e+00,1.066840999999999928e+00,8.864970682974671404e-03,0.000000000000000000e+00
-4.712316999999999756e-01,1.995389999999999997e+00,1.066840999999999928e+00,8.864970682974671404e-03,1.265566339531386530e-01
-4.716550999999999938e-01,1.995123999999999898e+00,1.068127999999999966e+00,8.830410140531512117e-03,1.433832759752818597e-01
-4.721014000000000044e-01,1.994877999999999929e+00,1.069606999999999974e+00,8.598820212098975610e-03,0.000000000000000000e+00
-4.721014000000000044e-01,1.994877999999999929e+00,1.069606999999999974e+00,8.598820212098975610e-03,2.683402216116148598e-01
-4.743838000000000221e-01,1.994418999999999942e+00,1.071382000000000057e+00,7.759783620694684150e-03,1.303450501777247972e-01
-4.751344000000000123e-01,1.994016999999999928e+00,1.072521000000000058e+00,7.910738302459583912e-03,0.000000000000000000e+00
-4.751344000000000123e-01,1.994016999999999928e+00,1.072521000000000058e+00,7.910738302459583912e-03,3.304404194702815212e-01
-4.766294999999999837e-01,1.992631999999999959e+00,1.075693000000000010e+00,8.258732370043344456e-03,0.000000000000000000e+00
-4.766294999999999837e-01,1.992631999999999959e+00,1.075693000000000010e+00,8.258732370043344456e-03,1.117726971645559841e-01
-4.770029000000000075e-01,1.992275000000000018e+00,1.076859000000000011e+00,8.221570460684462026e-03,2.542047575486188205e-01
-4.772196000000000216e-01,1.991652999999999896e+00,1.079552999999999985e+00,8.218597277516490052e-03,1.313300358702509663e-01
-4.773549999999999738e-01,1.991349000000000036e+00,1.080948000000000020e+00,8.070247765713257568e-03,0.000000000000000000e+00
-4.773549999999999738e-01,1.991349000000000036e+00,1.080948000000000020e+00,8.070247765713257568e-03,3.668567328875085853e-01
-4.771272999999999764e-01,1.990286000000000000e+00,1.084799999999999986e+00,8.153386891960882205e-03,1.235305162394558093e-01
-4.775567000000000006e-01,1.989799000000000095e+00,1.085981000000000085e+00,8.146815763842806674e-03,0.000000000000000000e+00
-4.775567000000000006e-01,1.989799000000000095e+00,1.085981000000000085e+00,8.146815763842806674e-03,1.834645686790767616e-01
-4.776320000000000010e-01,1.989003000000000076e+00,1.087815999999999894e+00,8.650439335085838635e-03,3.229805329297963934e-01
-4.777068999999999899e-01,1.987673999999999941e+00,1.090907000000000071e+00,8.882223282489625296e-03,0.000000000000000000e+00
-4.777068999999999899e-01,1.987673999999999941e+00,1.090907000000000071e+00,8.882223282489625296e-03,1.492020209805678954e-01
-4.777060000000000195e-01,1.986996999999999902e+00,1.092389000000000054e+00,9.077636889080914831e-03,1.322724675671500538e-01
-4.779236000000000040e-01,1.986560000000000104e+00,1.093747000000000025e+00,8.978338982796303311e-03,0.000000000000000000e+00
-4.779236000000000040e-01,1.986560000000000104e+00,1.093747000000000025e+00,8.978338982796303311e-03,4.854137907257212725e-01
-4.778123000000000231e-01,1.984520000000000062e+00,1.098632999999999971e+00,9.546057366787513709e-03,0.000000000000000000e+00
-4.778123000000000231e-01,1.984520000000000062e+00,1.098632999999999971e+00,9.546057366787513709e-03,2.872087050050624035e-01
-4.776157999999999793e-01,1.983217999999999925e+00,1.101787000000000072e+00,9.739421389384524466e-03,1.471263639257127109e-01
-4.773800000000000265e-01,1.982782999999999962e+00,1.103237999999999941e+00,9.913998870788769471e-03,0.000000000000000000e+00
-4.773800000000000265e-01,1.982782999999999962e+00,1.103237999999999941e+00,9.913998870788769471e-03,1.098915698629315818e-01
-4.773866999999999972e-01,1.982288999999999968e+00,1.104449999999999932e+00,9.812794965757768578e-03,3.057976045433753454e-01
-4.770186000000000148e-01,1.980507000000000017e+00,1.107061999999999991e+00,1.080870228103255996e-02,0.000000000000000000e+00
-4.770186000000000148e-01,1.980507000000000017e+00,1.107061999999999991e+00,1.080870228103255996e-02,1.031285791639943994e-01
-4.772272000000000181e-01,1.979838999999999904e+00,1.108008000000000104e+00,1.090475286102347494e-02,2.708733507900353832e-01
-4.770774999999999877e-01,1.978223000000000065e+00,1.110792999999999919e+00,1.153699294487075568e-02,0.000000000000000000e+00
-4.770774999999999877e-01,1.978223000000000065e+00,1.110792999999999919e+00,1.153699294487075568e-02,1.253875766774048273e-01
-4.773282999999999832e-01,1.977405000000000079e+00,1.112017000000000033e+00,1.166669015145239269e-02,1.486695829761137400e-01
-4.769471000000000127e-01,1.976610999999999896e+00,1.113378999999999897e+00,1.215836540205963816e-02,0.000000000000000000e+00
-4.769471000000000127e-01,1.976610999999999896e+00,1.113378999999999897e+00,1.215836540205963816e-02,2.370874310733429580e-01
-4.768089999999999828e-01,1.975109999999999921e+00,1.115483999999999920e+00,1.266114780578763387e-02,1.546977556722942404e-01
-4.762716000000000172e-01,1.974244000000000110e+00,1.116927000000000003e+00,1.325019483026554194e-02,1.452882156819996495e-01
-4.759588000000000152e-01,1.973540000000000072e+00,1.118308999999999997e+00,1.340669063714081816e-02,2.362000553608229469e-01
-4.759371000000000018e-01,1.971856000000000053e+00,1.120413000000000103e+00,1.418109746281997000e-02,1.447262701409378904e-01
-4.756180999999999881e-01,1.971065000000000067e+00,1.121826999999999908e+00,1.436515546870278590e-02,0.000000000000000000e+00
-4.756180999999999881e-01,1.971065000000000067e+00,1.121826999999999908e+00,1.436515546870278590e-02,2.222567195178191124e-01
-4.754366999999999899e-01,1.969486000000000070e+00,1.123941000000000079e+00,1.510368531882187726e-02,1.724284238126987667e-01
-4.749173999999999896e-01,1.968458000000000041e+00,1.125320000000000098e+00,1.555773685855356761e-02,0.000000000000000000e+00
-4.749173999999999896e-01,1.968458000000000041e+00,1.125320000000000098e+00,1.555773685855356761e-02,9.270316433732163353e-02
-4.750092000000000203e-01,1.967648000000000064e+00,1.125993999999999939e+00,1.591498168267864791e-02,2.409291641652726856e-01
-4.747027999999999803e-01,1.965875999999999957e+00,1.128069999999999906e+00,1.670479625766215642e-02,0.000000000000000000e+00
-4.747027999999999803e-01,1.965875999999999957e+00,1.128069999999999906e+00,1.670479625766215642e-02,9.082437803429095624e-02
-4.747446000000000166e-01,1.965128999999999904e+00,1.128913000000000055e+00,1.694192836987579859e-02,2.066975873935817942e-01
-4.749413000000000107e-01,1.963696000000000108e+00,1.130506000000000011e+00,1.741889694441059455e-02,0.000000000000000000e+00
-4.749413000000000107e-01,1.963696000000000108e+00,1.130506000000000011e+00,1.741889694441059455e-02,1.031212049990703761e-01
-4.750595000000000234e-01,1.962906999999999957e+00,1.131307999999999980e+00,1.760376801596752125e-02,6.994576965506665855e-02
-4.755966999999999834e-01,1.962350999999999956e+00,1.131505999999999901e+00,1.770494294935747587e-02,2.162289774492382743e-01
-4.756229000000000151e-01,1.961009000000000002e+00,1.133313000000000015e+00,1.809877364049842022e-02,7.316786844556397162e-02
-4.761406999999999723e-01,1.960523999999999933e+00,1.133818999999999910e+00,1.798981292982239008e-02,0.000000000000000000e+00
-4.761406999999999723e-01,1.960523999999999933e+00,1.133818999999999910e+00,1.798981292982239008e-02,7.737207175056916297e-02
-4.765793999999999864e-01,1.959918000000000049e+00,1.134209999999999940e+00,1.810231680310564473e-02,1.442482593074727037e-01
-4.773293000000000119e-01,1.958850999999999898e+00,1.135213999999999945e+00,1.827831167832535963e-02,0.000000000000000000e+00
-4.773293000000000119e-01,1.958850999999999898e+00,1.135213999999999945e+00,1.827831167832535963e-02,8.474214788267182830e-02
-4.775765000000000149e-01,1.958363999999999994e+00,1.135960000000000081e+00,1.830297945800080095e-02,1.763330571126897894e-01
-4.789535999999999794e-01,1.957430000000000003e+00,1.137091000000000074e+00,1.800449812158060742e-02,0.000000000000000000e+00
-4.789535999999999794e-01,1.957430000000000003e+00,1.137091000000000074e+00,1.800449812158060742e-02,1.000097107387943329e-01
-4.793696000000000068e-01,1.956844000000000028e+00,1.137912000000000035e+00,1.799743099472809332e-02,8.243819018957365685e-02
-4.797572999999999976e-01,1.956444999999999990e+00,1.138721000000000094e+00,1.790302899958551297e-02,0.000000000000000000e+00
-4.797572999999999976e-01,1.956444999999999990e+00,1.138721000000000094e+00,1.790302899958551297e-02,1.606780507883062703e-01
-4.800967999999999902e-01,1.955770999999999926e+00,1.140304999999999902e+00,1.752223284858432997e-02,7.162302611059963298e-02
-4.803953000000000251e-01,1.955360999999999905e+00,1.140989999999999949e+00,1.744327404044341764e-02,1.771510184403108923e-01
-4.815109000000000194e-01,1.954690999999999956e+00,1.142419000000000073e+00,1.715315357623792281e-02,1.079797761137334250e-01
-4.818591999999999875e-01,1.954315999999999942e+00,1.143421000000000021e+00,1.679848427120732984e-02,8.078394834099812682e-02
-4.825337000000000098e-01,1.954093999999999998e+00,1.144069000000000003e+00,1.651307912413668352e-02,0.000000000000000000e+00
-4.825337000000000098e-01,1.954093999999999998e+00,1.144069000000000003e+00,1.651307912413668352e-02,2.185965548736968911e-01
-4.830353000000000008e-01,1.953356000000000092e+00,1.146282999999999941e+00,1.600730029580245406e-02,8.082063171905747023e-02
-4.830677999999999916e-01,1.953052000000000010e+00,1.147153000000000089e+00,1.569827732619081401e-02,0.000000000000000000e+00
-4.830677999999999916e-01,1.953052000000000010e+00,1.147153000000000089e+00,1.569827732619081401e-02,1.556232647414771408e-01
-4.828161999999999732e-01,1.952375999999999889e+00,1.148689999999999989e+00,1.543302122884569923e-02,1.973662842705076192e-01
-4.833446000000000131e-01,1.951268000000000002e+00,1.150578000000000101e+00,1.527156265743623981e-02,0.000000000000000000e+00
-4.833446000000000131e-01,1.951268000000000002e+00,1.150578000000000101e+00,1.527156265743623981e-02,1.065135715052821508e-01
-4.834137000000000017e-01,1.950555000000000039e+00,1.151493000000000100e+00,1.529117522004114563e-02,1.516420932351168760e-01
-4.842745999999999995e-01,1.949827999999999895e+00,1.152814000000000005e+00,1.514128125357975564e-02,0.000000000000000000e+00
-4.842745999999999995e-01,1.949827999999999895e+00,1.152814000000000005e+00,1.514128125357975564e-02,1.660704791013641046e-01
-4.838386000000000076e-01,1.949011000000000049e+00,1.154379000000000044e+00,1.488915767395849847e-02,8.980925335580323965e-02
-4.842618000000000200e-01,1.948550999999999922e+00,1.155191000000000079e+00,1.473902079515459866e-02,3.019552811755338295e-01
-4.841331999999999858e-01,1.946725000000000039e+00,1.157929999999999904e+00,1.463530714710148048e-02,9.017524987817489290e-02
-4.844511000000000234e-01,1.946172000000000013e+00,1.158679000000000014e+00,1.460693647004730755e-02,0.000000000000000000e+00
-4.844511000000000234e-01,1.946172000000000013e+00,1.158679000000000014e+00,1.460693647004730755e-02,2.492737197945112670e-01
-4.840612000000000248e-01,1.944390999999999980e+00,1.160697000000000090e+00,1.488421646207815571e-02,1.028659042031579429e-01
-4.842447999999999753e-01,1.943664000000000058e+00,1.161532000000000009e+00,1.491400648015141044e-02,0.000000000000000000e+00
-4.842447999999999753e-01,1.943664000000000058e+00,1.161532000000000009e+00,1.491400648015141044e-02,1.364008695560962603e-01
-4.846284000000000147e-01,1.942706000000000044e+00,1.162697000000000092e+00,1.503647265185546061e-02,2.687476244280326831e-01
-4.842885000000000106e-01,1.941073999999999966e+00,1.165108999999999950e+00,1.477541572477752627e-02,0.000000000000000000e+00
-4.842885000000000106e-01,1.941073999999999966e+00,1.165108999999999950e+00,1.477541572477752627e-02,1.226932165963744020e-01
-4.841968999999999856e-01,1.940310999999999897e+00,1.166204999999999936e+00,1.482569785912308570e-02,1.420743014508150104e-01
-4.839337000000000222e-01,1.939380000000000104e+00,1.167416000000000009e+00,1.469481835920406418e-02,0.000000000000000000e+00
-4.839337000000000222e-01,1.939380000000000104e+00,1.167416000000000009e+00,1.469481835920406418e-02,2.399689773919748970e-01
-4.845795999999999992e-01,1.937810000000000032e+00,1.169408999999999921e+00,1.468480797831548702e-02,1.285905122661711586e-01
-4.846195999999999837e-01,1.936811999999999978e+00,1.170395999999999992e+00,1.469189573744647537e-02,0.000000000000000000e+00
-4.846195999999999837e-01,1.936811999999999978e+00,1.170395999999999992e+00,1.469189573744647537e-02,3.453111868417315655e-01
-4.851297999999999999e-01,1.934361999999999915e+00,1.173211999999999922e+00,1.468845205459048085e-02,1.133726624489891227e-01
-4.852810000000000179e-01,1.933562999999999921e+00,1.174144000000000077e+00,1.465478524032338796e-02,0.000000000000000000e+00
-4.852810000000000179e-01,1.933562999999999921e+00,1.174144000000000077e+00,1.465478524032338796e-02,2.614791492490626812e-01
-4.853341999999999934e-01,1.931759999999999922e+00,1.176185999999999954e+00,1.465629164693450608e-02,1.084819574832787681e-01
-4.853179000000000243e-01,1.931216000000000044e+00,1.177237000000000089e+00,1.434148082486592923e-02,0.000000000000000000e+00
-4.853179000000000243e-01,1.931216000000000044e+00,1.177237000000000089e+00,1.434148082486592923e-02,2.401784815928401651e-01
-4.852829000000000170e-01,1.929443999999999937e+00,1.179167000000000076e+00,1.437968734847880174e-02,1.267499537238989671e-01
-4.854374000000000189e-01,1.928514000000000062e+00,1.180091999999999919e+00,1.438355935399865219e-02,0.000000000000000000e+00
-4.854374000000000189e-01,1.928514000000000062e+00,1.180091999999999919e+00,1.438355935399865219e-02,1.316565643528553042e-01
-4.854817000000000160e-01,1.927518000000000065e+00,1.181125999999999898e+00,1.450372587854590820e-02,2.280772802140909605e-01
-4.857511999999999941e-01,1.925939000000000068e+00,1.183176999999999923e+00,1.410028630950442910e-02,0.000000000000000000e+00
-4.857511999999999941e-01,1.925939000000000068e+00,1.183176999999999923e+00,1.410028630950442910e-02,1.316760424101925675e-01
-4.856271999999999811e-01,1.925251000000000046e+00,1.184431999999999929e+00,1.383228051371132410e-02,1.233573234481875197e-01
-4.858036000000000021e-01,1.924409000000000036e+00,1.185467000000000048e+00,1.362203469713666945e-02,0.000000000000000000e+00
-4.858036000000000021e-01,1.924409000000000036e+00,1.185467000000000048e+00,1.362203469713666945e-02,3.995101580091097726e-01
-4.867308000000000190e-01,1.921972000000000014e+00,1.189205999999999985e+00,1.264403108822504535e-02,0.000000000000000000e+00
-4.867308000000000190e-01,1.921972000000000014e+00,1.189205999999999985e+00,1.264403108822504535e-02,2.527374198695430119e-01
-4.873114000000000057e-01,1.920520000000000005e+00,1.191778000000000004e+00,1.195746852013421582e-02,1.588418828248822912e-01
-4.873685999999999852e-01,1.919662999999999897e+00,1.193190999999999891e+00,1.137785926657578807e-02,0.000000000000000000e+00
-4.873685999999999852e-01,1.919662999999999897e+00,1.193190999999999891e+00,1.137785926657578807e-02,1.284870655335224321e-01
-4.876403999999999739e-01,1.918895999999999935e+00,1.194412000000000029e+00,1.109354515968641666e-02,2.762764596867263167e-01
-4.882269000000000192e-01,1.917451999999999934e+00,1.196992000000000056e+00,1.020575612534416199e-02,0.000000000000000000e+00
-4.882269000000000192e-01,1.917451999999999934e+00,1.196992000000000056e+00,1.020575612534416199e-02,1.360403423389774380e-01
-4.885745000000000227e-01,1.916722000000000037e+00,1.198317000000000077e+00,9.880060844448181057e-03,2.718287384600753254e-01
-4.894009000000000276e-01,1.915219999999999922e+00,1.200736999999999943e+00,9.246565470487074639e-03,0.000000000000000000e+00
-4.894009000000000276e-01,1.915219999999999922e+00,1.200736999999999943e+00,9.246565470487074639e-03,1.327071606612656163e-01
-4.895957000000000225e-01,1.914568999999999965e+00,1.202164000000000010e+00,8.822562736529693944e-03,1.507938231462983558e-01
-4.896270999999999818e-01,1.913926000000000016e+00,1.203678000000000026e+00,8.180163445799817912e-03,0.000000000000000000e+00
-4.896270999999999818e-01,1.913926000000000016e+00,1.203678000000000026e+00,8.180163445799817912e-03,2.473080802827941072e-01
-4.896828999999999765e-01,1.912538999999999989e+00,1.206272999999999929e+00,7.300070303771115550e-03,2.651135719112150402e-01
-4.897075000000000178e-01,1.911054000000000030e+00,1.208755000000000024e+00,6.381425390145869202e-03,0.000000000000000000e+00
-4.897075000000000178e-01,1.911054000000000030e+00,1.208755000000000024e+00,6.381425390145869202e-03,2.664189304454129825e-01
-4.898797999999999764e-01,1.909570999999999907e+00,1.211403000000000008e+00,5.811100798471810838e-03,1.658340094591826130e-01
-4.897703999999999946e-01,1.908514999999999961e+00,1.212868000000000057e+00,5.272031173086838204e-03,0.000000000000000000e+00
-4.897703999999999946e-01,1.908514999999999961e+00,1.212868000000000057e+00,5.272031173086838204e-03,2.855557579614659836e-01
-4.896808000000000272e-01,1.906933999999999907e+00,1.215551000000000048e+00,4.627271469235461759e-03,1.322144803689051518e-01
-4.895878000000000174e-01,1.906096000000000013e+00,1.216722999999999999e+00,4.300015726715461159e-03,0.000000000000000000e+00
-4.895878000000000174e-01,1.906096000000000013e+00,1.216722999999999999e+00,4.300015726715461159e-03,1.039373965206886880e-01
-4.895517999999999814e-01,1.905242000000000102e+00,1.217616999999999949e+00,4.518273038451689483e-03,2.286376854411012183e-01
-4.895432000000000117e-01,1.903575000000000017e+00,1.219319000000000042e+00,4.120912628289958267e-03,0.000000000000000000e+00
-4.895432000000000117e-01,1.903575000000000017e+00,1.219319000000000042e+00,4.120912628289958267e-03,8.605251866269117422e-02
-4.895396000000000192e-01,1.902862999999999971e+00,1.220054999999999890e+00,4.174600111387935866e-03,2.257811066336329608e-01
-4.893979999999999997e-01,1.901181000000000010e+00,1.221848999999999963e+00,4.046002942411174204e-03,0.000000000000000000e+00
-4.893979999999999997e-01,1.901181000000000010e+00,1.221848999999999963e+00,4.046002942411174204e-03,9.787920630465110627e-02
-4.892919000000000018e-01,1.900379000000000040e+00,1.222687000000000079e+00,3.828799942540713364e-03,1.113594306143778911e-01
-4.892187000000000063e-01,1.899497999999999909e+00,1.223521999999999998e+00,4.018782905308561880e-03,1.979404489525811994e-01
-4.889524000000000092e-01,1.897763000000000089e+00,1.224779999999999980e+00,3.697031410469753167e-03,8.716967505549758077e-02
-4.887946000000000235e-01,1.896897000000000055e+00,1.225243000000000082e+00,3.552963845861611351e-03,0.000000000000000000e+00
-4.887946000000000235e-01,1.896897000000000055e+00,1.225243000000000082e+00,3.552963845861611351e-03,9.105686626794357030e-02
-4.886970999999999954e-01,1.895971999999999991e+00,1.225592000000000015e+00,3.760442106986831845e-03,1.632942083999676108e-01
-4.884669999999999845e-01,1.894242999999999899e+00,1.226247000000000087e+00,3.780688626427644063e-03,0.000000000000000000e+00
-4.884669999999999845e-01,1.894242999999999899e+00,1.226247000000000087e+00,3.780688626427644063e-03,8.981170034408592073e-02
-4.882610000000000006e-01,1.893323000000000089e+00,1.226514000000000104e+00,3.584363805474991959e-03,1.472620789287005794e-01
-4.877914999999999890e-01,1.891747000000000067e+00,1.226858999999999922e+00,3.798625203938806733e-03,0.000000000000000000e+00
-4.877914999999999890e-01,1.891747000000000067e+00,1.226858999999999922e+00,3.798625203938806733e-03,7.806304696015493871e-02
-4.874232000000000009e-01,1.890981999999999941e+00,1.226925999999999961e+00,4.094092603984389976e-03,6.373994767727018951e-02
-4.871026999999999996e-01,1.890293999999999919e+00,1.226941000000000059e+00,4.070393284438199831e-03,0.000000000000000000e+00
-4.871026999999999996e-01,1.890293999999999919e+00,1.226941000000000059e+00,4.070393284438199831e-03,1.518002012267878065e-01
-4.865682000000000063e-01,1.888725999999999905e+00,1.227001000000000008e+00,4.202053597944718777e-03,7.002305531568335517e-02
-4.863508000000000275e-01,1.887930000000000108e+00,1.227117000000000013e+00,4.463352040787189022e-03,2.022165519562990343e-01
-4.857018000000000169e-01,1.885914000000000090e+00,1.227735000000000021e+00,5.116484223565945406e-03,1.125200001422863444e-01
-4.852370999999999768e-01,1.884938000000000002e+00,1.228188999999999975e+00,4.940899954461708786e-03,9.391432877166833171e-02
-4.846263000000000098e-01,1.884033000000000069e+00,1.228593999999999964e+00,5.029698595343399560e-03,0.000000000000000000e+00
-4.846263000000000098e-01,1.884033000000000069e+00,1.228593999999999964e+00,5.029698595343399560e-03,1.956964315775511221e-01
-4.839222000000000246e-01,1.882166999999999923e+00,1.229355999999999893e+00,5.606930154728336467e-03,1.202837360720693943e-01
-4.835625000000000062e-01,1.881018999999999997e+00,1.230013999999999941e+00,5.429726550204998919e-03,0.000000000000000000e+00
-4.835625000000000062e-01,1.881018999999999997e+00,1.230013999999999941e+00,5.429726550204998919e-03,1.137216059507162730e-01
-4.834137000000000017e-01,1.879909999999999970e+00,1.230550000000000033e+00,5.624329809852936408e-03,2.568695152544508420e-01
-4.828134000000000037e-01,1.877326000000000050e+00,1.231795999999999891e+00,5.852467241258303352e-03,0.000000000000000000e+00
-4.828134000000000037e-01,1.877326000000000050e+00,1.231795999999999891e+00,5.852467241258303352e-03,1.391331002324571742e-01
-4.823618000000000072e-01,1.876174999999999926e+00,1.232553000000000010e+00,5.952171409662264205e-03,2.353221612653948469e-01
-4.815227999999999731e-01,1.873753999999999920e+00,1.233683000000000085e+00,6.236914987395532177e-03,0.000000000000000000e+00
-4.815227999999999731e-01,1.873753999999999920e+00,1.233683000000000085e+00,6.236914987395532177e-03,1.275479556181730867e-01
-4.811108000000000051e-01,1.872508999999999979e+00,1.234313999999999911e+00,6.486102848398317411e-03,1.234610782616436947e-01
-4.808086999999999778e-01,1.871221000000000023e+00,1.234798000000000062e+00,6.832040415571225163e-03,0.000000000000000000e+00
-4.808086999999999778e-01,1.871221000000000023e+00,1.234798000000000062e+00,6.832040415571225163e-03,4.173760091959635710e-01
-4.797962000000000060e-01,1.867210000000000036e+00,1.236701000000000050e+00,7.186453088972359626e-03,0.000000000000000000e+00
-4.797962000000000060e-01,1.867210000000000036e+00,1.236701000000000050e+00,7.186453088972359626e-03,2.823749434454511653e-01
-4.793014999999999914e-01,1.864525999999999906e+00,1.238129999999999953e+00,7.382688310500616635e-03,1.463602640947396227e-01
-4.790239000000000025e-01,1.863075000000000037e+00,1.238736000000000059e+00,7.323286382492488235e-03,0.000000000000000000e+00
-4.790239000000000025e-01,1.863075000000000037e+00,1.238736000000000059e+00,7.323286382492488235e-03,1.461252973675041256e-01
-4.788262999999999825e-01,1.861626999999999921e+00,1.239373000000000058e+00,7.435641898316538122e-03,2.865003688056338427e-01
-4.785062999999999955e-01,1.858686000000000060e+00,1.240382000000000096e+00,7.711989251159442026e-03,0.000000000000000000e+00
-4.785062999999999955e-01,1.858686000000000060e+00,1.240382000000000096e+00,7.711989251159442026e-03,1.426872792237455223e-01
-4.782528999999999808e-01,1.857250000000000068e+00,1.240926999999999891e+00,8.002495941267388779e-03,1.384003671577773986e-01
-4.780805000000000193e-01,1.855942999999999898e+00,1.241665999999999936e+00,7.843715512434122281e-03,0.000000000000000000e+00
-4.780805000000000193e-01,1.855942999999999898e+00,1.241665999999999936e+00,7.843715512434122281e-03,2.744025023923967743e-01
-4.777495999999999965e-01,1.853032999999999930e+00,1.242764999999999898e+00,8.195780163596417395e-03,1.561831919762334819e-01
-4.776592000000000060e-01,1.851401999999999992e+00,1.243249999999999966e+00,8.106755011100414202e-03,2.641287356030016520e-01
-4.773916999999999744e-01,1.848511000000000015e+00,1.244058000000000108e+00,8.581437758324522019e-03,0.000000000000000000e+00
-4.773916999999999744e-01,1.848511000000000015e+00,1.244058000000000108e+00,8.581437758324522019e-03,3.100487086303391759e-01
-4.775016000000000260e-01,1.845282000000000089e+00,1.245060000000000056e+00,8.765355646521011054e-03,0.000000000000000000e+00
-4.775016000000000260e-01,1.845282000000000089e+00,1.245060000000000056e+00,8.765355646521011054e-03,3.017745261291125969e-01
-4.774761000000000144e-01,1.842244999999999910e+00,1.246331000000000078e+00,8.483905780358531185e-03,1.201177549321368193e-01
-4.775827000000000266e-01,1.840721999999999969e+00,1.246836999999999973e+00,8.582429443927784216e-03,0.000000000000000000e+00
-4.775827000000000266e-01,1.840721999999999969e+00,1.246836999999999973e+00,8.582429443927784216e-03,3.148190303319322036e-01
-4.780209000000000263e-01,1.837790999999999952e+00,1.247821999999999987e+00,8.559671778754040020e-03,1.528617737112484276e-01
-4.781546999999999881e-01,1.836176000000000030e+00,1.248466999999999993e+00,8.416022644931480182e-03,0.000000000000000000e+00
-4.781546999999999881e-01,1.836176000000000030e+00,1.248466999999999993e+00,8.416022644931480182e-03,1.482991862811350037e-01
-4.782131000000000021e-01,1.834619000000000000e+00,1.249127000000000098e+00,8.298764124856044047e-03,3.626573031438342642e-01
-4.781244000000000050e-01,1.831318999999999919e+00,1.250966000000000022e+00,7.651793896858349354e-03,0.000000000000000000e+00
-4.781244000000000050e-01,1.831318999999999919e+00,1.250966000000000022e+00,7.651793896858349354e-03,1.643223186938984615e-01
-4.782329000000000163e-01,1.829812999999999912e+00,1.251770000000000049e+00,7.661748918491035308e-03,3.167063541650142477e-01
-4.782125999999999877e-01,1.826748000000000038e+00,1.252993000000000023e+00,7.360457162432255951e-03,0.000000000000000000e+00
-4.782125999999999877e-01,1.826748000000000038e+00,1.252993000000000023e+00,7.360457162432255951e-03,1.317625040610598541e-01
-4.783131999999999939e-01,1.825258999999999965e+00,1.253473999999999977e+00,7.499474331578134638e-03,1.389328908610580893e-01
-4.783623000000000181e-01,1.823801999999999923e+00,1.253889000000000031e+00,7.455084369743830881e-03,2.301657392179673745e-01
-4.780779000000000001e-01,1.821372999999999909e+00,1.254845999999999906e+00,7.470165393751491446e-03,1.279878633917363173e-01
-4.779190999999999856e-01,1.820092999999999961e+00,1.255381000000000080e+00,7.192182122972110014e-03,0.000000000000000000e+00
-4.779190999999999856e-01,1.820092999999999961e+00,1.255381000000000080e+00,7.192182122972110014e-03,1.202204299184028852e-01
-4.777384000000000075e-01,1.818753000000000064e+00,1.255851999999999968e+00,7.256523228103123162e-03,2.069572458874478493e-01
-4.774933000000000094e-01,1.816473000000000004e+00,1.256407000000000052e+00,7.303612445906429960e-03,0.000000000000000000e+00
-4.774933000000000094e-01,1.816473000000000004e+00,1.256407000000000052e+00,7.303612445906429960e-03,8.600813080879961270e-02
-4.772468000000000266e-01,1.815479999999999983e+00,1.256704999999999961e+00,7.270020482089488423e-03,2.228959993181800769e-01
-4.763896000000000241e-01,1.813388000000000000e+00,1.257236999999999938e+00,7.276477117396971429e-03,0.000000000000000000e+00
-4.763896000000000241e-01,1.813388000000000000e+00,1.257236999999999938e+00,7.276477117396971429e-03,9.478852110192834135e-02
-4.759168999999999761e-01,1.812394999999999978e+00,1.257492000000000054e+00,7.100968300872786791e-03,1.067511014862682350e-01
-4.755242000000000080e-01,1.811368000000000089e+00,1.257875999999999994e+00,7.013324601071914931e-03,2.572804027976313135e-01
-4.743876000000000204e-01,1.809115999999999946e+00,1.259106999999999976e+00,6.238533051928295096e-03,0.000000000000000000e+00
-4.743876000000000204e-01,1.809115999999999946e+00,1.259106999999999976e+00,6.238533051928295096e-03,1.316518714342538032e-01
-4.737646999999999831e-01,1.807919000000000054e+00,1.259767000000000081e+00,5.889964999047133352e-03,2.861593591281002547e-01
-4.724370999999999987e-01,1.805536999999999948e+00,1.260972999999999900e+00,5.223397013438805907e-03,1.260085825014233274e-01
-4.716200999999999866e-01,1.804389000000000021e+00,1.261486000000000107e+00,5.110917800160686385e-03,1.532876146144977469e-01
-4.707894000000000245e-01,1.803112000000000048e+00,1.261965999999999921e+00,5.289282178141071523e-03,0.000000000000000000e+00
-4.707894000000000245e-01,1.803112000000000048e+00,1.261965999999999921e+00,5.289282178141071523e-03,2.596531715739585078e-01
-4.691441000000000083e-01,1.800848000000000004e+00,1.262937999999999894e+00,5.091888636841984672e-03,1.435005622803518788e-01
-4.682772000000000046e-01,1.799566999999999917e+00,1.263474999999999904e+00,5.390038964608861310e-03,0.000000000000000000e+00
-4.682772000000000046e-01,1.799566999999999917e+00,1.263474999999999904e+00,5.390038964608861310e-03,1.230398288754643854e-01
-4.674710999999999728e-01,1.798469000000000095e+00,1.264011999999999913e+00,5.248117347201926124e-03,2.943489996336205450e-01
-4.660938000000000025e-01,1.795876999999999946e+00,1.265322000000000058e+00,5.531864011343635285e-03,0.000000000000000000e+00
-4.660938000000000025e-01,1.795876999999999946e+00,1.265322000000000058e+00,5.531864011343635285e-03,1.269255471040515171e-01
-4.654635999999999774e-01,1.794621999999999939e+00,1.265878000000000059e+00,5.432522618452608962e-03,3.035535377662654799e-01
-4.646058000000000132e-01,1.791617999999999933e+00,1.266977000000000020e+00,5.413926716349211181e-03,0.000000000000000000e+00
-4.646058000000000132e-01,1.791617999999999933e+00,1.266977000000000020e+00,5.413926716349211181e-03,1.505144732586445044e-01
-4.640781999999999963e-01,1.790100999999999942e+00,1.267584999999999962e+00,5.390867452460727446e-03,1.549719941928666966e-01
-4.635806000000000093e-01,1.788637999999999950e+00,1.268270999999999926e+00,5.676697533777841018e-03,3.521979799701611680e-01
-4.622719000000000134e-01,1.785344000000000042e+00,1.269763999999999893e+00,5.975684144932713604e-03,1.572273950359272254e-01
-4.614428999999999892e-01,1.783816999999999986e+00,1.270458000000000087e+00,6.156224038320912487e-03,0.000000000000000000e+00
-4.614428999999999892e-01,1.783816999999999986e+00,1.270458000000000087e+00,6.156224038320912487e-03,1.557682361558665463e-01
-4.608819000000000110e-01,1.782386999999999944e+00,1.271185000000000009e+00,6.428716404539883481e-03,3.028930272698124870e-01
-4.600493999999999972e-01,1.779271999999999965e+00,1.272429000000000032e+00,6.547312505142803898e-03,0.000000000000000000e+00
-4.600493999999999972e-01,1.779271999999999965e+00,1.272429000000000032e+00,6.547312505142803898e-03,1.638141890429647973e-01
-4.596584000000000225e-01,1.777632000000000101e+00,1.273026999999999909e+00,6.882916129083580838e-03,3.107890057632453629e-01
-4.591603000000000212e-01,1.774270999999999932e+00,1.274041999999999897e+00,6.618129361836290470e-03,0.000000000000000000e+00
-4.591603000000000212e-01,1.774270999999999932e+00,1.274041999999999897e+00,6.618129361836290470e-03,1.565461450679803135e-01
-4.589267000000000207e-01,1.772661000000000042e+00,1.274561999999999973e+00,6.694290851165603587e-03,1.478960623951582898e-01
-4.586123999999999756e-01,1.770979000000000081e+00,1.274980000000000002e+00,6.550836915234567806e-03,3.086761805043431450e-01
-4.580035000000000078e-01,1.767887999999999904e+00,1.275613000000000108e+00,6.634674035700637885e-03,0.000000000000000000e+00
-4.580035000000000078e-01,1.767887999999999904e+00,1.275613000000000108e+00,6.634674035700637885e-03,1.425031649816113355e-01
-4.577394000000000185e-01,1.766294000000000031e+00,1.275795000000000012e+00,6.540875590469507304e-03,3.335799663655749647e-01
-4.577157000000000031e-01,1.762844000000000078e+00,1.276189999999999936e+00,5.926878072813739420e-03,1.542741881520680314e-01
-4.577336000000000182e-01,1.761085000000000012e+00,1.276254000000000000e+00,5.772695872813695013e-03,1.595847717729393656e-01
-4.577667999999999737e-01,1.759265999999999996e+00,1.276329000000000047e+00,5.292947511547877945e-03,0.000000000000000000e+00
-4.577667999999999737e-01,1.759265999999999996e+00,1.276329000000000047e+00,5.292947511547877945e-03,3.285492687637218134e-01
-4.578062999999999994e-01,1.755686000000000080e+00,1.276502999999999943e+00,4.991948658590102117e-03,1.457422355079723009e-01
-4.577200000000000157e-01,1.754026000000000085e+00,1.276456000000000035e+00,4.406229866904326324e-03,0.000000000000000000e+00
-4.577200000000000157e-01,1.754026000000000085e+00,1.276456000000000035e+00,4.406229866904326324e-03,1.491135664896265645e-01
-4.578365999999999825e-01,1.752409000000000106e+00,1.276304000000000105e+00,4.218833341102711139e-03,3.068638992341039540e-01
-4.577799000000000174e-01,1.748758999999999952e+00,1.276210000000000067e+00,3.684183764417960950e-03,0.000000000000000000e+00
-4.577799000000000174e-01,1.748758999999999952e+00,1.276210000000000067e+00,3.684183764417960950e-03,1.481566083175988868e-01
-4.576048999999999811e-01,1.747152999999999956e+00,1.276156999999999986e+00,4.148236884508769637e-03,2.785318142244936346e-01
-4.573517000000000277e-01,1.743859000000000048e+00,1.275889000000000051e+00,3.538706866921816421e-03,0.000000000000000000e+00
-4.573517000000000277e-01,1.743859000000000048e+00,1.275889000000000051e+00,3.538706866921816421e-03,1.445419932761141668e-01
-4.571070999999999884e-01,1.742302999999999935e+00,1.275813000000000086e+00,3.736469698793283296e-03,1.432607607040241315e-01
-4.568701000000000012e-01,1.740618999999999916e+00,1.275692999999999966e+00,3.363648229229668565e-03,0.000000000000000000e+00
-4.568701000000000012e-01,1.740618999999999916e+00,1.275692999999999966e+00,3.363648229229668565e-03,4.121334702919022819e-01
-4.560273000000000243e-01,1.736237999999999948e+00,1.275133000000000072e+00,3.206291402851686474e-03,0.000000000000000000e+00
-4.560273000000000243e-01,1.736237999999999948e+00,1.275133000000000072e+00,3.206291402851686474e-03,2.956779265447260219e-01
-4.555311000000000221e-01,1.733211000000000057e+00,1.274877999999999956e+00,3.507658798971166440e-03,1.396365178715771038e-01
-4.551496999999999904e-01,1.731667999999999985e+00,1.274767999999999901e+00,3.456262925473027950e-03,0.000000000000000000e+00
-4.551496999999999904e-01,1.731667999999999985e+00,1.274767999999999901e+00,3.456262925473027950e-03,1.502743613549244461e-01
-4.545834000000000263e-01,1.730231000000000074e+00,1.274520000000000097e+00,3.862397654307484114e-03,2.368576521089159614e-01
-4.539154000000000244e-01,1.727791000000000077e+00,1.273992999999999931e+00,3.092995190749580486e-03,0.000000000000000000e+00
-4.539154000000000244e-01,1.727791000000000077e+00,1.273992999999999931e+00,3.092995190749580486e-03,1.190940542463149315e-01
-4.535414999999999863e-01,1.726553999999999922e+00,1.273857999999999935e+00,3.500171961489955200e-03,1.310824112655399054e-01
-4.531157000000000101e-01,1.725211999999999968e+00,1.273606999999999934e+00,3.220623765670150261e-03,2.235218968324123312e-01
-4.521699000000000135e-01,1.722863999999999951e+00,1.273295999999999983e+00,3.162750410639392478e-03,0.000000000000000000e+00
-4.521699000000000135e-01,1.722863999999999951e+00,1.273295999999999983e+00,3.162750410639392478e-03,1.198144491204610335e-01
-4.517050000000000232e-01,1.721645000000000092e+00,1.273196999999999912e+00,3.262806627736348185e-03,2.182696149451445744e-01
-4.508275999999999950e-01,1.719203000000000037e+00,1.273082000000000047e+00,3.114482366301111853e-03,0.000000000000000000e+00
-4.508275999999999950e-01,1.719203000000000037e+00,1.273082000000000047e+00,3.114482366301111853e-03,1.116506995935697272e-01
-4.504232000000000236e-01,1.718061000000000060e+00,1.272955000000000059e+00,3.608285838178668537e-03,9.515453504152990294e-02
-4.499729000000000090e-01,1.717084999999999972e+00,1.272801999999999989e+00,3.044015696411606943e-03,2.167928431260587874e-01
-4.492495000000000238e-01,1.714963000000000015e+00,1.272524999999999906e+00,3.166867379604013013e-03,1.140626874439654298e-01
-4.488440000000000207e-01,1.713789000000000007e+00,1.272448000000000023e+00,3.462863560696682278e-03,0.000000000000000000e+00
-4.488440000000000207e-01,1.713789000000000007e+00,1.272448000000000023e+00,3.462863560696682278e-03,2.573255919294228367e-01
-4.481017999999999946e-01,1.711354999999999960e+00,1.272245999999999988e+00,3.274389677481976280e-03,1.080332443614632626e-01
-4.476186999999999805e-01,1.710237999999999925e+00,1.272049999999999903e+00,3.706378050064549051e-03,0.000000000000000000e+00
-4.476186999999999805e-01,1.710237999999999925e+00,1.272049999999999903e+00,3.706378050064549051e-03,1.175426845208442789e-01
-4.471301999999999777e-01,1.709127000000000063e+00,1.271894000000000080e+00,3.277193000114664648e-03,2.218099497495011618e-01
-4.458666000000000018e-01,1.707068000000000030e+00,1.271752999999999911e+00,3.314144963636805972e-03,0.000000000000000000e+00
-4.458666000000000018e-01,1.707068000000000030e+00,1.271752999999999911e+00,3.314144963636805972e-03,1.224076027392914656e-01
-4.451509000000000160e-01,1.706029999999999935e+00,1.271560000000000024e+00,3.404048361877296154e-03,1.142549431505384128e-01
-4.445751000000000008e-01,1.704944000000000015e+00,1.271352999999999955e+00,2.919093504840008114e-03,0.000000000000000000e+00
-4.445751000000000008e-01,1.704944000000000015e+00,1.271352999999999955e+00,2.919093504840008114e-03,2.138610816754598631e-01
-4.436703000000000174e-01,1.702920999999999907e+00,1.270623000000000058e+00,3.089261499128883454e-03,9.435273085919813896e-02
-4.433121999999999896e-01,1.702028000000000096e+00,1.270140000000000047e+00,2.649321316865971450e-03,2.068087970069295289e-01
-4.424783999999999939e-01,1.700053000000000036e+00,1.269153999999999893e+00,1.877993610212745027e-03,1.011264811287649751e-01
-4.419490999999999836e-01,1.699170999999999987e+00,1.268755000000000077e+00,2.385197998070716710e-03,0.000000000000000000e+00
-4.419490999999999836e-01,1.699170999999999987e+00,1.268755000000000077e+00,2.385197998070716710e-03,9.897591174600117725e-02
-4.414053000000000004e-01,1.698204999999999965e+00,1.268356999999999957e+00,1.684738721582666092e-03,2.146843841378026918e-01
-4.403715000000000268e-01,1.696363999999999983e+00,1.267617999999999912e+00,1.313022787311853359e-03,0.000000000000000000e+00
-4.403715000000000268e-01,1.696363999999999983e+00,1.267617999999999912e+00,1.313022787311853359e-03,1.014928391248087342e-01
-4.397692999999999741e-01,1.695451999999999959e+00,1.267234999999999889e+00,2.204324633532881231e-03,2.114044766593027036e-01
-4.386024000000000034e-01,1.693731000000000098e+00,1.266237000000000057e+00,5.373405251793421551e-04,1.063278987743273840e-01
-4.380736000000000074e-01,1.692871999999999932e+00,1.265662000000000065e+00,1.392686971289623134e-03,0.000000000000000000e+00
-4.380736000000000074e-01,1.692871999999999932e+00,1.265662000000000065e+00,1.392686971289623134e-03,9.347115475156149433e-02
-4.376395000000000146e-01,1.692161999999999944e+00,1.265071000000000057e+00,2.330735343191114861e-03,2.101632094475835155e-01
-4.365303999999999851e-01,1.690628999999999937e+00,1.263776000000000010e+00,1.921469180080672030e-03,0.000000000000000000e+00
-4.365303999999999851e-01,1.690628999999999937e+00,1.263776000000000010e+00,1.921469180080672030e-03,1.103917204133818691e-01
-4.359592999999999940e-01,1.689896000000000065e+00,1.263098000000000054e+00,2.635758903997015463e-03,1.104368755217218362e-01
-4.352305000000000201e-01,1.689262999999999959e+00,1.262377000000000082e+00,3.697724116263815305e-03,1.989651034467477819e-01
-4.340665000000000218e-01,1.688244999999999996e+00,1.260583999999999927e+00,4.629919195839217808e-03,1.004002713701956651e-01
-4.334511999999999809e-01,1.688012000000000068e+00,1.259706999999999910e+00,5.501915510983538052e-03,0.000000000000000000e+00
-4.334511999999999809e-01,1.688012000000000068e+00,1.259706999999999910e+00,5.501915510983538052e-03,2.305732794144951803e-01
-4.325017999999999918e-01,1.686519000000000101e+00,1.257759999999999989e+00,7.078722470191996415e-03,1.245427648780877555e-01
-4.320888999999999980e-01,1.685645000000000060e+00,1.256896000000000013e+00,7.427603815497974341e-03,0.000000000000000000e+00
-4.320888999999999980e-01,1.685645000000000060e+00,1.256896000000000013e+00,7.427603815497974341e-03,1.049573856442223702e-01
-4.316634999999999778e-01,1.684755999999999920e+00,1.256126999999999994e+00,7.889650856660223449e-03,2.184175208608413743e-01
-4.305405999999999955e-01,1.683054000000000050e+00,1.255120999999999931e+00,8.499322198858081170e-03,0.000000000000000000e+00
-4.305405999999999955e-01,1.683054000000000050e+00,1.255120999999999931e+00,8.499322198858081170e-03,9.238284403283013313e-02
-4.300212999999999952e-01,1.682280999999999915e+00,1.254534999999999956e+00,8.762524022791623457e-03,2.257049951956649481e-01
-4.291467999999999949e-01,1.680614000000000052e+00,1.253128999999999937e+00,9.773139260237798456e-03,0.000000000000000000e+00
-4.291467999999999949e-01,1.680614000000000052e+00,1.253128999999999937e+00,9.773139260237798456e-03,1.105054248034948727e-01
-4.286345999999999767e-01,1.679627999999999899e+00,1.252532999999999896e+00,9.854871892115127721e-03,1.183831465570332059e-01
-4.280009000000000174e-01,1.678673999999999999e+00,1.251935999999999938e+00,1.012801470970499905e-02,0.000000000000000000e+00
-4.280009000000000174e-01,1.678673999999999999e+00,1.251935999999999938e+00,1.012801470970499905e-02,3.260202328101182712e-01
-4.262432999999999916e-01,1.675631000000000093e+00,1.250726000000000004e+00,1.036992994961882970e-02,0.000000000000000000e+00
-4.262432999999999916e-01,1.675631000000000093e+00,1.250726000000000004e+00,1.036992994961882970e-02,1.363759534186357036e-01
-4.256859000000000059e-01,1.674272999999999900e+00,1.250475000000000003e+00,1.027245058396487887e-02,2.328477944536100908e-01
-4.246928999999999843e-01,1.671704000000000079e+00,1.250096000000000096e+00,9.621100365862545606e-03,0.000000000000000000e+00
-4.246928999999999843e-01,1.671704000000000079e+00,1.250096000000000096e+00,9.621100365862545606e-03,1.121289657905806952e-01
-4.242091000000000056e-01,1.670531999999999906e+00,1.249924999999999953e+00,9.488949019253983819e-03,2.301363688420400011e-01
-4.229168999999999845e-01,1.668306000000000067e+00,1.249417000000000000e+00,9.158352406956124861e-03,1.219591671460185378e-01
-4.223572999999999911e-01,1.667119000000000018e+00,1.249190000000000023e+00,9.052670638546304882e-03,0.000000000000000000e+00
-4.223572999999999911e-01,1.667119000000000018e+00,1.249190000000000023e+00,9.052670638546304882e-03,1.307952293778758546e-01
-4.218940999999999941e-01,1.665669000000000066e+00,1.248858999999999941e+00,8.772471544553560666e-03,2.775673052783707573e-01
-4.205399000000000220e-01,1.662976000000000010e+00,1.248569000000000040e+00,8.205699143887730182e-03,0.000000000000000000e+00
-4.205399000000000220e-01,1.662976000000000010e+00,1.248569000000000040e+00,8.205699143887730182e-03,1.337691250033321289e-01
-4.199513999999999747e-01,1.661570999999999909e+00,1.248472999999999944e+00,7.669124249873656742e-03,2.870760817171029711e-01
-4.188186999999999882e-01,1.658829000000000109e+00,1.248113000000000028e+00,7.139927456914454962e-03,0.000000000000000000e+00
-4.188186999999999882e-01,1.658829000000000109e+00,1.248113000000000028e+00,7.139927456914454962e-03,2.441348531386494936e-01
-4.175385999999999820e-01,1.656411999999999995e+00,1.247584999999999944e+00,6.506251181748197443e-03,0.000000000000000000e+00
-4.175385999999999820e-01,1.656411999999999995e+00,1.247584999999999944e+00,6.506251181748197443e-03,2.436514168420477189e-01
-4.165479999999999738e-01,1.653866000000000058e+00,1.247069999999999901e+00,5.939587413280646329e-03,1.285986805274624556e-01
-4.161212000000000244e-01,1.652463000000000015e+00,1.247020999999999935e+00,5.321577938920062437e-03,0.000000000000000000e+00
-4.161212000000000244e-01,1.652463000000000015e+00,1.247020999999999935e+00,5.321577938920062437e-03,1.261061307831552181e-01
-4.156206000000000067e-01,1.651183000000000067e+00,1.247082999999999942e+00,5.060350900876399438e-03,2.535455181974913819e-01
-4.143007000000000217e-01,1.648608999999999991e+00,1.247044999999999959e+00,4.028876549362122444e-03,0.000000000000000000e+00
-4.143007000000000217e-01,1.648608999999999991e+00,1.247044999999999959e+00,4.028876549362122444e-03,1.264435157853633640e-01
-4.135461000000000276e-01,1.647454999999999892e+00,1.247001999999999944e+00,4.139453709126363068e-03,2.222830764869308251e-01
-4.123630999999999824e-01,1.645088000000000106e+00,1.246922000000000086e+00,3.451242002526131846e-03,0.000000000000000000e+00
-4.123630999999999824e-01,1.645088000000000106e+00,1.246922000000000086e+00,3.451242002526131846e-03,1.091435380284233037e-01
-4.119487000000000010e-01,1.643936999999999982e+00,1.246688999999999936e+00,3.332678118270686590e-03,1.102537849372840079e-01
-4.114579999999999904e-01,1.642787999999999915e+00,1.246542000000000039e+00,3.691001773231768288e-03,0.000000000000000000e+00
-4.114579999999999904e-01,1.642787999999999915e+00,1.246542000000000039e+00,3.691001773231768288e-03,2.097676156070611697e-01
-4.102241999999999833e-01,1.640851000000000059e+00,1.245867999999999975e+00,3.193968260643874693e-03,1.039696632039250751e-01
-4.097690999999999972e-01,1.639720000000000066e+00,1.245657000000000014e+00,3.404517287369836828e-03,1.897257589687931234e-01
-4.089924999999999811e-01,1.638061999999999907e+00,1.245220999999999911e+00,3.176622276884612066e-03,7.915681708078371737e-02
-4.085719999999999907e-01,1.637273999999999896e+00,1.245087000000000055e+00,3.117928164663181373e-03,0.000000000000000000e+00
-4.085719999999999907e-01,1.637273999999999896e+00,1.245087000000000055e+00,3.117928164663181373e-03,9.772522902309092874e-02
-4.083030000000000270e-01,1.636300000000000088e+00,1.244960999999999984e+00,3.171377404220372415e-03,1.689825866016373690e-01
-4.076908000000000198e-01,1.634587000000000012e+00,1.244321999999999928e+00,3.263653376202729599e-03,7.488220260564361352e-02
-4.072164999999999813e-01,1.633917000000000064e+00,1.244085000000000107e+00,3.127933824427973214e-03,0.000000000000000000e+00
-4.072164999999999813e-01,1.633917000000000064e+00,1.244085000000000107e+00,3.127933824427973214e-03,8.730416637728190266e-02
-4.067806999999999951e-01,1.633110000000000062e+00,1.243827999999999934e+00,3.173511696843085358e-03,1.584812168425363266e-01
-4.057913000000000214e-01,1.631512000000000073e+00,1.243654000000000037e+00,4.231065351657914593e-03,0.000000000000000000e+00
-4.057913000000000214e-01,1.631512000000000073e+00,1.243654000000000037e+00,4.231065351657914593e-03,8.934737317438908033e-02
-4.053248999999999880e-01,1.630619000000000041e+00,1.243497999999999992e+00,4.121084838971399850e-03,1.596681788206913699e-01
-4.044321000000000166e-01,1.629151999999999934e+00,1.243206000000000033e+00,4.404397335618120968e-03,0.000000000000000000e+00
-4.044321000000000166e-01,1.629151999999999934e+00,1.243206000000000033e+00,4.404397335618120968e-03,6.792554125620547945e-02
-4.041581000000000201e-01,1.628476999999999952e+00,1.243069999999999897e+00,4.651266632864550082e-03,8.161020898308889160e-02
-4.039387999999999868e-01,1.627574000000000076e+00,1.242785000000000029e+00,4.972176139277409944e-03,1.764273573567538000e-01
-4.036171000000000064e-01,1.625801999999999969e+00,1.242424999999999891e+00,4.826325750506185210e-03,7.558322198764011457e-02
-4.033141000000000087e-01,1.625008999999999926e+00,1.242272999999999961e+00,5.016152434884718798e-03,0.000000000000000000e+00
-4.033141000000000087e-01,1.625008999999999926e+00,1.242272999999999961e+00,5.016152434884718798e-03,1.766233317030334871e-01
-4.028539999999999899e-01,1.623315999999999981e+00,1.241716999999999960e+00,5.601176247896496978e-03,7.742177370401877312e-02
-4.026363000000000025e-01,1.622497999999999996e+00,1.241467000000000098e+00,5.624118562939526590e-03,0.000000000000000000e+00
-4.026363000000000025e-01,1.622497999999999996e+00,1.241467000000000098e+00,5.624118562939526590e-03,8.560301931569452849e-02
-4.023367999999999944e-01,1.621645999999999921e+00,1.241228999999999916e+00,5.668774273156353995e-03,1.626059413604281079e-01
-4.018950000000000022e-01,1.619995999999999992e+00,1.240744000000000069e+00,6.115190051012372660e-03,0.000000000000000000e+00
-4.018950000000000022e-01,1.619995999999999992e+00,1.240744000000000069e+00,6.115190051012372660e-03,7.903491117021402279e-02
-4.016314000000000273e-01,1.619251999999999914e+00,1.240509000000000084e+00,6.473962387904445316e-03,7.455006645875938975e-02
-4.015240999999999949e-01,1.618551999999999991e+00,1.240108999999999906e+00,6.482012545498425614e-03,0.000000000000000000e+00
-4.015240999999999949e-01,1.618551999999999991e+00,1.240108999999999906e+00,6.482012545498425614e-03,1.733651610757810380e-01
-4.009843000000000157e-01,1.616975000000000051e+00,1.239214999999999955e+00,6.353281778734470690e-03,6.699038692184880461e-02
-4.007530000000000259e-01,1.616471999999999909e+00,1.238688000000000011e+00,6.248950920754709100e-03,1.461456046060422287e-01
-4.002349000000000045e-01,1.615453000000000028e+00,1.237473999999999963e+00,6.083353260332630998e-03,8.802776216336308246e-02
-4.001554999999999973e-01,1.614800000000000013e+00,1.236836000000000046e+00,5.742386804282737997e-03,0.000000000000000000e+00
-4.001554999999999973e-01,1.614800000000000013e+00,1.236836000000000046e+00,5.742386804282737997e-03,8.712199708220767780e-02
-4.000654000000000154e-01,1.613944999999999963e+00,1.236337000000000019e+00,5.763072656144506076e-03,2.287460037124660894e-01
-3.996289000000000091e-01,1.611791999999999891e+00,1.235417999999999905e+00,6.692054713613780279e-03,9.762784550349852541e-02
-3.993378000000000205e-01,1.610775000000000068e+00,1.235068999999999972e+00,6.868068796976359650e-03,0.000000000000000000e+00
-3.993378000000000205e-01,1.610775000000000068e+00,1.235068999999999972e+00,6.868068796976359650e-03,2.180416368022572438e-01
-3.983183000000000140e-01,1.608665000000000012e+00,1.234660000000000091e+00,7.723623064987190749e-03,9.681558303915303865e-02
-3.977531999999999734e-01,1.607914000000000065e+00,1.234177999999999997e+00,7.964111285008547425e-03,0.000000000000000000e+00
-3.977531999999999734e-01,1.607914000000000065e+00,1.234177999999999997e+00,7.964111285008547425e-03,1.051691334952297857e-01
-3.969440000000000190e-01,1.607377000000000056e+00,1.233567000000000080e+00,7.622122439976978733e-03,2.174248244994656798e-01
-3.954203000000000023e-01,1.606316999999999995e+00,1.232089999999999907e+00,7.001777514317300381e-03,0.000000000000000000e+00
-3.954203000000000023e-01,1.606316999999999995e+00,1.232089999999999907e+00,7.001777514317300381e-03,9.705483163667444346e-02
-3.949179999999999913e-01,1.605796000000000001e+00,1.231384999999999952e+00,6.971623332481457005e-03,8.997815713114687419e-02
-3.943461999999999801e-01,1.605232999999999910e+00,1.230817999999999968e+00,6.751050981884165747e-03,1.764953635684042288e-01
-3.934375999999999984e-01,1.603701000000000043e+00,1.229705000000000048e+00,6.734969238237038976e-03,9.775272811368673764e-02
-3.927883999999999820e-01,1.603101000000000109e+00,1.229198999999999931e+00,6.875331014576498145e-03,0.000000000000000000e+00
-3.927883999999999820e-01,1.603101000000000109e+00,1.229198999999999931e+00,6.875331014576498145e-03,1.877336632187244225e-01
-3.915968000000000226e-01,1.602033000000000040e+00,1.227640000000000065e+00,6.168042173169745353e-03,1.220918076306822531e-01
-3.909618999999999733e-01,1.601342000000000043e+00,1.226780999999999899e+00,5.977841948395691204e-03,0.000000000000000000e+00
-3.909618999999999733e-01,1.601342000000000043e+00,1.226780999999999899e+00,5.977841948395691204e-03,9.953040930759893268e-02
-3.902779000000000109e-01,1.600730999999999904e+00,1.226113000000000008e+00,6.099011769131253147e-03,2.156496250905723389e-01
-3.888743000000000061e-01,1.599143999999999899e+00,1.225084999999999980e+00,6.074781013337137402e-03,0.000000000000000000e+00
-3.888743000000000061e-01,1.599143999999999899e+00,1.225084999999999980e+00,6.074781013337137402e-03,9.153766951109872096e-02
-3.880711000000000022e-01,1.598557999999999923e+00,1.224639999999999951e+00,6.209377888323526148e-03,2.598968543384274077e-01
-3.861878000000000255e-01,1.597364000000000006e+00,1.223346000000000044e+00,6.167085045627372641e-03,0.000000000000000000e+00
-3.861878000000000255e-01,1.597364000000000006e+00,1.223346000000000044e+00,6.167085045627372641e-03,1.076202466456119833e-01
-3.853585999999999956e-01,1.596700999999999926e+00,1.222728999999999955e+00,6.145949752479296264e-03,1.090440311770421444e-01
-3.846744999999999748e-01,1.595973000000000086e+00,1.222083000000000030e+00,6.337474267403357328e-03,0.000000000000000000e+00
-3.846744999999999748e-01,1.595973000000000086e+00,1.222083000000000030e+00,6.337474267403357328e-03,3.534935712880259984e-01
-3.825161000000000255e-01,1.593830999999999998e+00,1.219710999999999990e+00,6.063273690012579292e-03,0.000000000000000000e+00
-3.825161000000000255e-01,1.593830999999999998e+00,1.219710999999999990e+00,6.063273690012579292e-03,9.318414744604486266e-02
-3.819026999999999838e-01,1.593372999999999928e+00,1.219041999999999959e+00,6.180757668765159835e-03,2.013414407183725385e-01
-3.806867999999999919e-01,1.591968999999999967e+00,1.217689999999999939e+00,5.896421063662336468e-03,1.198776108964321047e-01
-3.801122000000000112e-01,1.591053999999999968e+00,1.216952999999999951e+00,6.080813514654193411e-03,0.000000000000000000e+00
-3.801122000000000112e-01,1.591053999999999968e+00,1.216952999999999951e+00,6.080813514654193411e-03,2.080220316150258597e-01
-3.787700999999999985e-01,1.589512000000000036e+00,1.215556999999999999e+00,6.115243949344899808e-03,1.171683184727126542e-01
-3.781257000000000090e-01,1.588799000000000072e+00,1.214803999999999995e+00,6.097339898677069624e-03,0.000000000000000000e+00
-3.781257000000000090e-01,1.588799000000000072e+00,1.214803999999999995e+00,6.097339898677069624e-03,9.857242698432568118e-02
-3.775383999999999962e-01,1.588255999999999890e+00,1.213945999999999970e+00,6.118923598967454698e-03,2.349000215744977693e-01
-3.763247000000000120e-01,1.587250999999999967e+00,1.212072999999999956e+00,5.340602820843394841e-03,0.000000000000000000e+00
-3.763247000000000120e-01,1.587250999999999967e+00,1.212072999999999956e+00,5.340602820843394841e-03,1.091396219307139981e-01
-3.758658999999999750e-01,1.586730999999999892e+00,1.211039999999999894e+00,5.055387942581720737e-03,2.321967216728798022e-01
-3.745408000000000071e-01,1.585318999999999923e+00,1.209403000000000006e+00,4.943263117617724411e-03,0.000000000000000000e+00
-3.745408000000000071e-01,1.585318999999999923e+00,1.209403000000000006e+00,4.943263117617724411e-03,9.019077211681360284e-02
-3.741224000000000216e-01,1.584586999999999968e+00,1.208812999999999915e+00,4.961495340116601344e-03,8.778405644227839366e-02
-3.738632000000000066e-01,1.583812999999999915e+00,1.208312000000000053e+00,5.201618575981909604e-03,1.840806371798772156e-01
-3.735564000000000107e-01,1.582603999999999900e+00,1.206738000000000088e+00,4.879385679570854423e-03,8.229586462335976293e-02
-3.733091000000000048e-01,1.582140000000000102e+00,1.205959999999999921e+00,4.502960932541902501e-03,0.000000000000000000e+00
-3.733091000000000048e-01,1.582140000000000102e+00,1.205959999999999921e+00,4.502960932541902501e-03,8.619154645074834920e-02
-3.728459000000000079e-01,1.581703999999999999e+00,1.205209999999999892e+00,4.340782643717492131e-03,1.741612915632285985e-01
-3.719973999999999781e-01,1.580854999999999899e+00,1.203737000000000057e+00,4.383586660487106927e-03,0.000000000000000000e+00
-3.719973999999999781e-01,1.580854999999999899e+00,1.203737000000000057e+00,4.383586660487106927e-03,6.998096628798514129e-02
-3.715843999999999814e-01,1.580554999999999932e+00,1.203122999999999942e+00,3.948421154081657725e-03,1.388230899187750667e-01
-3.709570999999999841e-01,1.579803000000000068e+00,1.201878000000000002e+00,3.554160682917855297e-03,0.000000000000000000e+00
-3.709570999999999841e-01,1.579803000000000068e+00,1.201878000000000002e+00,3.554160682917855297e-03,6.136584192332706494e-02
-3.705683000000000171e-01,1.579469000000000012e+00,1.201400999999999941e+00,3.657994756693766156e-03,6.463248967626655794e-02
-3.701209999999999778e-01,1.579140999999999906e+00,1.200914999999999955e+00,3.900220538636233955e-03,0.000000000000000000e+00
-3.701209999999999778e-01,1.579140999999999906e+00,1.200914999999999955e+00,3.900220538636233955e-03,1.481472916419010744e-01
-3.688609999999999944e-01,1.578459999999999974e+00,1.200020000000000087e+00,3.582060111165287237e-03,5.662132613434333467e-02
-3.684173000000000031e-01,1.578122000000000025e+00,1.199640999999999957e+00,3.548788138224154981e-03,1.084179601054880565e-01
-3.680595999999999868e-01,1.577560999999999991e+00,1.198795999999999973e+00,3.505239198685400001e-03,4.999654852357052204e-02
-3.678123999999999838e-01,1.577166999999999986e+00,1.198425000000000074e+00,3.747141892162744996e-03,5.195111286306872134e-02
-3.676692999999999767e-01,1.576689000000000007e+00,1.198104999999999976e+00,4.106405271037016219e-03,0.000000000000000000e+00
-3.676692999999999767e-01,1.576689000000000007e+00,1.198104999999999976e+00,4.106405271037016219e-03,1.093462076870945487e-01
-3.671591000000000160e-01,1.575781000000000098e+00,1.197521000000000058e+00,4.049864719962914181e-03,4.942981425578116261e-02
-3.668177000000000243e-01,1.575415000000000010e+00,1.197211999999999943e+00,4.031859249775459481e-03,0.000000000000000000e+00
-3.668177000000000243e-01,1.575415000000000010e+00,1.197211999999999943e+00,4.031859249775459481e-03,4.820006937930629287e-02
-3.665110999999999786e-01,1.575104999999999977e+00,1.196917999999999926e+00,4.063682474062175684e-03,9.359038225472235406e-02
-3.659092999999999929e-01,1.574381000000000030e+00,1.196323000000000025e+00,4.402807160210428158e-03,0.000000000000000000e+00
-3.659092999999999929e-01,1.574381000000000030e+00,1.196323000000000025e+00,4.402807160210428158e-03,5.048394759147625810e-02
-3.657598000000000238e-01,1.573946999999999985e+00,1.195975000000000010e+00,4.662812760555628579e-03,1.294839809925013574e-01
-3.651593000000000200e-01,1.572689999999999921e+00,1.195483000000000073e+00,5.831211185508655519e-03,0.000000000000000000e+00
-3.651593000000000200e-01,1.572689999999999921e+00,1.195483000000000073e+00,5.831211185508655519e-03,3.655574541155012097e-02
-3.648674000000000084e-01,1.572432000000000052e+00,1.195333999999999897e+00,6.135883313753566493e-03,3.760221070608363997e-02
-3.645315000000000083e-01,1.572227000000000041e+00,1.195121000000000100e+00,6.412141858224907481e-03,7.419189585563121248e-02
-3.641665000000000041e-01,1.572659000000000029e+00,1.194649999999999990e+00,6.128463446084990787e-03,2.732059049548648047e-02
-3.639573999999999865e-01,1.572597999999999940e+00,1.194426999999999905e+00,6.268955019778092025e-03,0.000000000000000000e+00
-3.639573999999999865e-01,1.572597999999999940e+00,1.194426999999999905e+00,6.268955019778092025e-03,7.536489613615345029e-02
-3.633434999999999859e-01,1.572926999999999964e+00,1.193990000000000107e+00,6.320158210836233220e-03,5.014251795679434270e-02
-3.628874000000000266e-01,1.573161000000000032e+00,1.193799000000000055e+00,6.425237897541199658e-03,0.000000000000000000e+00
-3.628874000000000266e-01,1.573161000000000032e+00,1.193799000000000055e+00,6.425237897541199658e-03,6.056850382157254881e-02
-3.624222000000000277e-01,1.573533999999999988e+00,1.193594000000000044e+00,6.484290027443252724e-03,1.266082684178143070e-01
-3.611971999999999960e-01,1.574221000000000092e+00,1.193256000000000094e+00,7.044304732193190990e-03,0.000000000000000000e+00
-3.611971999999999960e-01,1.574221000000000092e+00,1.193256000000000094e+00,7.044304732193190990e-03,7.869202428545812866e-02
-3.605435000000000167e-01,1.574619999999999909e+00,1.192962999999999996e+00,7.443709277638443228e-03,7.476567617658255727e-02
-3.599245999999999834e-01,1.574948000000000015e+00,1.192544999999999966e+00,7.929073716393387344e-03,0.000000000000000000e+00
-3.599245999999999834e-01,1.574948000000000015e+00,1.192544999999999966e+00,7.929073716393387344e-03,1.951341196998449545e-01
-3.591318000000000010e-01,1.575248999999999899e+00,1.190696999999999894e+00,9.078557795156745255e-03,0.000000000000000000e+00
