-6.133639599999999303e-01,1.759067739999999880e+00,2.028509479999999865e+00,3.857608770676536694e-03,5.353258826792994113e-02
-6.138614199999999910e-01,1.758989609999999981e+00,2.028163780000000305e+00,3.541967830585451577e-03,1.285648998008050992e-01
-6.125696299999999761e-01,1.758631920000000015e+00,2.027750499999999789e+00,3.921535925794801362e-03,6.782601674010588222e-02
-6.131450800000000090e-01,1.758858830000000095e+00,2.027344380000000168e+00,3.290680638363473014e-03,6.197918409891155223e-02
-6.130411599999999739e-01,1.759434769999999926e+00,2.026947400000000066e+00,2.706261270923526405e-03,1.757621336717740124e-01
-6.111483300000000174e-01,1.759735180000000065e+00,2.027011499999999966e+00,3.890296427690268736e-03,1.136801633788786098e-01
-6.108961099999999922e-01,1.760771759999999908e+00,2.026376749999999838e+00,3.627908769553051492e-03,6.936860177428108565e-02
-6.107737599999999434e-01,1.761362709999999998e+00,2.025865679999999891e+00,3.625642259255634856e-03,1.352625939180725212e-01
-6.092029800000000606e-01,1.761233979999999866e+00,2.025532080000000068e+00,5.183440022919057373e-03,1.010420291626931005e-01
-6.097938700000000711e-01,1.761624960000000018e+00,2.024622620000000150e+00,4.694497683341482958e-03,8.924847840597936732e-02
-6.100982299999999636e-01,1.761867980000000111e+00,2.023827530000000152e+00,4.314411807210851747e-03,6.500743346927362332e-02
-6.088904200000000433e-01,1.760897349999999806e+00,2.023033960000000242e+00,5.663394303992933670e-03,1.050662080172839241e+00
-6.092973799999999995e-01,1.762446390000000029e+00,2.020343360000000033e+00,5.274468327338741221e-03,1.410588629245881909e-01
-6.092861700000000713e-01,1.762653910000000046e+00,2.019900199999999924e+00,5.205427214071789259e-03,1.289145198982730445e-01
-6.092964799999999181e-01,1.762957759999999929e+00,2.019195990000000052e+00,5.159785623851148757e-03,1.591380025212796034e-01
-6.075303499999999968e-01,1.763352779999999953e+00,2.019343280000000185e+00,6.885856448496437132e-03,1.306071046771446476e-01
-6.072711299999999923e-01,1.764082469999999958e+00,2.018147110000000133e+00,7.156868333419370495e-03,1.301410881893754201e-01
-6.069137399999999793e-01,1.764789130000000039e+00,2.016968630000000040e+00,7.540878591212087957e-03,2.641203796617876964e-01
-6.037706099999999854e-01,1.764762170000000019e+00,2.017091610000000035e+00,1.066157913243160650e-02,8.745728332814817207e-02
-6.034626499999999893e-01,1.764898630000000024e+00,2.016198869999999754e+00,1.095139088409781934e-02,5.457544621683894093e-01
-5.979063999999999490e-01,1.763778779999999990e+00,2.016587059999999987e+00,1.653437351162731495e-02,1.699337353518829419e-01
-5.993614800000000020e-01,1.764009640000000045e+00,2.015199400000000196e+00,1.506067104560752587e-02,1.046987100415426725e-01
-5.984628499999999907e-01,1.764023230000000053e+00,2.014494360000000039e+00,1.598894799556873150e-02,1.125993408238534221e-01
-5.975174899999999845e-01,1.764081570000000099e+00,2.013712069999999965e+00,1.691687687943320070e-02,9.518336698244456162e-02
-5.970206999999999598e-01,1.764105560000000184e+00,2.012746620000000153e+00,1.742739712946262537e-02,1.142074720539040661e-01
-5.961562899999999221e-01,1.764080819999999994e+00,2.011849540000000047e+00,1.830620299647364030e-02,1.171531127858106841e-01
-5.952520900000000115e-01,1.764084810000000170e+00,2.010946200000000239e+00,1.920991506811512220e-02,5.303320715220906090e-01
-5.893513200000000118e-01,1.762745800000000029e+00,2.010878040000000144e+00,2.522511682973927957e-02,4.771374544399594186e-01
-5.937791199999999936e-01,1.764197019999999894e+00,2.008557249999999961e+00,2.070437467945603072e-02,1.434786573979957847e-01
-5.926450100000000276e-01,1.764326390000000133e+00,2.007484009999999763e+00,2.182372829505299303e-02,5.470446806067175149e-01
-5.865559000000000189e-01,1.762991259999999949e+00,2.007664899999999975e+00,2.803795866602270398e-02,6.046815211411920021e-01
-5.925065699999999547e-01,1.764682899999999943e+00,2.005356550000000126e+00,2.193830685466409067e-02,1.255156947404774403e-01
-5.915878999999999444e-01,1.764466279999999943e+00,2.004364440000000247e+00,2.289755824715817775e-02,3.466290432737331173e-01
-5.949809600000000032e-01,1.765473779999999993e+00,2.002599549999999784e+00,1.940835013246877683e-02,1.294361895703665666e-01
-5.943627700000000402e-01,1.765401219999999993e+00,2.001331990000000172e+00,2.002794952433726086e-02,1.356437512777094179e-01
-5.936496599999999679e-01,1.765443600000000002e+00,2.000035969999999885e+00,2.075175505971727299e-02,2.266927225405904189e-01
-5.955866100000000163e-01,1.766143999999999936e+00,1.998471310000000001e+00,1.872248547442887170e-02,1.351621682752012499e-01
-5.950955399999999784e-01,1.766220729999999906e+00,1.997011410000000042e+00,1.917896323753193188e-02,1.404937576942470179e-01
-5.947079800000000249e-01,1.766225700000000121e+00,1.995528449999999898e+00,1.955633428843195701e-02,2.608539094322115393e-01
-5.968065399999999965e-01,1.766597779999999895e+00,1.993450839999999946e+00,1.740648590852269390e-02,1.486588066501417782e-01
-5.966949799999999859e-01,1.766496019999999945e+00,1.991836030000000202e+00,1.753200728381380108e-02,1.555986155444759322e-01
-5.967937899999999907e-01,1.766226509999999861e+00,1.990162870000000028e+00,1.745822866802644938e-02,2.799374257369408037e-01
-5.939739899999999517e-01,1.765087089999999970e+00,1.989186920000000081e+00,2.043114170658609854e-02,4.701449051804733603e-01
-5.982659399999999961e-01,1.765909040000000152e+00,1.986501280000000147e+00,1.602510891999169712e-02,1.570476866570011953e-01
-5.985593899999999135e-01,1.765496919999999914e+00,1.984864259999999936e+00,1.582175580528602521e-02,2.484164410921662069e-01
-5.966216300000000139e-01,1.764151880000000006e+00,1.983292690000000080e+00,1.805601196974013223e-02,3.943291209902189953e-01
-6.000429199999999241e-01,1.764466940000000150e+00,1.980703569999999969e+00,1.467434643590302852e-02,1.793843814137900394e-01
-6.006362299999999932e-01,1.764047710000000047e+00,1.978790030000000089e+00,1.424289735376554379e-02,1.894591140094906423e-01
-6.012856900000000948e-01,1.763715349999999793e+00,1.976755150000000016e+00,1.372894232084541193e-02,2.058850277424842112e-01
-6.023420899999999412e-01,1.763408359999999897e+00,1.974796800000000019e+00,1.286920374109064638e-02,1.969657201346139697e-01
-6.031470199999999782e-01,1.763201770000000002e+00,1.972605139999999979e+00,1.216902302294227411e-02,2.111779179114926519e-01
-6.040040499999999035e-01,1.762886869999999995e+00,1.970487550000000088e+00,1.150457733695158836e-02,3.715211491565964530e-01
-6.072971099999999733e-01,1.763282790000000100e+00,1.967564260000000065e+00,8.598089008366855551e-03,2.103932190884874320e-01
-6.082991500000000107e-01,1.762918460000000076e+00,1.965531549999999905e+00,8.043028403319081934e-03,1.917228959731328841e-01
-6.092264199999999352e-01,1.762621510000000002e+00,1.963572639999999980e+00,7.555866083520894685e-03,2.688417729544960166e-01
-6.116780699999999626e-01,1.763049419999999978e+00,1.961562280000000102e+00,6.052836141487799582e-03,1.575345212830190078e-01
-6.123428799999999228e-01,1.762874950000000052e+00,1.959987010000000085e+00,5.889320426755603050e-03,1.573454959837324585e-01
-6.130147799999999814e-01,1.762683659999999986e+00,1.958333209999999935e+00,5.835207666064592610e-03,1.872714555940869219e-01
-6.140574100000000257e-01,1.762915859999999890e+00,1.956482560000000204e+00,5.537989090392051589e-03,1.496070013728968418e-01
-6.144153500000000268e-01,1.763084019999999974e+00,1.954822000000000060e+00,5.283562158515759007e-03,1.550812744140439015e-01
-6.146296900000000063e-01,1.763365639999999956e+00,1.953088289999999949e+00,4.796853960024291194e-03,1.460498501808714933e-01
-6.148344699999999108e-01,1.763677720000000004e+00,1.951539200000000029e+00,4.390759099666016047e-03,1.217938833818302535e-01
-6.147503500000000010e-01,1.763896800000000153e+00,1.950108989999999931e+00,4.049999104024438676e-03,1.782505019960644310e-01
-6.153024799999999850e-01,1.764328909999999917e+00,1.948199790000000098e+00,3.994696482662951978e-03,1.264687760530743554e-01
-6.151513200000000570e-01,1.764470109999999980e+00,1.946835619999999878e+00,3.584914478045464568e-03,1.240700524560985479e-01
-6.149140100000000109e-01,1.764626550000000016e+00,1.945448819999999968e+00,3.301670396481178223e-03,1.927342841130734175e-01
-6.130450199999999406e-01,1.764408559999999904e+00,1.944310610000000050e+00,1.654170344946406454e-03,2.858753971419833451e-01
-6.150955999999999646e-01,1.765634169999999781e+00,1.942305520000000119e+00,3.472103248651901408e-03,1.420086686390724384e-01
-6.146876199999999901e-01,1.765963570000000038e+00,1.940847650000000035e+00,3.527537462848556217e-03,2.093149482366023773e-01
-6.129375999999999713e-01,1.765700179999999841e+00,1.939243869999999870e+00,2.387597488962492440e-03,2.433291414332056368e-01
-6.146826000000000789e-01,1.766727680000000023e+00,1.937344549999999943e+00,4.639619800684082612e-03,1.434921653398501251e-01
-6.140093199999999696e-01,1.767156260000000145e+00,1.935997790000000052e+00,5.041931224451778708e-03,2.307794286165636977e-01
-6.116089000000000109e-01,1.766966379999999948e+00,1.935261960000000059e+00,4.306349268928397894e-03,1.994406978398035879e-01
-6.128719700000000437e-01,1.767655060000000056e+00,1.933498799999999962e+00,5.837630326468165771e-03,1.080178791739121458e-01
-6.126290700000001088e-01,1.767497880000000077e+00,1.932135719999999779e+00,6.047781370197030486e-03,2.442172311804425844e-01
-6.108258899999999825e-01,1.766813600000000095e+00,1.931122940000000066e+00,5.660307468653981780e-03,1.602623281815297451e-01
-6.119606899999999738e-01,1.766431450000000014e+00,1.929534960000000021e+00,5.984612492400733300e-03,1.285748766577497759e-01
-6.120536599999999439e-01,1.765862179999999837e+00,1.928327140000000162e+00,5.868203471386877236e-03,2.156472070300453070e-01
-6.107131000000000087e-01,1.764872389999999847e+00,1.926819709999999963e+00,5.490740905032519444e-03,1.608170809297003179e-01
-6.116817600000000743e-01,1.764443839999999986e+00,1.925321399999999850e+00,5.818729027304824983e-03,1.243191934987507019e-01
-6.118440700000000732e-01,1.763625269999999912e+00,1.924175879999999950e+00,5.516342771456368872e-03,1.464301951820831393e-01
-6.107676200000000666e-01,1.762667020000000084e+00,1.923674829999999947e+00,4.852113149721637778e-03,1.368318767399601121e-01
-6.115407900000000563e-01,1.761982630000000105e+00,1.922503810000000035e+00,4.728487392930356623e-03,1.295196677546231467e-01
-6.118070899999999979e-01,1.761080970000000079e+00,1.921365269999999903e+00,4.490805683828008599e-03,1.555131458887744622e-01
-6.108517600000000769e-01,1.759912139999999958e+00,1.920587430000000095e+00,3.755840938338588560e-03,1.823250509705721945e-01
-6.121475100000000058e-01,1.759144139999999856e+00,1.919152540000000018e+00,3.945432419811403975e-03,1.323900189409865924e-01
-6.124578600000000206e-01,1.758209960000000072e+00,1.918008480000000127e+00,3.870290969113352689e-03,1.769141431059414460e-01
-6.116890699999999459e-01,1.756756030000000024e+00,1.917175839999999853e+00,2.904698411092028303e-03,1.855159396117695425e-01
-6.131934299999999283e-01,1.756195600000000079e+00,1.915796159999999970e+00,3.823767544516778073e-03,1.489180732655542572e-01
-6.136789300000000669e-01,1.754858370000000001e+00,1.914867079999999833e+00,3.849743357705925299e-03,1.709104058929054593e-01
-6.130640099999999926e-01,1.753299539999999990e+00,1.914269300000000174e+00,2.997837067904106974e-03,1.899866960319946674e-01
-6.146786499999999931e-01,1.752191939999999892e+00,1.913339020000000001e+00,4.402844426788190234e-03,1.177798621854387884e-01
-6.148286000000000584e-01,1.751149859999999947e+00,1.912602319999999967e+00,4.655427453199160667e-03,1.563022738486832264e-01
-6.137612000000000068e-01,1.750060280000000024e+00,1.911839870000000108e+00,3.608132041001285706e-03,1.377383168886372744e-01
-6.148851699999999809e-01,1.749831800000000159e+00,1.910765409999999997e+00,4.765340194466678725e-03,9.107829036943024259e-02
-6.146500599999999981e-01,1.749453020000000025e+00,1.909872280000000089e+00,4.508001544853289418e-03,1.424424867592855304e-01
-6.133288599999999757e-01,1.748701309999999953e+00,1.909297110000000020e+00,3.359860418499528538e-03,1.715695172503282628e-01
-6.145007000000000108e-01,1.748990640000000152e+00,1.907866410000000013e+00,4.480572932974127148e-03,8.745156051957168886e-02
-6.144290299999999316e-01,1.748378079999999946e+00,1.907082019999999822e+00,4.548768934525051003e-03,8.202074948323342940e-02
-6.144704899999999803e-01,1.747884410000000166e+00,1.906336829999999871e+00,4.506697485864807201e-03,9.527273864975439877e-02
-6.145019399999999132e-01,1.747171229999999964e+00,1.905516999999999905e+00,4.633939678988030844e-03,9.841876295173485056e-02
-6.145212800000000586e-01,1.746487509999999910e+00,1.904626400000000164e+00,4.598022700302907897e-03,1.659984088618098874e-01
-6.131896199999999908e-01,1.745658090000000051e+00,1.903901949999999843e+00,3.424213045504122775e-03,1.267153973192003957e-01
-6.140407799999999527e-01,1.745581119999999986e+00,1.902813659999999851e+00,4.246407094992200523e-03,8.511206775392604618e-02
-6.137847199999999503e-01,1.745299170000000011e+00,1.901921269999999886e+00,4.152436781240667445e-03,1.581406327498163233e-01
-6.122464899999999766e-01,1.744938829999999941e+00,1.901224040000000004e+00,2.846790787992639106e-03,1.113802850751073742e-01
-6.127777899999999889e-01,1.745108710000000007e+00,1.900144449999999985e+00,3.672609575043346130e-03,8.712794917664429262e-02
-6.123436899999999961e-01,1.745073120000000033e+00,1.899203560000000124e+00,3.831847753251628810e-03,1.518723422239348086e-01
-6.109790599999999072e-01,1.744579630000000048e+00,1.898572249999999961e+00,3.056727971704335453e-03,1.123140916686074242e-01
-6.116404399999999519e-01,1.744537540000000053e+00,1.897475389999999873e+00,3.924559520162755957e-03,9.445281031354713086e-02
-6.114660100000000043e-01,1.744120820000000016e+00,1.896549220000000036e+00,4.159552582778672063e-03,1.478231903974731587e-01
-6.102686699999999576e-01,1.743323219999999951e+00,1.895820349999999932e+00,3.618356394248732275e-03,1.399542680893668400e-01
-6.111066099999999945e-01,1.743286470000000143e+00,1.894544459999999875e+00,4.672284404507230302e-03,1.191953466633439984e-01
-6.113479700000000738e-01,1.742735380000000056e+00,1.893324760000000051e+00,5.040832767202291578e-03,1.311863030929699692e-01
-6.115243900000000288e-01,1.742404789999999926e+00,1.891943420000000042e+00,5.755667557512223788e-03,1.207117056186138293e-01
-6.118477700000000130e-01,1.741794639999999950e+00,1.890751730000000075e+00,6.203620563461216021e-03,1.248497542387191489e-01
-6.122711400000000470e-01,1.741076660000000054e+00,1.889596510000000062e+00,6.572331567054431889e-03,1.255236699648861753e-01
-6.126552900000000745e-01,1.740486170000000055e+00,1.888481080000000034e+00,7.108833328430231094e-03,1.187513860864751608e-01
-6.130526699999999662e-01,1.739783759999999901e+00,1.887392660000000166e+00,7.441081834659346410e-03,1.287147801473308151e-01
-6.134904500000000205e-01,1.739096909999999774e+00,1.886242419999999864e+00,7.972621933027954425e-03,1.271320131167451573e-01
-6.131219399999999764e-01,1.738162880000000188e+00,1.885283730000000046e+00,7.788654543430514020e-03,1.764659704966399789e-01
-6.145909499999999692e-01,1.737371980000000038e+00,1.884008440000000117e+00,8.839118770358341329e-03,1.614560564220208494e-01
-6.153500100000000028e-01,1.736321739999999947e+00,1.882935519999999974e+00,9.377150703817314220e-03,1.772729372628281397e-01
-6.153420899999999527e-01,1.734630600000000022e+00,1.881997190000000097e+00,8.996368874173635635e-03,1.776021581828513274e-01
-6.167201799999999512e-01,1.733493359999999983e+00,1.881041090000000082e+00,9.857804014997265107e-03,1.646101636368187682e-01
-6.175662499999999833e-01,1.732104880000000069e+00,1.880278539999999943e+00,1.026926050056685240e-02,1.402709389920873684e-01
-6.172466300000000183e-01,1.730607599999999913e+00,1.879812140000000076e+00,9.651568718944113570e-03,1.614607672849946718e-01
-6.183962699999999701e-01,1.729462590000000022e+00,1.878943019999999908e+00,1.049894140041743480e-02,1.259159379284530700e-01
-6.189053399999999705e-01,1.728394170000000063e+00,1.878243069999999904e+00,1.086864609302368688e-02,1.317634726576088211e-01
-6.184996700000000569e-01,1.727105339999999822e+00,1.877752320000000141e+00,1.027622219372943159e-02,1.502054856223079826e-01
-6.197380000000000111e-01,1.726229100000000072e+00,1.876954769999999995e+00,1.138047251448291546e-02,1.165224656993642111e-01
-6.201155700000000603e-01,1.725269370000000135e+00,1.876211509999999860e+00,1.171754936707773524e-02,9.373152206368530470e-02
-6.199078100000000591e-01,1.724514549999999868e+00,1.875553599999999932e+00,1.152547204129185203e-02,9.416116804396673645e-02
-6.200093500000000146e-01,1.723629309999999970e+00,1.874953340000000024e+00,1.158818388248129654e-02,9.154292836282855450e-02
-6.199681599999999904e-01,1.722783850000000117e+00,1.874423289999999964e+00,1.148980617061054477e-02,1.295241286654497670e-01
-6.190585200000000565e-01,1.721660959999999907e+00,1.874113720000000205e+00,1.047732089574420801e-02,8.194389976343989523e-02
-6.195036000000000431e-01,1.721342110000000147e+00,1.873355820000000005e+00,1.107318686894170554e-02,8.963525324948359851e-02
-6.191180699999999648e-01,1.720688109999999993e+00,1.872813309999999953e+00,1.071228766385129948e-02,1.428091175536040647e-01
-6.178066000000000946e-01,1.719857599999999875e+00,1.872679589999999950e+00,9.400176629090662914e-03,6.634624406440395306e-02
-6.181752700000000544e-01,1.719724290000000044e+00,1.871993519999999966e+00,9.979466593931856158e-03,9.013464370115277513e-02
-6.176719299999999802e-01,1.719102359999999940e+00,1.871503370000000110e+00,9.523762132655282445e-03,1.613697926559624907e-01
-6.163209499999999785e-01,1.718024320000000049e+00,1.871159889999999937e+00,8.256094977469721763e-03,8.231511063846259912e-02
-6.166727800000000315e-01,1.717531130000000017e+00,1.870443269999999991e+00,8.683517769786597285e-03,9.956244609816540525e-02
-6.164164799999999333e-01,1.716532049999999865e+00,1.869967200000000052e+00,8.366717569805802446e-03,1.523993926128893173e-01
-6.153601599999999339e-01,1.715248019999999984e+00,1.869961699999999949e+00,7.082471387587793363e-03,1.091596557830719766e-01
-6.158758100000000235e-01,1.714118029999999848e+00,1.869577720000000109e+00,7.297659932841446193e-03,1.185655212542728876e-01
-6.157476499999999797e-01,1.712949569999999921e+00,1.869201239999999986e+00,6.970906556897668409e-03,1.177316554037921015e-01
-6.152908999999999740e-01,1.711776030000000004e+00,1.868942390000000175e+00,6.375866416652561409e-03,1.034303991217396246e-01
-6.151975299999999924e-01,1.710719349999999972e+00,1.868427630000000006e+00,6.162443273596843185e-03,1.212627011702297891e-01
-6.154047400000000057e-01,1.709621669999999982e+00,1.867716509999999941e+00,6.406453835204046002e-03,1.760944302917534787e-01
-6.144797699999999807e-01,1.708110780000000162e+00,1.866973169999999849e+00,5.473173479636986825e-03,1.367352933331459075e-01
-6.151115100000000835e-01,1.707159260000000067e+00,1.865910370000000151e+00,6.180906850988774140e-03,1.493116190952012701e-01
-6.156200699999999637e-01,1.705910150000000014e+00,1.864996710000000002e+00,6.696983381456098582e-03,1.487998527202208099e-01
-6.152877900000000011e-01,1.704400840000000139e+00,1.864499740000000072e+00,6.204553500236693019e-03,1.560881277032327985e-01
-6.161966599999999517e-01,1.703114849999999958e+00,1.863667889999999883e+00,6.925829825674322850e-03,1.584692519624415485e-01
-6.167307300000000048e-01,1.701632269999999947e+00,1.862956620000000063e+00,7.290630648318343655e-03,1.599972403339599558e-01
-6.168399599999999650e-01,1.699962109999999971e+00,1.862461039999999901e+00,7.188832199133613279e-03,1.528409619029822142e-01
-6.173929300000000620e-01,1.698462310000000031e+00,1.861763889999999977e+00,7.597639249734158481e-03,1.512584564548346278e-01
-6.179217999999999655e-01,1.696971339999999939e+00,1.861073980000000017e+00,7.937627242192664412e-03,1.459951041605452304e-01
-6.176215000000000455e-01,1.695413309999999951e+00,1.860934859999999968e+00,7.355130393521298535e-03,1.644254654767712820e-01
-6.187314400000000214e-01,1.694181540000000208e+00,1.860057019999999950e+00,8.442691660341665461e-03,1.660109923109070462e-01
-6.193276999999999255e-01,1.692691230000000102e+00,1.859218110000000035e+00,8.964831521283576563e-03,1.540471006261799058e-01
-6.198206299999999835e-01,1.691285939999999988e+00,1.858439179999999968e+00,9.351020222890129782e-03,1.422643973785236993e-01
-6.199330499999999855e-01,1.689926230000000196e+00,1.857559680000000046e+00,9.474609621393419515e-03,1.274448083771110574e-01
-6.201921999999999713e-01,1.688498319999999886e+00,1.857114930000000053e+00,9.597905567742237229e-03,1.553437805323736876e-01
-6.203885999999999568e-01,1.687024019999999958e+00,1.856717750000000056e+00,9.604481057449064385e-03,1.230101125654453897e-01
-6.203663700000000558e-01,1.685501410000000089e+00,1.856610069999999890e+00,9.285111060935269389e-03,1.352896597658503064e-01
-6.204153700000000216e-01,1.684194710000000095e+00,1.856314039999999999e+00,9.200851247716220274e-03,1.245694930719465493e-01
-6.204294100000000700e-01,1.682887269999999935e+00,1.855938819999999989e+00,9.072536755141941134e-03,1.077399791590065437e-01
-6.203970299999999050e-01,1.681614230000000099e+00,1.855789970000000011e+00,8.830736365371811419e-03,1.183493325944801750e-01
-6.203003799999999845e-01,1.680433139999999881e+00,1.855448729999999991e+00,8.671658969707056464e-03,1.655715306439981549e-01
-6.189633199999999835e-01,1.679218609999999945e+00,1.855435960000000106e+00,7.157901571277659226e-03,7.016135331689113408e-02
-6.192115400000000047e-01,1.678717989999999993e+00,1.854862680000000097e+00,7.507323362564024584e-03,9.482388034726547954e-02
-6.188744399999999146e-01,1.677780229999999984e+00,1.854443759999999886e+00,7.195915827057708554e-03,1.634774619888035296e-01
-6.176122299999999843e-01,1.676519340000000025e+00,1.854506410000000161e+00,5.783563338340736749e-03,1.099003298912289844e-01
-6.180348800000000642e-01,1.675474910000000150e+00,1.854096359999999999e+00,6.127338842115870494e-03,1.377980723527614249e-01
-6.180128700000000475e-01,1.673982089999999978e+00,1.853919979999999912e+00,5.911018907210660416e-03,1.977409049998412882e-01
-6.169786299999999724e-01,1.671977019999999925e+00,1.853893020000000114e+00,4.588665403981792047e-03,1.301267207402788117e-01
-6.176779900000000101e-01,1.670750729999999962e+00,1.853433080000000066e+00,5.116496580610586410e-03,1.435141459131457353e-01
-6.178030800000000600e-01,1.669215109999999891e+00,1.853154289999999982e+00,5.097018138539486341e-03,1.828747236640892448e-01
-6.166432899999999551e-01,1.667591949999999823e+00,1.853122209999999992e+00,3.824289568887235743e-03,1.360663187934031404e-01
-6.173753000000000712e-01,1.666223650000000056e+00,1.853075440000000018e+00,4.111187999362283553e-03,1.296146811202312510e-01
-6.173482000000000136e-01,1.664811419999999931e+00,1.853008299999999942e+00,3.919941545023329990e-03,1.367955346318985854e-01
-6.169456300000000226e-01,1.663381910000000019e+00,1.853156209999999859e+00,3.198009277206739255e-03,1.299647800580728541e-01
-6.170832299999999826e-01,1.661845760000000061e+00,1.853025029999999962e+00,3.040137071811027658e-03,2.023749602450453655e-01
-6.163103600000000570e-01,1.659778630000000144e+00,1.852956799999999848e+00,2.052314503798248740e-03,1.741131967582336126e-01
-6.173318199999999756e-01,1.658304069999999797e+00,1.852697070000000057e+00,2.848210669911719305e-03,1.625688992581462711e-01
-6.176847399999999544e-01,1.656483130000000026e+00,1.852680719999999948e+00,2.925877452816522031e-03,2.040354361262584348e-01
-6.168139500000000552e-01,1.654446280000000158e+00,1.852900499999999839e+00,1.730302699211960218e-03,1.708889459879700534e-01
-6.179756499999999875e-01,1.652995510000000001e+00,1.852733089999999860e+00,2.406661872947738444e-03,1.559621585243389230e-01
-6.183844600000000247e-01,1.651267459999999909e+00,1.852644569999999824e+00,2.495751831432885693e-03,2.036941350478884416e-01
-6.177473099999999384e-01,1.649139519999999859e+00,1.852761829999999943e+00,1.503960099005188311e-03,1.817269095153727643e-01
-6.190485799999999594e-01,1.647539370000000059e+00,1.852566820000000058e+00,2.546047744190945046e-03,1.596724868552597820e-01
-6.195317999999999659e-01,1.645784220000000131e+00,1.852495540000000052e+00,2.784219062861247995e-03,2.051373014450677823e-01
-6.188911100000000776e-01,1.643799129999999886e+00,1.852962569999999864e+00,1.925558353802890805e-03,1.620283028098967459e-01
-6.201746200000000098e-01,1.642481720000000145e+00,1.852775940000000121e+00,2.712688632408758599e-03,1.655188336215834277e-01
-6.206319499999999323e-01,1.640735639999999940e+00,1.852721600000000191e+00,2.811659949584824607e-03,1.923272143934913470e-01
-6.198218299999999070e-01,1.638743349999999932e+00,1.853157769999999926e+00,1.601757735832696084e-03,1.576926311342897180e-01
-6.209693699999999650e-01,1.637467669999999931e+00,1.853032819999999914e+00,2.601833726854906569e-03,1.450985220755131033e-01
-6.213118699999999883e-01,1.635847989999999808e+00,1.853014619999999946e+00,2.679843179255173100e-03,1.397283310321343619e-01
-6.216064500000000326e-01,1.634282680000000099e+00,1.853032609999999858e+00,2.542570899109892514e-03,1.526446839681755985e-01
-6.216031699999999827e-01,1.632708459999999917e+00,1.853259889999999910e+00,2.182779467697080426e-03,1.432369067040636101e-01
-6.219218799999999270e-01,1.631042930000000002e+00,1.853432779999999891e+00,2.216953477567795879e-03,2.238043846696982087e-01
-6.211578500000000114e-01,1.628855820000000065e+00,1.853699509999999995e+00,1.179403499655749159e-03,1.654630852998430490e-01
-6.223969400000000096e-01,1.627543130000000060e+00,1.853685239999999901e+00,2.064333843180489632e-03,1.525432877304479240e-01
-6.226977999999999680e-01,1.625775689999999996e+00,1.853979269999999957e+00,1.857814839805046634e-03,2.354450846902353400e-01
-6.217349899999999874e-01,1.623639220000000050e+00,1.854697400000000052e+00,4.745985087418555667e-04,1.853383620463383008e-01
-6.230025599999999830e-01,1.622109980000000062e+00,1.855075919999999989e+00,1.186950422047965571e-03,1.453989948532226906e-01
-6.233126399999999734e-01,1.620511959999999974e+00,1.855396150000000022e+00,1.175413313562413600e-03,2.049248617154868779e-01
-6.224327299999999896e-01,1.618587140000000035e+00,1.856116730000000103e+00,9.147666070643640721e-04,1.537204002834808292e-01
-6.237720099999999324e-01,1.617456119999999942e+00,1.856175169999999985e+00,1.099111424469767116e-03,1.197736480957228428e-01
-6.241674500000000680e-01,1.616153530000000060e+00,1.856295919999999988e+00,8.825287699560781067e-04,1.723173666836854689e-01
-6.232730300000000057e-01,1.614477069999999959e+00,1.856801039999999903e+00,8.814231035093392230e-04,1.629433406163097731e-01
-6.247352400000000250e-01,1.613637690000000013e+00,1.856987319999999997e+00,9.464220708014138171e-04,1.201565894377289723e-01
-6.251032199999999595e-01,1.612355130000000081e+00,1.857302290000000022e+00,8.667365859359574178e-04,1.762025237075699191e-01
-6.243489600000000639e-01,1.610657709999999909e+00,1.857797570000000009e+00,9.846509851718010173e-04,1.612683609952386687e-01
-6.259651299999999807e-01,1.609982510000000033e+00,1.857980579999999993e+00,1.058920804120851806e-03,1.164838984655372778e-01
-6.263810300000000053e-01,1.608792329999999993e+00,1.858397509999999864e+00,1.241660919051573025e-03,1.863943442750654322e-01
-6.253903600000000340e-01,1.607115419999999961e+00,1.858988650000000131e+00,1.093757059177308559e-03,1.505157729924313514e-01
-6.268776299999999635e-01,1.606483619999999890e+00,1.859281079999999919e+00,1.045648411130563771e-03,1.146894110241133274e-01
-6.273305099999999523e-01,1.605290780000000028e+00,1.859765530000000000e+00,1.457377169232360915e-03,2.082171661368428794e-01
-6.263325299999999984e-01,1.603451569999999826e+00,1.860338709999999951e+00,1.079649481035536290e-03,1.731553988977742875e-01
-6.279616300000000484e-01,1.602542079999999869e+00,1.860634950000000121e+00,9.778311847144270999e-04,1.241100405148669872e-01
-6.286116200000000376e-01,1.601281210000000010e+00,1.861045980000000100e+00,1.349955228479966188e-03,1.938550109931949372e-01
-6.278060600000000546e-01,1.599551539999999994e+00,1.861708950000000140e+00,1.086448750609193782e-03,1.837684908649484805e-01
-6.295889999999999542e-01,1.598706769999999944e+00,1.862065719999999924e+00,1.321831453438632436e-03,1.136637990683991017e-01
-6.301410200000000517e-01,1.597571450000000004e+00,1.862554489999999952e+00,1.597484821524081762e-03,1.856685549097005783e-01
-6.293195200000000211e-01,1.596067110000000122e+00,1.863634049999999931e+00,1.393109269583542786e-03,1.581820592736938869e-01
-6.309103599999998924e-01,1.595563800000000088e+00,1.864074649999999833e+00,1.862582705841412008e-03,1.138192514098806118e-01
-6.314111799999999608e-01,1.594450039999999902e+00,1.864660499999999832e+00,2.182229638236775869e-03,2.100753698248901402e-01
-6.304457199999999872e-01,1.592812619999999901e+00,1.865514740000000060e+00,1.608975953953301671e-03,1.785876043918097067e-01
-6.322763899999999104e-01,1.592077509999999974e+00,1.866024990000000106e+00,2.178848225163872079e-03,1.241569733597409769e-01
-6.328412100000000429e-01,1.590809009999999857e+00,1.866689859999999923e+00,2.370384359507835079e-03,2.040196671848393817e-01
-6.321110899999999866e-01,1.589164770000000004e+00,1.867617010000000022e+00,2.046509690448511040e-03,1.877245815708348531e-01
-6.339684500000000167e-01,1.588460160000000121e+00,1.868115289999999984e+00,2.592282120487689277e-03,1.167510729088142990e-01
-6.344727699999999082e-01,1.587416570000000027e+00,1.868771890000000102e+00,2.763524012180836910e-03,1.684977517374288136e-01
-6.337675400000000181e-01,1.585922129999999930e+00,1.869577359999999855e+00,2.296457260673429469e-03,1.942966772805323206e-01
-6.357012600000000457e-01,1.585234900000000113e+00,1.870108230000000038e+00,3.040998876767414365e-03,1.155945942961925377e-01
-6.363141100000000439e-01,1.584224330000000069e+00,1.870693720000000004e+00,3.225018706829637857e-03,1.597629765534742952e-01
-6.356443699999999586e-01,1.582656249999999876e+00,1.871338289999999960e+00,2.406978812432663834e-03,1.861219396151579109e-01
-6.377158199999999333e-01,1.582320129999999825e+00,1.871663779999999999e+00,3.565912454575843622e-03,1.157677616561394313e-01
-6.383172299999999577e-01,1.581385330000000033e+00,1.872263559999999938e+00,3.857442713949268617e-03,1.875359974331849144e-01
-6.373670799999999748e-01,1.579768259999999813e+00,1.873081130000000094e+00,2.548469200696802314e-03,2.034955289540690548e-01
-6.394748699999999175e-01,1.579229599999999900e+00,1.873523839999999829e+00,3.893207878664908285e-03,1.294911893024003335e-01
-6.402925999999999895e-01,1.578119180000000066e+00,1.874054250000000144e+00,4.203501028297854623e-03,1.823201502201603208e-01
-6.396162499999999973e-01,1.576536490000000068e+00,1.874858449999999843e+00,2.961589030419329530e-03,2.046802594829660038e-01
-6.418348199999999171e-01,1.575948510000000136e+00,1.875290010000000063e+00,4.529957110679935089e-03,1.163077181229725671e-01
-6.425025300000000161e-01,1.574990629999999836e+00,1.875920719999999875e+00,4.797809687367754830e-03,1.592852227568164192e-01
-6.418777700000000142e-01,1.573707250000000002e+00,1.876911939999999834e+00,3.703796492654570002e-03,1.848916077958218662e-01
-6.438575699999999902e-01,1.573530899999999955e+00,1.877255730000000122e+00,5.349994587268289831e-03,1.137323076512585518e-01
-6.444761099999999354e-01,1.572594680000000134e+00,1.877907599999999899e+00,5.490131565135770303e-03,1.678647823256276539e-01
-6.436594399999999716e-01,1.571162320000000001e+00,1.878704710000000055e+00,4.109974641053128729e-03,1.861592538193292401e-01
-6.456022599999999834e-01,1.570803339999999881e+00,1.879175510000000049e+00,5.731626589660181008e-03,1.261240081447522754e-01
-6.460221800000000014e-01,1.569645989999999935e+00,1.880033880000000046e+00,5.507269202327086909e-03,2.018196827285660688e-01
-6.451602300000000012e-01,1.568092219999999815e+00,1.881158699999999850e+00,4.037617033758745221e-03,2.052272874007197712e-01
-6.471311400000000491e-01,1.567273420000000028e+00,1.881835809999999887e+00,5.370480409805145072e-03,1.308589039369399964e-01
-6.471654900000000099e-01,1.565924869999999913e+00,1.882616329999999838e+00,4.831994350772758108e-03,1.847334345947691525e-01
-6.463123399999999297e-01,1.564344119999999894e+00,1.883530280000000001e+00,3.225068975138220811e-03,1.355719215879984119e-01
-6.473999999999999755e-01,1.563717680000000110e+00,1.884312800000000010e+00,3.892455106022414766e-03,1.563584428321894704e-01
-6.467850299999999830e-01,1.562322439999999979e+00,1.885239029999999927e+00,2.731558561590740307e-03,1.640946271002588219e-01
-6.464340499999999823e-01,1.561083510000000008e+00,1.886361460000000045e+00,1.738995397981282819e-03,1.262229231277726960e-01
-6.473923799999999895e-01,1.560320829999999992e+00,1.886993790000000004e+00,2.258445266416694245e-03,1.220781836128776859e-01
-6.471860400000000180e-01,1.559125569999999961e+00,1.887793269999999968e+00,1.409888105985770274e-03,1.346836554108168660e-01
-6.473516500000000562e-01,1.558069460000000017e+00,1.888702510000000112e+00,9.720399241800395254e-04,1.320238345464681273e-01
-6.481908599999999243e-01,1.557047180000000086e+00,1.889420819999999779e+00,1.444912333811492356e-03,1.224117882319028239e-01
-6.479798300000000344e-01,1.555870489999999995e+00,1.890143080000000086e+00,3.869635634009892071e-04,1.225225919024854615e-01
-6.481372299999998976e-01,1.554679790000000006e+00,1.890729880000000085e+00,9.559291037519280576e-04,1.357196745333447141e-01
-6.490155499999999966e-01,1.553728790000000082e+00,1.891451420000000105e+00,1.105226186352647024e-03,9.950150831935572482e-02
-6.491671700000000156e-01,1.552778940000000052e+00,1.892141920000000033e+00,1.137319618620844788e-03,1.047095558421792388e-01
-6.494020300000000745e-01,1.551942269999999846e+00,1.892883470000000123e+00,1.474043696333417327e-03,1.121091414908979428e-01
-6.501996999999999360e-01,1.551375260000000145e+00,1.893521310000000124e+00,1.292697672968941627e-03,9.715109644033599612e-02
-6.504933099999999913e-01,1.550575059999999894e+00,1.894229979999999980e+00,1.639077013474369042e-03,9.256392759034026696e-02
-6.507375099999999080e-01,1.549975679999999967e+00,1.895005209999999884e+00,1.463394258086518759e-03,9.744056100773984541e-02
-6.515074699999999774e-01,1.549578399999999911e+00,1.895621199999999895e+00,1.486859158394152926e-03,8.377931553398243469e-02
-6.517624199999999535e-01,1.548938160000000064e+00,1.896341639999999940e+00,1.479726618534650583e-03,1.076442371621262745e-01
-6.522367099999999418e-01,1.548548940000000096e+00,1.897280630000000023e+00,1.264829354735238880e-03,9.940025699870892739e-02
-6.525194100000000219e-01,1.547675919999999872e+00,1.897947119999999988e+00,1.509261353411125474e-03,1.160601511816824333e-01
-6.535895899999999425e-01,1.547171259999999826e+00,1.898398019999999908e+00,1.734615211538443127e-03,9.217173605843882733e-02
-6.541292000000000773e-01,1.546675419999999912e+00,1.899086650000000098e+00,1.769079305429786071e-03,9.406801301932375681e-02
-6.549029499999999837e-01,1.546073559999999958e+00,1.899629089999999909e+00,2.049292366696390134e-03,9.278148170783014070e-02
-6.555695500000000564e-01,1.545688759999999995e+00,1.900354589999999844e+00,2.144339261451102836e-03,8.952246559010718086e-02
-6.558566900000000199e-01,1.545043930000000065e+00,1.900964419999999988e+00,2.149224076126083228e-03,9.721249593456193772e-02
-6.566559100000000093e-01,1.544938209999999978e+00,1.901653550000000026e+00,2.385123422110475323e-03,8.225017355745245506e-02
-6.567996799999999968e-01,1.544635570000000069e+00,1.902530189999999788e+00,1.838831081258009625e-03,1.005107891447685475e-01
-6.568842799999999871e-01,1.544177550000000121e+00,1.903522919999999896e+00,1.715352648670199869e-03,1.007029208898065908e-01
-6.576716599999999913e-01,1.543984279999999876e+00,1.904264359999999989e+00,1.598318895464921011e-03,8.057048994667762032e-02
-6.579913600000000251e-01,1.543619139999999890e+00,1.905045139999999915e+00,1.614968673628149618e-03,1.070681323816882191e-01
-6.580875099999999867e-01,1.543148289999999978e+00,1.906109810000000016e+00,1.064967742375264557e-03,1.051954204908613633e-01
-6.588223099999999111e-01,1.542945290000000025e+00,1.906969130000000012e+00,1.373156687745323958e-03,9.213087045025540600e-02
-6.593270700000000151e-01,1.542569139999999894e+00,1.907866770000000045e+00,1.189199230322567167e-03,1.026755024820057288e-01
-6.595816899999999983e-01,1.542199569999999964e+00,1.908837960000000056e+00,1.175594805449633280e-03,9.980897560570126115e-02
-6.603912600000000355e-01,1.542037380000000013e+00,1.909620880000000076e+00,1.360905589818768406e-03,8.614493873335853091e-02
-6.606438199999999927e-01,1.541796480000000136e+00,1.910494429999999966e+00,1.350432091480387002e-03,7.399592011204429720e-02
-6.610003499999999033e-01,1.541414870000000104e+00,1.911110040000000065e+00,1.403117828623137069e-03,1.063635100633588404e-01
-6.619474800000000325e-01,1.541166280000000111e+00,1.911827000000000165e+00,1.754650430370774351e-03,7.995238776222098054e-02
-6.624077099999999829e-01,1.540914729999999899e+00,1.912572420000000051e+00,1.994111995199760509e-03,9.550167787483160309e-02
-6.627248800000000717e-01,1.540661710000000184e+00,1.913533130000000027e+00,1.778217976908525117e-03,9.336500756967948400e-02
-6.634447300000000380e-01,1.540682309999999999e+00,1.914257499999999945e+00,2.469891952899949152e-03,8.710838503198078953e-02
-6.637096499999999288e-01,1.540336069999999946e+00,1.915150679999999994e+00,2.139823920279286269e-03,1.033590385936020151e-01
-6.639862900000000900e-01,1.539971039999999958e+00,1.916125430000000129e+00,2.271759399804538799e-03,1.030040455711235675e-01
-6.646386000000000793e-01,1.539695269999999949e+00,1.917062089999999941e+00,2.235799599919416781e-03,9.753298322321596325e-02
-6.649015899999999313e-01,1.539320339999999954e+00,1.918076329999999885e+00,2.325890434349711742e-03,1.055414934981065145e-01
-6.651147900000000668e-01,1.538880880000000007e+00,1.919061640000000013e+00,1.963034520353546062e-03,9.419114356601265836e-02
-6.658160699999999821e-01,1.538675969999999893e+00,1.919849849999999858e+00,2.382423692020384839e-03,1.026842383257614011e-01
-6.667202199999999745e-01,1.538409509999999925e+00,1.920627429999999913e+00,2.496070752883378010e-03,7.768218153479872212e-02
-6.672221699999999478e-01,1.538056050000000008e+00,1.921154979999999846e+00,2.693802626734120246e-03,9.609928932673532376e-02
-6.679913899999999627e-01,1.537942630000000088e+00,1.921858329999999837e+00,2.858041047623510137e-03,9.090778095799612046e-02
-6.684873300000000462e-01,1.537623940000000022e+00,1.922765389999999908e+00,3.037649918703699391e-03,1.163581167976489722e-01
-6.686732899999999757e-01,1.537169240000000103e+00,1.923873850000000107e+00,2.576790783164247239e-03,1.120234291412481598e-01
-6.693787500000000223e-01,1.536839830000000129e+00,1.924815960000000103e+00,2.808886632279911175e-03,9.974404478599682711e-02
-6.697496299999999847e-01,1.536399869999999890e+00,1.925797839999999983e+00,2.522061589136874622e-03,1.111565769333996423e-01
-6.699789499999999620e-01,1.535864160000000034e+00,1.926924360000000114e+00,2.236092112973053075e-03,9.370550430852817025e-02
-6.707168000000000019e-01,1.535748989999999869e+00,1.927688190000000024e+00,2.473182238776538457e-03,1.006778807505990248e-01
-6.710511500000000407e-01,1.535317040000000022e+00,1.928755610000000065e+00,2.267059949846915185e-03,1.296021040168730543e-01
-6.712021500000000529e-01,1.534944690000000111e+00,1.929908469999999987e+00,2.108825815353212833e-03,1.021474034833415728e-01
-6.719251099999999921e-01,1.534748739999999945e+00,1.930801390000000062e+00,2.157357632799881009e-03,8.957426926992792526e-02
-6.724127899999999824e-01,1.534453970000000167e+00,1.931649819999999851e+00,2.227986865625646625e-03,1.039835577529143740e-01
-6.726357000000000586e-01,1.533928579999999986e+00,1.932569629999999927e+00,1.768343426289242749e-03,8.770165438901886268e-02
-6.733651899999999468e-01,1.533941820000000122e+00,1.933254470000000058e+00,2.129144659575909430e-03,1.013673688089805347e-01
-6.739075399999999716e-01,1.533483249999999964e+00,1.934167310000000084e+00,1.877732150813751257e-03,1.044385489917685483e-01
-6.742752400000000534e-01,1.532851280000000038e+00,1.935041229999999945e+00,1.582092244118566294e-03,1.078539178590560005e-01
-6.751193500000000070e-01,1.532518539999999874e+00,1.935790450000000051e+00,1.530220858765091695e-03,9.116708818286074767e-02
-6.756386199999999675e-01,1.532214109999999962e+00,1.936638810000000044e+00,1.632763521334245488e-03,9.743473420704690247e-02
-6.759798999999999669e-01,1.532060859999999858e+00,1.937685719999999945e+00,1.365337170079202779e-03,9.618834990634922422e-02
-6.766088100000000605e-01,1.532195409999999924e+00,1.938514949999999848e+00,1.838666469673112336e-03,8.736588916302631680e-02
-6.771249400000000085e-01,1.532267240000000141e+00,1.939364760000000132e+00,1.936733924110412702e-03,9.327451464211190812e-02
-6.774257800000000884e-01,1.532068790000000069e+00,1.940316420000000042e+00,1.877562400268035668e-03,9.741185120222083105e-02
-6.781793299999999691e-01,1.532131270000000045e+00,1.940993569999999835e+00,2.162620486054013091e-03,8.839154638044768864e-02
-6.785296499999999842e-01,1.531738319999999876e+00,1.941904230000000009e+00,1.869590237939767682e-03,9.718581125974583290e-02
-6.790235399999999810e-01,1.531419280000000160e+00,1.942728720000000076e+00,1.764015217734870135e-03,1.235293957751710109e-01
-6.797848899999999750e-01,1.530855580000000105e+00,1.943770679999999862e+00,1.601375793154075989e-03,1.021165485893625186e-01
-6.803514200000000400e-01,1.530554570000000059e+00,1.944743329999999881e+00,1.329071210357254864e-03,9.896067203027464343e-02
-6.806526099999999913e-01,1.530287689999999978e+00,1.945746250000000011e+00,1.321819014351067979e-03,1.110257634203407895e-01
-6.811987400000000248e-01,1.530185530000000016e+00,1.946822590000000019e+00,9.965351737896562759e-04,9.328401963555939258e-02
-6.811512100000000069e-01,1.530121229999999999e+00,1.947929800000000045e+00,1.148836524924345829e-03,1.267067860557355152e-01
-6.813898899999999426e-01,1.529952630000000147e+00,1.949152280000000070e+00,7.469696455682557504e-04,1.041070182082314416e-01
-6.819403099999999940e-01,1.529952299999999932e+00,1.950204910000000069e+00,1.289629710498198722e-03,1.257838553119610125e-01
-6.826779199999999381e-01,1.529550919999999925e+00,1.951368809999999954e+00,6.997074466516842129e-04,1.221477136070035635e-01
-6.830148500000000622e-01,1.529041410000000045e+00,1.952553190000000161e+00,7.817169095650805966e-04,1.429681980782752937e-01
-6.836146699999999798e-01,1.528481569999999845e+00,1.953879759999999965e+00,1.364195465246771785e-03,1.215700377089650175e-01
-6.838556500000000371e-01,1.527926349999999989e+00,1.955195070000000035e+00,1.604157595094688306e-03,1.157292762175996803e-01
-6.842937799999999626e-01,1.527424439999999883e+00,1.956267580000000006e+00,2.203768436655891179e-03,1.185375834394618993e-01
-6.849438899999999997e-01,1.527218849999999906e+00,1.957296089999999822e+00,2.194420901901079305e-03,1.028954317084504883e-01
-6.854173599999999755e-01,1.527084800000000131e+00,1.958418430000000043e+00,2.426681122129432412e-03,1.144641808717595521e-01
-6.857552799999999671e-01,1.526769399999999832e+00,1.959516680000000122e+00,2.837120339851848319e-03,1.054509190370742089e-01
-6.864115900000000714e-01,1.526779620000000115e+00,1.960525080000000031e+00,2.781360191506944066e-03,1.120320173300486666e-01
-6.871255800000000136e-01,1.526641109999999912e+00,1.961576279999999839e+00,2.970332599036683112e-03,1.248362156313972821e-01
-6.874889699999999770e-01,1.526384549999999951e+00,1.962863539999999851e+00,3.287347110817481419e-03,1.212749131544542253e-01
-6.882626199999999361e-01,1.526278870000000065e+00,1.963931700000000058e+00,3.457149550901673744e-03,1.199830754921241277e-01
-6.888931600000000044e-01,1.526074659999999916e+00,1.965129560000000053e+00,3.653304678342627308e-03,1.483798163157503125e-01
-6.892698200000000330e-01,1.525876929999999909e+00,1.966615989999999980e+00,4.117854088405721764e-03,1.121627152381893394e-01
-6.900074099999999877e-01,1.525930350000000102e+00,1.967660489999999873e+00,4.216867175842533254e-03,1.182044118644113989e-01
-6.906084099999999504e-01,1.525658139999999996e+00,1.968835439999999881e+00,4.464834867864638651e-03,1.085942649625775275e-01
-6.910888200000000481e-01,1.525218540000000012e+00,1.969826520000000025e+00,5.073489903449023529e-03,1.103167448323749689e-01
-6.919300999999999924e-01,1.525514540000000085e+00,1.970634699999999961e+00,4.678374959491677851e-03,1.073506457755230709e-01
-6.926210600000000106e-01,1.525568590000000002e+00,1.971644619999999959e+00,4.786141726077545143e-03,1.128666848514337934e-01
-6.930316800000000388e-01,1.525711449999999969e+00,1.972796710000000120e+00,4.850682224904195351e-03,1.103361753725470157e-01
-6.937834300000000898e-01,1.526177480000000086e+00,1.973613239999999935e+00,4.496607003608149924e-03,9.936086541998455368e-02
-6.942225199999999541e-01,1.526440459999999888e+00,1.974624829999999998e+00,4.452515703386096535e-03,1.010248094659320778e-01
-6.946384400000000792e-01,1.526645709999999934e+00,1.975624690000000072e+00,4.521452882182921788e-03,1.173349861862487131e-01
-6.953670799999999153e-01,1.526912939999999885e+00,1.976642710000000136e+00,4.415756308731462985e-03,7.550386200293947303e-02
-6.955233700000000852e-01,1.527116630000000086e+00,1.977543059999999908e+00,4.559275858444834101e-03,1.091084470696361414e-01
-6.960234200000000593e-01,1.527372029999999992e+00,1.978468399999999905e+00,4.506352169249363583e-03,1.042626360843768862e-01
-6.966407000000000016e-01,1.527724770000000065e+00,1.979422210000000071e+00,4.398997965105199727e-03,1.056570034314248813e-01
-6.973695699999999942e-01,1.528052060000000045e+00,1.980324989999999952e+00,4.229444650613056224e-03,8.828772557514266706e-02
-6.978366100000000793e-01,1.528221849999999993e+00,1.981098119999999962e+00,4.252336398851739620e-03,1.046532871901697803e-01
-6.986417799999999900e-01,1.528827490000000067e+00,1.981739009999999857e+00,3.700494447854103114e-03,9.168599146924058529e-02
-6.992619700000000105e-01,1.529146579999999922e+00,1.982518740000000168e+00,3.599290448533012596e-03,1.116552861019646375e-01
-6.997480200000000261e-01,1.529504120000000134e+00,1.983576950000000005e+00,3.576676244126615178e-03,1.102207654397041742e-01
-7.005278000000000338e-01,1.530069989999999880e+00,1.984296489999999968e+00,3.170630457842919196e-03,8.766195249190525396e-02
-7.008015699999999848e-01,1.530472639999999940e+00,1.985220070000000003e+00,3.197699002001467162e-03,1.135882175981228065e-01
-7.013019299999999623e-01,1.530980760000000052e+00,1.986163269999999814e+00,3.114530006822846878e-03,1.147714443814901869e-01
-7.020226299999999808e-01,1.531628870000000031e+00,1.986957810000000046e+00,2.763766943485039193e-03,1.046596176063024491e-01
-7.025813799999999221e-01,1.532160540000000015e+00,1.987935720000000073e+00,2.620778020817498589e-03,1.176627116322498806e-01
-7.031318100000000237e-01,1.532680889999999962e+00,1.988898290000000069e+00,2.699685428397138355e-03,1.279453436266037303e-01
-7.038061899999999982e-01,1.533211309999999994e+00,1.990000970000000091e+00,2.497560178474265979e-03,1.266797069833603961e-01
-7.049813999999999803e-01,1.533773430000000104e+00,1.990878729999999930e+00,2.033287138551653599e-03,1.008253529951082944e-01
-7.054785999999999557e-01,1.534097900000000125e+00,1.991745480000000068e+00,2.082542496661211450e-03,1.104475961555115293e-01
-7.060882200000000442e-01,1.534554129999999850e+00,1.992679419999999979e+00,1.998227890832364462e-03,1.181863794068268303e-01
-7.068119299999999772e-01,1.535467539999999964e+00,1.993355570000000077e+00,1.742251046606260083e-03,1.052687056298595020e-01
-7.072840500000000530e-01,1.535868060000000090e+00,1.994261030000000101e+00,1.639705317122505104e-03,1.227312755964036911e-01
-7.079519100000000176e-01,1.536614480000000116e+00,1.995239750000000090e+00,1.846901607828634398e-03,1.088684933804064253e-01
-7.082988500000000354e-01,1.537230339999999806e+00,1.996261200000000180e+00,1.863134143882378682e-03,1.247113549693047996e-01
-7.085867299999999425e-01,1.537652889999999939e+00,1.997454509999999850e+00,2.352725512485487162e-03,1.167184057781558981e-01
-7.092534799999999917e-01,1.538474450000000049e+00,1.998263279999999975e+00,2.294285545284176827e-03,1.300571917181392312e-01
-7.103147699999999842e-01,1.538815599999999950e+00,1.999242750000000068e+00,1.826359210944001254e-03,1.079262941774504769e-01
-7.109188199999999513e-01,1.539049420000000001e+00,2.000226050000000200e+00,2.107031284366767641e-03,1.114871302288981680e-01
-7.117694999999999439e-01,1.539291989999999943e+00,2.001060910000000082e+00,1.582218192349036691e-03,1.071954330973664410e-01
-7.127105899999999217e-01,1.539524269999999806e+00,2.001891770000000292e+00,1.528846835330650291e-03,1.095660449590935975e-01
-7.133383699999999994e-01,1.539690379999999914e+00,2.002829429999999800e+00,1.450874902325891089e-03,1.144039988729718127e-01
-7.141414499999999554e-01,1.539960849999999937e+00,2.003745850000000051e+00,1.568663529091015663e-03,9.512066703400351431e-02
-7.147274099999999519e-01,1.540363429999999978e+00,2.004627890000000079e+00,1.583452774508959087e-03,1.267109558368896827e-01
-7.153223699999999852e-01,1.540695740000000091e+00,2.005757299999999965e+00,1.815523979048339672e-03,1.176481717985776304e-01
-7.160936799999999547e-01,1.541194200000000070e+00,2.006654000000000160e+00,1.975408030863521919e-03,1.139283461469813019e-01
-7.169134400000000129e-01,1.541571360000000057e+00,2.007667339999999800e+00,1.896152936553109928e-03,1.136103640844840640e-01
-7.175977099999999442e-01,1.541739289999999984e+00,2.008687119999999826e+00,2.424819767859103491e-03,1.225650889608920213e-01
-7.184721300000000976e-01,1.542134120000000053e+00,2.009530049999999957e+00,2.389300057715667766e-03,9.593944111314942069e-02
-7.191552299999999232e-01,1.542273620000000012e+00,2.010434109999999830e+00,2.843932294095686143e-03,9.959729723985008554e-02
-7.197744300000000761e-01,1.542403989999999947e+00,2.011317479999999769e+00,3.154198772969203819e-03,1.248577118370035738e-01
-7.205114799999999819e-01,1.543168770000000078e+00,2.012170370000000208e+00,3.056057718401373156e-03,1.276802760788916802e-01
-7.211360599999999677e-01,1.543907009999999858e+00,2.013259970000000010e+00,3.153897656963761727e-03,1.171259367064901719e-01
-7.217675299999999350e-01,1.544455770000000117e+00,2.014225909999999953e+00,3.151400488972990951e-03,1.450628779291636972e-01
-7.224146500000000470e-01,1.545340220000000153e+00,2.015369709999999870e+00,3.171888354749947611e-03,1.276172504952836906e-01
-7.231430999999999276e-01,1.545977659999999920e+00,2.016455820000000010e+00,3.384638591932605071e-03,1.252057629012150453e-01
-7.236086400000000252e-01,1.546392750000000094e+00,2.017672500000000202e+00,3.700558156562350383e-03,1.295864642486069529e-01
-7.243151100000000397e-01,1.547235829999999979e+00,2.018560690000000157e+00,3.689652720934804338e-03,1.056506359702268916e-01
-7.246554600000000290e-01,1.547675759999999956e+00,2.019630189999999992e+00,3.966552092094770103e-03,1.209663790016449053e-01
-7.252986399999999945e-01,1.548228999999999855e+00,2.020641099999999746e+00,4.218654773692532417e-03,1.248338804148133169e-01
-7.260598199999999114e-01,1.548908530000000061e+00,2.021634880000000134e+00,4.400983136493422272e-03,1.263610563165164513e-01
-7.269180200000000536e-01,1.549559160000000047e+00,2.022591600000000156e+00,4.472261830662531759e-03,9.508382229835132815e-02
-7.274697299999999256e-01,1.550090860000000070e+00,2.023292309999999983e+00,4.670470017525004368e-03,1.365960356582167912e-01
-7.281578200000000667e-01,1.551089640000000047e+00,2.024034550000000099e+00,4.337454765009206292e-03,1.195110357112843386e-01
-7.285943500000000572e-01,1.552130000000000010e+00,2.024902389999999830e+00,4.185969332735125364e-03,1.341019452824600278e-01
-7.290135800000000499e-01,1.553016450000000104e+00,2.025988180000000138e+00,4.397298619527682632e-03,1.337571502816676250e-01
-7.295631799999999778e-01,1.553958249999999985e+00,2.026854049999999852e+00,4.253833640776287332e-03,1.220904404696522283e-01
-7.303516299999999184e-01,1.554844830000000178e+00,2.027694750000000212e+00,4.263641067479776413e-03,1.154282970738702285e-01
-7.307726900000000025e-01,1.555488250000000017e+00,2.028692039999999697e+00,4.560095566125500766e-03,1.297055598221079353e-01
-7.314581000000000000e-01,1.556579450000000087e+00,2.029276869999999899e+00,4.202510378262002029e-03,1.270455634303613024e-01
-7.323631900000000527e-01,1.557362329999999906e+00,2.030094909999999864e+00,4.361838303410600290e-03,1.005326166317257325e-01
-7.328482400000000396e-01,1.557778069999999904e+00,2.030986460000000271e+00,4.654282611327168612e-03,1.215192435963005219e-01
-7.335708499999999965e-01,1.558621899999999894e+00,2.031712230000000119e+00,4.709330468909627559e-03,1.029930137485522423e-01
-7.341241000000000572e-01,1.559227470000000171e+00,2.032552309999999807e+00,4.905466903057882633e-03,9.649524117387181521e-02
-7.347210499999999866e-01,1.559747060000000074e+00,2.033246549999999875e+00,5.157197053497053658e-03,1.172924717841386105e-01
-7.356309100000000267e-01,1.560612829999999951e+00,2.033708840000000073e+00,4.957407664757994790e-03,1.109402737017791823e-01
-7.362983900000000803e-01,1.561398719999999907e+00,2.034342709999999776e+00,4.981333295273367504e-03,1.113164133413784007e-01
-7.368480699999999661e-01,1.562186999999999992e+00,2.035173160000000259e+00,5.161819801436449973e-03,1.293643128942964515e-01
-7.376328399999999563e-01,1.563247929999999952e+00,2.035677369999999708e+00,4.897605811148854002e-03,1.008160638104842050e-01
-7.381220000000000558e-01,1.563975160000000031e+00,2.036341919999999917e+00,5.082474802888865655e-03,9.528774763756148181e-02
-7.387388099999999680e-01,1.564574429999999960e+00,2.036925999999999792e+00,5.133794100370496320e-03,1.188737826869894348e-01
-7.393269900000000172e-01,1.565443270000000053e+00,2.037688360000000198e+00,5.342861751028318493e-03,1.110817163129694807e-01
-7.400947900000000024e-01,1.566255170000000030e+00,2.038394489999999948e+00,5.390740882392682128e-03,1.055364975212620127e-01
-7.406546500000000810e-01,1.566923350000000159e+00,2.039064900000000069e+00,5.642028680802591706e-03,1.310503499821248918e-01
-7.411424100000000292e-01,1.567957899999999904e+00,2.039922789999999875e+00,5.677511570943649666e-03,1.185836291586934987e-01
-7.420485700000000184e-01,1.568806350000000016e+00,2.040596330000000069e+00,5.840903197990908978e-03,1.045776345149060788e-01
-7.425473899999999183e-01,1.569494109999999942e+00,2.041277040000000209e+00,6.070657973383298579e-03,1.068300976033489669e-01
-7.430966900000000042e-01,1.570343379999999955e+00,2.041957319999999854e+00,6.152853408533361448e-03,1.048625669591304044e-01
-7.436874399999999774e-01,1.571182069999999875e+00,2.042573079999999930e+00,6.309725360814172346e-03,9.617520512762080254e-02
-7.441283800000000337e-01,1.571901500000000063e+00,2.043111960000000060e+00,6.336403846031212969e-03,1.173963999456503482e-01
-7.446289000000000380e-01,1.573021500000000072e+00,2.043649820000000172e+00,6.277746937588393056e-03,1.030606623269904182e-01
-7.448833099999999652e-01,1.573957510000000060e+00,2.044314599999999871e+00,6.228370591430488351e-03,1.140492011768666769e-01
-7.451299000000000117e-01,1.574945889999999959e+00,2.045029140000000023e+00,6.381937379957827207e-03,1.340939821405923160e-01
-7.455243599999999971e-01,1.576229919999999840e+00,2.045608710000000219e+00,6.146866777806858813e-03,1.117561774029578181e-01
-7.454609500000000111e-01,1.577287070000000124e+00,2.046414930000000076e+00,6.316840029025754671e-03,1.321098995956579980e-01
-7.455543900000000113e-01,1.578288860000000016e+00,2.047352529999999948e+00,6.650569019309676526e-03,9.938412298678657442e-02
-7.458763499999999658e-01,1.579239440000000050e+00,2.047980050000000052e+00,6.785044685085212142e-03,1.337669049547739186e-01
-7.468214999999999160e-01,1.580181040000000037e+00,2.048379090000000069e+00,6.740938998366884094e-03,1.036368888117739223e-01
-7.473118600000000500e-01,1.581156269999999919e+00,2.048677810000000044e+00,6.550382015623307762e-03,1.382474348070664716e-01
-7.477217199999999231e-01,1.582563309999999834e+00,2.049257509999999893e+00,6.535842990051063742e-03,1.234207423118907770e-01
-7.480711099999999281e-01,1.583857309999999963e+00,2.049689550000000082e+00,6.332048886316413334e-03,1.213786490267427798e-01
-7.481845200000000196e-01,1.584971939999999968e+00,2.050276360000000242e+00,6.468295392574886435e-03,1.582685622182743723e-01
-7.485562500000000341e-01,1.586722650000000012e+00,2.050516889999999925e+00,6.104016484012932467e-03,1.335302229474318314e-01
-7.490318699999999330e-01,1.588111550000000038e+00,2.050919420000000049e+00,5.900921557841518582e-03,1.372800001192150676e-01
-7.494219600000000536e-01,1.589496600000000148e+00,2.051339809999999986e+00,5.835429600612127357e-03,1.350500427899813949e-01
-7.498461299999999996e-01,1.590865329999999966e+00,2.051682620000000234e+00,5.793614146472310725e-03,1.232212174463019477e-01
-7.501374199999999437e-01,1.592207340000000082e+00,2.051984150000000007e+00,5.612669254329753256e-03,1.301966417363993878e-01
-7.505729899999999954e-01,1.593540820000000080e+00,2.052207179999999909e+00,5.460543850652550997e-03,1.515709378064531154e-01
-7.510344199999999804e-01,1.595127079999999919e+00,2.052134109999999900e+00,5.040124128917828662e-03,1.575287535979232600e-01
-7.522326799999999869e-01,1.596570770000000028e+00,2.052139480000000127e+00,4.358058911453587675e-03,1.315990199306649455e-01
-7.528433499999999112e-01,1.597867290000000162e+00,2.052053169999999760e+00,3.871941520154784967e-03,1.352000395557882428e-01
-7.534764800000000040e-01,1.599123360000000105e+00,2.052101749999999836e+00,3.673049907161469053e-03,1.232180711210047602e-01
-7.540796699999999797e-01,1.600393130000000053e+00,2.052122279999999854e+00,3.193993144670170380e-03,1.255270189363969779e-01
-7.546719399999999300e-01,1.601624630000000105e+00,2.052212410000000098e+00,2.983256308901418869e-03,1.409922715920879366e-01
-7.553681300000000265e-01,1.603071350000000006e+00,2.052110540000000150e+00,2.633690529086573327e-03,1.161608326458680174e-01
-7.558207200000000014e-01,1.604316580000000103e+00,2.052145320000000162e+00,2.233713241935946555e-03,1.215202391100559109e-01
-7.562623699999999616e-01,1.605479939999999939e+00,2.052372919999999823e+00,2.334162429416460592e-03,1.530424086277475115e-01
-7.569114000000000120e-01,1.607093740000000048e+00,2.052218789999999959e+00,1.986471208374215956e-03,1.522417273651181790e-01
-7.579402800000000218e-01,1.608491169999999970e+00,2.052296179999999914e+00,1.417438419015043180e-03,1.225020830181389186e-01
-7.584875200000000817e-01,1.609642700000000204e+00,2.052358330000000119e+00,1.239380456236047201e-03,1.162665235601821473e-01
-7.590249499999999205e-01,1.610820839999999921e+00,2.052641149999999914e+00,1.482815885603966204e-03,1.498528194077656528e-01
-7.599079099999999087e-01,1.612279660000000003e+00,2.052515979999999907e+00,8.229730518674625373e-04,9.845071829324110457e-02
-7.605619200000000024e-01,1.613127200000000094e+00,2.052428429999999970e+00,8.552775685704398518e-04,1.228506140000601571e-01
-7.612732199999999727e-01,1.614261530000000056e+00,2.052489449999999938e+00,7.551657565064538594e-04,1.038495402384400912e-01
-7.619022199999999634e-01,1.615264789999999895e+00,2.052532460000000114e+00,7.063163059848704892e-04,9.592229172478387855e-02
-7.624397199999999319e-01,1.616147089999999897e+00,2.052705290000000016e+00,1.021439234903369396e-03,1.371622101969438290e-01
-7.631548700000000407e-01,1.617532850000000133e+00,2.052573070000000222e+00,9.173284735033522194e-04,1.244082053661759169e-01
-7.638918399999999886e-01,1.618742249999999938e+00,2.052648140000000065e+00,1.354329256754105209e-03,1.166333591980118906e-01
-7.644497900000000179e-01,1.619821929999999854e+00,2.052642510000000087e+00,1.438687081022094758e-03,1.274448780860728270e-01
-7.649751700000000376e-01,1.621065769999999961e+00,2.052974300000000252e+00,1.379110875818192290e-03,1.211883581295227913e-01
-7.656379899999999905e-01,1.622344430000000060e+00,2.053048030000000246e+00,1.786598590030741198e-03,1.176359899246744306e-01
-7.660777500000000018e-01,1.623456859999999891e+00,2.053315730000000006e+00,1.594870983810341321e-03,1.408639840793536602e-01
-7.666673700000000702e-01,1.624876059999999844e+00,2.053311740000000274e+00,1.657861958095558676e-03,1.184275624405854432e-01
-7.672387700000000699e-01,1.626150329999999977e+00,2.053509580000000057e+00,2.014195998953500089e-03,1.050465969049094173e-01
-7.675324399999999825e-01,1.627189409999999947e+00,2.053682569999999874e+00,1.683506847209106016e-03,1.465047831921063859e-01
-7.680302199999999857e-01,1.628776089999999899e+00,2.053512480000000195e+00,1.655939524529820121e-03,1.184215226310681851e-01
-7.684613299999999425e-01,1.630057580000000117e+00,2.053483889999999867e+00,1.852392546249272826e-03,1.284562121460826600e-01
-7.688698400000000266e-01,1.631396280000000143e+00,2.053523109999999985e+00,1.556163073106436650e-03,1.482290946189681047e-01
-7.691046599999999955e-01,1.632994529999999944e+00,2.053447719999999865e+00,1.285085388952858900e-03,1.423689128370420609e-01
-7.694506300000000243e-01,1.634579150000000203e+00,2.053537869999999987e+00,1.346103126918436668e-03,1.387229200256171469e-01
-7.696256099999999600e-01,1.636063199999999940e+00,2.053777709999999868e+00,1.043572853326455059e-03,1.504457263900232378e-01
-7.698408700000000104e-01,1.637690290000000104e+00,2.053794139999999935e+00,6.247801154006083586e-04,1.348296710484725436e-01
-7.704793500000000073e-01,1.639089910000000039e+00,2.053781229999999791e+00,9.239922637661707964e-04,9.401136845324453706e-02
-7.709536599999999851e-01,1.639948320000000015e+00,2.053481010000000051e+00,9.867230594751579854e-04,1.351378212666176915e-01
-7.712835899999999079e-01,1.641379029999999961e+00,2.053628959999999726e+00,8.685287160477034741e-04,1.103678409538999955e-01
-7.719070000000000098e-01,1.642534649999999985e+00,2.053598879999999571e+00,1.495307933804944150e-03,1.154768228025780941e-01
-7.721838199999999652e-01,1.643701740000000022e+00,2.053694300000000084e+00,1.161564530278177835e-03,1.214852912975296489e-01
-7.725540199999999524e-01,1.645030650000000039e+00,2.053572009999999892e+00,1.273655661079451003e-03,1.319868179286372845e-01
-7.730311200000000715e-01,1.646450509999999978e+00,2.053415869999999810e+00,1.485758624878227938e-03,1.231529707403196811e-01
-7.732720099999998986e-01,1.647698509999999894e+00,2.053239279999999667e+00,1.062426119125206656e-03,1.740822932254740552e-01
-7.736200100000000246e-01,1.649512719999999932e+00,2.052797980000000244e+00,8.144588773537713398e-04,1.300259131799363366e-01
-7.740817700000000023e-01,1.650973760000000068e+00,2.052582890000000049e+00,1.123648250387933138e-03,1.173637492154125384e-01
-7.742652899999999949e-01,1.652182389999999890e+00,2.052615600000000207e+00,1.006582819344903779e-03,1.306504852782645054e-01
-7.747473700000000463e-01,1.653555560000000035e+00,2.052292620000000234e+00,9.151680670238273013e-04,1.014865948746969948e-01
-7.751812699999999223e-01,1.654598129999999889e+00,2.052041060000000083e+00,1.307772040303432914e-03,1.076088604652228331e-01
-7.757049999999999779e-01,1.655612810000000046e+00,2.051763670000000150e+00,1.047929417947652143e-03,1.158049854268161510e-01
-7.761158999999999697e-01,1.656785940000000013e+00,2.051537319999999998e+00,1.448698393731340500e-03,1.289622724005575205e-01
-7.767095099999999919e-01,1.658102590000000154e+00,2.051255859999999931e+00,1.414395335046006062e-03,1.272348639521491964e-01
-7.770296999999999343e-01,1.659452280000000002e+00,2.051203939999999726e+00,1.436279137911264598e-03,1.475546562768711711e-01
-7.774175499999999017e-01,1.660992929999999923e+00,2.050944000000000322e+00,1.654516390792476694e-03,1.478108139103538610e-01
-7.778120200000000484e-01,1.662612450000000131e+00,2.050687369999999898e+00,1.795547963659082421e-03,1.222157281009658425e-01
-7.780357300000000365e-01,1.663898150000000076e+00,2.050413900000000123e+00,1.531676122879939341e-03,1.623451732483012222e-01
-7.784826000000000246e-01,1.665537640000000152e+00,2.049908599999999748e+00,1.527231995997691211e-03,1.519816726964124676e-01
-7.794813400000000225e-01,1.666899499999999978e+00,2.049521719999999991e+00,2.131579931412423950e-03,1.263838635128093080e-01
-7.797581800000000785e-01,1.668247100000000094e+00,2.049428929999999927e+00,2.207191044585857416e-03,1.402548099065557552e-01
-7.801089900000000021e-01,1.669780040000000021e+00,2.049132329999999946e+00,2.253849619340149522e-03,1.472668979495989905e-01
-7.805301399999999834e-01,1.671380379999999999e+00,2.048840850000000380e+00,2.501760662513856284e-03,1.397031670024322936e-01
-7.808209299999999686e-01,1.672742619999999958e+00,2.048422729999999969e+00,2.639083108619350894e-03,1.883350742793128141e-01
-7.812246400000000257e-01,1.674631629999999927e+00,2.047716840000000094e+00,2.557449101761293236e-03,1.587525481972027197e-01
-7.816075999999999580e-01,1.676416110000000126e+00,2.047229170000000043e+00,2.603041774732056234e-03,1.528742027785289781e-01
-7.817187500000000178e-01,1.677955450000000015e+00,2.046834650000000089e+00,2.586670896635447862e-03,1.881380229698106088e-01
-7.820584400000000214e-01,1.679951909999999993e+00,2.046128439999999937e+00,2.631010417178093752e-03,1.663116592756512802e-01
-7.827627100000000837e-01,1.681511970000000078e+00,2.045521420000000035e+00,2.876662260572056869e-03,1.432802884794363574e-01
-7.830394499999999702e-01,1.683015499999999998e+00,2.045195169999999951e+00,3.272208098730990371e-03,1.705704767437410396e-01
-7.834152100000000285e-01,1.684816169999999946e+00,2.044559510000000024e+00,3.367548904040003604e-03,1.553491511964392169e-01
-7.839232999999999896e-01,1.686517280000000119e+00,2.044044069999999991e+00,3.603005541669261798e-03,1.706158429995525416e-01
-7.842812399999999906e-01,1.688118629999999953e+00,2.043359860000000250e+00,3.663076194689791985e-03,1.744570796644745181e-01
-7.846324100000000579e-01,1.689814109999999925e+00,2.042569529999999745e+00,3.724327747808843861e-03,1.762835204026049207e-01
-7.850437399999999899e-01,1.691536020000000029e+00,2.041817969999999871e+00,3.899715369728785561e-03,1.524095595574989637e-01
-7.852831500000000409e-01,1.693162349999999927e+00,2.041250709999999913e+00,4.199619262397610506e-03,1.837185465705062359e-01
-7.856260000000000465e-01,1.694969649999999994e+00,2.040454749999999873e+00,4.419129348072811832e-03,1.915169916186824361e-01
-7.861760500000000151e-01,1.696828540000000052e+00,2.039675069999999923e+00,4.719033087296538136e-03,1.630582104910601737e-01
-7.864040900000000001e-01,1.698486330000000155e+00,2.038861980000000074e+00,4.781902303623505879e-03,1.966898946273966109e-01
-7.867456800000000028e-01,1.700446319999999956e+00,2.037823589999999907e+00,4.931429550231603530e-03,1.721697843391379601e-01
-7.869911499999999727e-01,1.702090179999999897e+00,2.036948460000000072e+00,5.032044024698223775e-03,1.515518844353354599e-01
-7.872477599999999631e-01,1.703504490000000038e+00,2.036131350000000229e+00,5.125889923535583738e-03,1.741765831513791829e-01
-7.876496199999999392e-01,1.705141090000000137e+00,2.035077990000000003e+00,5.233641202699904418e-03,1.958981728656951082e-01
-7.886647499999999145e-01,1.706720800000000038e+00,2.034057209999999838e+00,5.631355917236780667e-03,1.501618629598102661e-01
-7.889386800000000033e-01,1.708072639999999920e+00,2.033170479999999891e+00,5.779049984936812309e-03,1.841982400610487070e-01
-7.893258800000000353e-01,1.709724199999999916e+00,2.031932760000000115e+00,5.812762937708872320e-03,1.783141250821680124e-01
-7.897365299999999921e-01,1.711319610000000102e+00,2.030738850000000095e+00,5.890346275347472550e-03,1.490165276112234705e-01
-7.898715000000000597e-01,1.712621099999999785e+00,2.029773969999999927e+00,5.862578288679772161e-03,1.872450099118874445e-01
-7.901479099999999534e-01,1.714206169999999974e+00,2.028512169999999948e+00,5.899492215936860511e-03,1.708470278534482689e-01
-7.905488700000000701e-01,1.715617579999999975e+00,2.027362660000000094e+00,6.031247168612688045e-03,1.321671854098450671e-01
-7.906526899999999358e-01,1.716742100000000049e+00,2.026267990000000019e+00,5.987368042320465565e-03,1.763756151754151957e-01
-7.908696800000000193e-01,1.718089100000000036e+00,2.025036630000000226e+00,5.935992705125402689e-03,1.771526063567268605e-01
-7.912562499999999943e-01,1.719530110000000001e+00,2.023808030000000091e+00,6.054646910886152429e-03,1.455278258776837585e-01
-7.912363300000000432e-01,1.720783289999999965e+00,2.022718870000000280e+00,5.988810715484431044e-03,1.896709465047959897e-01
-7.913631700000000047e-01,1.722318599999999922e+00,2.021337240000000257e+00,6.013826395773455569e-03,1.484470180880269885e-01
-7.917290000000000161e-01,1.723450759999999971e+00,2.020131740000000065e+00,6.105196770391730678e-03,1.434046167109161440e-01
-7.919893200000001077e-01,1.724326409999999976e+00,2.018861610000000084e+00,5.949849546887845883e-03,1.467327028862883409e-01
-7.919599799999998968e-01,1.725565540000000064e+00,2.017631689999999978e+00,5.840800089550930198e-03,1.595020213204413062e-01
-7.924100500000000880e-01,1.726671120000000004e+00,2.016365490000000094e+00,5.950843318135745109e-03,1.492891845367159132e-01
-7.926302100000000017e-01,1.727442289999999936e+00,2.014946130000000224e+00,5.738172504996803640e-03,1.399529130132653454e-01
-7.925943500000000030e-01,1.728546389999999988e+00,2.013892079999999751e+00,5.729892990361921262e-03,1.357344185251170288e-01
-7.925484300000000815e-01,1.729471519999999929e+00,2.012650890000000192e+00,5.494455220256222634e-03,1.436820406400645955e-01
-7.926149999999999585e-01,1.730394549999999976e+00,2.011385610000000046e+00,5.399360507930585362e-03,1.387565562367955585e-01
-7.924728500000000064e-01,1.731339430000000013e+00,2.010211449999999900e+00,5.279383533131505428e-03,1.372884883313825743e-01
-7.926969500000000668e-01,1.732216300000000153e+00,2.009018010000000132e+00,5.214437096427884492e-03,1.273091209876881791e-01
-7.927995600000000698e-01,1.732971359999999850e+00,2.007781299999999991e+00,5.098550229937846845e-03,1.341023248011204427e-01
-7.928002599999999234e-01,1.733733509999999978e+00,2.006532449999999912e+00,4.954532317403821315e-03,1.452265824420533591e-01
-7.932223899999999439e-01,1.734458829999999896e+00,2.005103660000000065e+00,4.861421667022920723e-03,1.594708865663541364e-01
-7.933972599999999931e-01,1.735345659999999901e+00,2.003617039999999960e+00,4.775596664585486477e-03,1.512092755030316760e-01
-7.933114399999999788e-01,1.736197290000000004e+00,2.002206790000000236e+00,4.607843754273933598e-03,1.691478307122699365e-01
-7.936703700000000694e-01,1.737220059999999844e+00,2.000711190000000084e+00,4.834823035086231041e-03,1.494240732362694946e-01
-7.937101799999999319e-01,1.738002060000000126e+00,1.999198360000000063e+00,4.580891984275610798e-03,1.543307723611409832e-01
-7.935812099999999258e-01,1.739019270000000006e+00,1.997766780000000075e+00,4.433913509463041462e-03,1.422850554389223088e-01
-7.935063199999999872e-01,1.739741690000000007e+00,1.996393199999999979e+00,4.255462364361838230e-03,1.387339023119142367e-01
-7.935117000000000420e-01,1.740320789999999951e+00,1.994994799999999957e+00,4.137814432052257761e-03,1.562495468673939236e-01
-7.935944100000000834e-01,1.741220159999999906e+00,1.993457709999999938e+00,4.044399040871153421e-03,1.491038923386822090e-01
-7.937889000000000195e-01,1.742016879999999990e+00,1.992052820000000057e+00,4.071410018261520901e-03,1.505120633060197943e-01
-7.939148699999999392e-01,1.742754740000000080e+00,1.990591279999999852e+00,4.084177284949759568e-03,1.427536913575734312e-01
-7.938967499999999289e-01,1.743511809999999995e+00,1.989070659999999879e+00,4.055029562678782833e-03,1.653885623710815989e-01
-7.943908100000000028e-01,1.744289779999999901e+00,1.987614400000000003e+00,4.356328751655398103e-03,1.293960448776113603e-01
-7.947205700000000705e-01,1.744713619999999965e+00,1.986239130000000186e+00,4.383435129005605439e-03,1.058232918969055220e-01
-7.948316599999999399e-01,1.745249499999999898e+00,1.985222560000000191e+00,4.569856457176796165e-03,1.685189148048718277e-01
-7.953931199999999535e-01,1.745849190000000162e+00,1.983577729999999928e+00,4.874857544934069892e-03,1.385751281105522259e-01
-7.957912199999999103e-01,1.746148719999999877e+00,1.982077140000000126e+00,5.006227317291849291e-03,1.566373706984889591e-01
-7.959629799999999866e-01,1.746698050000000002e+00,1.980468079999999853e+00,5.092651841359247152e-03,1.353921699892716435e-01
-7.962390000000000301e-01,1.747164520000000110e+00,1.979021439999999910e+00,5.368923556356557450e-03,1.631846268236958053e-01
-7.965544099999999350e-01,1.747609090000000087e+00,1.977326609999999985e+00,5.531079902179989079e-03,1.691510921618534224e-01
-7.965983000000000924e-01,1.748243410000000164e+00,1.975594139999999888e+00,5.505825170462727916e-03,1.703843685877197700e-01
-7.971167499999999295e-01,1.749044299999999996e+00,1.973900270000000123e+00,6.005601916993765811e-03,1.689193192111600739e-01
-7.970923900000000950e-01,1.750027579999999805e+00,1.972341799999999923e+00,6.048377530916906539e-03,1.794162690787594050e-01
-7.969531599999999383e-01,1.750824689999999961e+00,1.970559419999999839e+00,5.949780165863212053e-03,1.253825765839313988e-01
-7.968744599999999512e-01,1.751268480000000016e+00,1.969201670000000126e+00,5.924206775164073124e-03,1.294098231429210433e-01
-7.971015200000000078e-01,1.751430419999999932e+00,1.967817640000000035e+00,5.996948066508495968e-03,1.235407437653810170e-01
-7.970703900000000175e-01,1.751619600000000165e+00,1.966421119999999911e+00,5.944783328137358790e-03,1.198642988863322933e-01
-7.975745399999999430e-01,1.751673210000000092e+00,1.965215689999999960e+00,6.402808337268828601e-03,1.061211914914555049e-01
-7.975001400000000240e-01,1.751664299999999841e+00,1.964059280000000074e+00,6.297345984142922737e-03,1.089169596627079517e-01
-7.974324399999999091e-01,1.751797820000000172e+00,1.962825569999999908e+00,6.258861759689189272e-03,1.329083987485936702e-01
-7.974640699999999693e-01,1.752247549999999876e+00,1.961447420000000053e+00,6.257178284482508256e-03,1.233784212634388144e-01
-7.971952300000000324e-01,1.752596460000000134e+00,1.960175479999999970e+00,6.045339401795454815e-03,1.573716130580787020e-01
-7.968652200000000407e-01,1.753299180000000179e+00,1.958556350000000057e+00,5.789501193134100575e-03,1.284832751884392998e-01
-7.964324999999999877e-01,1.753705589999999814e+00,1.957217350000000078e+00,5.300342489933997439e-03,1.300241932066014960e-01
-7.961870800000000470e-01,1.754054079999999960e+00,1.955862949999999989e+00,5.091428504781347203e-03,1.412782367565313668e-01
-7.957110299999999858e-01,1.754370680000000071e+00,1.954431569999999896e+00,4.728804920082821210e-03,1.297302918353272494e-01
-7.953352699999999276e-01,1.754588049999999955e+00,1.953084440000000033e+00,4.269734187159628797e-03,1.104641005586346064e-01
-7.948483800000000210e-01,1.754747410000000007e+00,1.951932840000000002e+00,3.858822548666870217e-03,1.194248211126573977e-01
-7.945650200000000662e-01,1.754758489999999949e+00,1.950661159999999894e+00,3.564450813533570628e-03,1.328449877671306345e-01
-7.945067599999999786e-01,1.754908549999999900e+00,1.949220799999999976e+00,3.498422847241269059e-03,1.366731971040597293e-01
-7.942236800000000985e-01,1.754896879999999992e+00,1.947687289999999960e+00,3.346306651952401633e-03,1.455293628379855098e-01
-7.937210799999999677e-01,1.755059289999999939e+00,1.946190010000000026e+00,2.914864922873770543e-03,1.418942169930114960e-01
-7.935614500000000016e-01,1.755340670000000047e+00,1.944603660000000067e+00,2.701818152096792987e-03,1.437007690928048531e-01
-7.931986800000000448e-01,1.755532569999999959e+00,1.943090529999999871e+00,2.392944512144002701e-03,1.586392441041293011e-01
-7.926822199999999929e-01,1.755921180000000081e+00,1.941399800000000120e+00,2.008063473299520271e-03,1.407027619138465357e-01
-7.926445999999999215e-01,1.756018770000000062e+00,1.939797769999999977e+00,2.117834366941793219e-03,1.545683589138446279e-01
-7.923814900000000216e-01,1.755982020000000032e+00,1.938210809999999951e+00,1.780522018004811712e-03,1.399325915583468638e-01
-7.923154399999999820e-01,1.755765430000000071e+00,1.936630330000000066e+00,1.854391477385402415e-03,1.421479720569123195e-01
-7.923917000000000321e-01,1.755746110000000026e+00,1.935081470000000081e+00,2.148642939857677882e-03,1.519298627586927186e-01
-7.923095800000000688e-01,1.755440220000000107e+00,1.933452920000000130e+00,2.385634538482296705e-03,1.385572327977117602e-01
-7.924304500000000084e-01,1.754949819999999994e+00,1.931956309999999899e+00,2.726335340892569251e-03,1.537795504221677600e-01
-7.922243599999999608e-01,1.754668270000000030e+00,1.930313659999999931e+00,2.873653580392048108e-03,1.405530272485208954e-01
-7.920789900000000383e-01,1.754471789999999976e+00,1.928730119999999992e+00,3.080281525218235474e-03,1.499321304339250316e-01
-7.919602000000000031e-01,1.754444859999999995e+00,1.927097410000000011e+00,3.153467792399397476e-03,1.444535330781724081e-01
-7.920413800000000171e-01,1.754393799999999892e+00,1.925524319999999845e+00,3.154295459655023781e-03,1.470829005282967838e-01
-7.918436799999999387e-01,1.754358340000000016e+00,1.923858180000000084e+00,3.055733955107926489e-03,1.479840322713062151e-01
-7.914479400000000719e-01,1.754326449999999982e+00,1.922218559999999909e+00,2.896704516463491710e-03,1.450998766301371812e-01
-7.911766399999999866e-01,1.754256990000000016e+00,1.920658990000000177e+00,2.920688900550649086e-03,1.672395286825101302e-01
-7.910086499999999798e-01,1.754107040000000062e+00,1.918848370000000081e+00,2.942021689416854727e-03,1.632987236733225433e-01
-7.909949000000000563e-01,1.753737809999999842e+00,1.917105489999999968e+00,3.099054266417590638e-03,1.461998062015436306e-01
-7.909109500000000015e-01,1.753481430000000119e+00,1.915386770000000016e+00,3.144451850529685673e-03,1.634465795588587456e-01
-7.910234099999999824e-01,1.753278410000000065e+00,1.913617099999999960e+00,3.226794078679193645e-03,1.533549346243732459e-01
-7.908366799999999586e-01,1.752998599999999962e+00,1.911978139999999993e+00,3.290097986990604770e-03,1.669343934100031845e-01
-7.910115500000001187e-01,1.752618039999999988e+00,1.910205709999999835e+00,3.569633497741854251e-03,1.646502675345580535e-01
-7.910927600000000615e-01,1.752280020000000160e+00,1.908443349999999983e+00,3.773579255626987455e-03,1.791738910488361591e-01
-7.911038000000000237e-01,1.751671669999999903e+00,1.906396069999999998e+00,4.046444961172742695e-03,1.816745452656620963e-01
-7.913482499999999753e-01,1.751336980000000043e+00,1.904552690000000048e+00,4.228699620332407663e-03,1.848589705768088898e-01
-7.913613999999999926e-01,1.751039220000000007e+00,1.902558039999999950e+00,4.201518198223077281e-03,1.672161921106886662e-01
-7.913206999999999880e-01,1.750842519999999958e+00,1.900660680000000102e+00,4.033491225080346014e-03,1.590699287899666747e-01
-7.913194100000000564e-01,1.750500439999999935e+00,1.898959289999999855e+00,3.996155041762179151e-03,1.468428756182939554e-01
-7.912531400000000215e-01,1.750131389999999953e+00,1.897326320000000122e+00,3.961397099269554564e-03,1.609131290692385197e-01
-7.914184199999999558e-01,1.749320369999999958e+00,1.895778089999999860e+00,4.442480452337410970e-03,1.612186779505378198e-01
-7.916355399999999154e-01,1.748658700000000010e+00,1.894075509999999962e+00,4.803551837307427907e-03,1.826035939985276579e-01
-7.919126200000000670e-01,1.748015389999999947e+00,1.892210469999999978e+00,5.128889257860812755e-03,1.894397212625335558e-01
-7.919373299999999949e-01,1.747306269999999939e+00,1.890168760000000114e+00,5.258796711359110983e-03,1.888196322388002724e-01
-7.920517400000000041e-01,1.746912389999999871e+00,1.888149999999999995e+00,5.224144577794599502e-03,1.815281245481798200e-01
-7.920714599999999495e-01,1.746521870000000032e+00,1.886206629999999995e+00,5.139507606317885412e-03,1.881824299831567904e-01
-7.921625800000000606e-01,1.746060730000000172e+00,1.884113499999999997e+00,5.100044096211245326e-03,1.852862218112118764e-01
-7.919379199999999619e-01,1.745413800000000126e+00,1.882209610000000088e+00,4.957787729673317385e-03,1.679348360810379581e-01
-7.920712100000000255e-01,1.744895550000000073e+00,1.880457299999999998e+00,5.072018436934122750e-03,1.689271170037270620e-01
-7.918787300000000862e-01,1.744230920000000129e+00,1.878658339999999871e+00,4.959218926292733101e-03,1.657852273212148397e-01
-7.920666200000000545e-01,1.743573639999999925e+00,1.876983800000000091e+00,5.094302782717310442e-03,1.455791938370275818e-01
-7.917349599999999876e-01,1.742654120000000084e+00,1.875640789999999836e+00,4.994035330882178395e-03,1.550906110471294286e-01
-7.916679600000000594e-01,1.741832800000000070e+00,1.874162990000000084e+00,5.061640810024028818e-03,1.544374646700129583e-01
-7.914800800000000303e-01,1.741049529999999956e+00,1.872683099999999934e+00,5.028057879668882714e-03,1.505807964677764177e-01
-7.911142500000000188e-01,1.740354779999999879e+00,1.871240020000000115e+00,4.847679342871251060e-03,1.312479446620772039e-01
-7.908113900000000029e-01,1.739650279999999993e+00,1.869877889999999931e+00,4.618416226218626484e-03,1.484132113646887685e-01
-7.902967100000000134e-01,1.738986080000000101e+00,1.868493770000000165e+00,4.204462202398689778e-03,1.400042342837052312e-01
-7.900698999999999916e-01,1.738273320000000011e+00,1.867162009999999928e+00,4.095859885603918629e-03,1.606172429149755332e-01
-7.896644400000000230e-01,1.737461300000000097e+00,1.865663059999999929e+00,3.901402881938712160e-03,1.651370565247530509e-01
-7.895134299999999605e-01,1.736571749999999970e+00,1.864103599999999972e+00,3.890371684993638741e-03,1.546216689782048959e-01
-7.891606100000000401e-01,1.735775929999999967e+00,1.862569109999999917e+00,3.548874373248492049e-03,1.543238708665546632e-01
-7.889293600000000239e-01,1.734820499999999877e+00,1.861108229999999919e+00,3.427100314332843373e-03,1.616120356229415744e-01
-7.887119400000000002e-01,1.734011760000000013e+00,1.859556589999999954e+00,3.178992847947237008e-03,1.704228117127077335e-01
-7.883712299999999784e-01,1.733218879999999906e+00,1.857909699999999997e+00,2.815065018307866783e-03,1.660478923103637372e-01
-7.880658600000000069e-01,1.732632270000000085e+00,1.856134280000000025e+00,2.276916286317911577e-03,1.681199687455586789e-01
-7.878265399999999641e-01,1.732011409999999918e+00,1.854425009999999929e+00,1.896465777650596218e-03,1.798054600855898966e-01
-7.874678100000001013e-01,1.731461330000000132e+00,1.852574629999999889e+00,1.453562687296186366e-03,1.736655141259725865e-01
-7.871730200000000011e-01,1.730936130000000128e+00,1.850688649999999935e+00,8.847643380019900184e-04,1.665439136007298149e-01
-7.868648299999999596e-01,1.730402500000000066e+00,1.848979359999999961e+00,7.217069187005032771e-04,1.591663343476691084e-01
-7.864859499999999892e-01,1.729808999999999930e+00,1.847390290000000102e+00,1.174631774897847911e-03,1.371376695930673906e-01
-7.859714399999999657e-01,1.729143419999999987e+00,1.846070909999999898e+00,1.826154732244889044e-03,1.476491675179665009e-01
-7.853055200000000902e-01,1.728502259999999957e+00,1.844664289999999873e+00,2.357747608651123306e-03,1.378990912498651855e-01
-7.849592899999999762e-01,1.727823939999999947e+00,1.843365220000000138e+00,2.734088422143484635e-03,1.487231843296310807e-01
-7.847614800000000113e-01,1.727005699999999866e+00,1.841893499999999850e+00,3.183311393564876302e-03,1.665001196865921740e-01
-7.846649300000000382e-01,1.726239150000000055e+00,1.840340110000000085e+00,3.712937159109981188e-03,1.464838388230412514e-01
-7.843962500000000171e-01,1.725479070000000004e+00,1.838876019999999833e+00,4.094846774642582794e-03,1.640393253787117978e-01
-7.844131999999999216e-01,1.724408479999999910e+00,1.837441949999999879e+00,4.236716543846290664e-03,1.602256586248213266e-01
-7.844441199999999670e-01,1.723474510000000182e+00,1.835964649999999976e+00,4.556899595887674813e-03,1.412103727189605584e-01
-7.846274200000000754e-01,1.722554959999999857e+00,1.834568479999999946e+00,4.864141099762545224e-03,1.766045829156341895e-01
-7.847209199999999329e-01,1.721398240000000079e+00,1.833030380000000070e+00,5.096218615640446190e-03,1.564833188835343392e-01
-7.850123700000000149e-01,1.720386130000000069e+00,1.831686769999999909e+00,5.206852490968145140e-03,1.377187657640725760e-01
-7.852013199999999804e-01,1.719388369999999888e+00,1.830579349999999828e+00,5.289105403733259173e-03,1.226131407668682866e-01
-7.852172299999999883e-01,1.718470100000000000e+00,1.829524009999999867e+00,5.538644356067770440e-03,1.231886455640128220e-01
-7.855179500000000203e-01,1.717613859999999937e+00,1.828532700000000011e+00,5.559539800388079225e-03,1.197809098141352641e-01
-7.857272299999999987e-01,1.716795279999999924e+00,1.827535739999999853e+00,5.796519716424664362e-03,1.232931675411292338e-01
-7.857845600000000763e-01,1.715830009999999906e+00,1.826513999999999971e+00,5.922253285000456113e-03,1.305889902156182891e-01
-7.861044499999999546e-01,1.714695709999999984e+00,1.825602320000000001e+00,5.846708387545998704e-03,1.307275626442679362e-01
-7.864426100000000419e-01,1.713606479999999932e+00,1.824745910000000082e+00,5.891886758127580503e-03,1.369732889574069856e-01
-7.866366800000000881e-01,1.712408530000000040e+00,1.823873909999999876e+00,5.774992711805063302e-03,1.316935214808650778e-01
-7.867885800000000707e-01,1.711242289999999944e+00,1.823048620000000009e+00,5.702416085388641552e-03,1.015861123107389408e-01
-7.871470600000000095e-01,1.710328810000000033e+00,1.822431699999999877e+00,5.719937364316250369e-03,1.152610805551009115e-01
-7.872025000000000272e-01,1.709458999999999840e+00,1.821523659999999989e+00,5.872489461514536491e-03,1.013827437926496933e-01
-7.872253000000000167e-01,1.708599390000000051e+00,1.820827990000000174e+00,5.997844670562832263e-03,8.527455948862883162e-02
-7.873406599999999145e-01,1.707815950000000083e+00,1.820193410000000123e+00,5.995992607583713711e-03,1.086127817038879395e-01
-7.875036599999999387e-01,1.706932910000000136e+00,1.819420239999999911e+00,6.196721891879660923e-03,1.105459276119299394e-01
-7.875551800000000213e-01,1.705991030000000075e+00,1.818666919999999854e+00,6.212043358646283236e-03,9.746749775641948277e-02
-7.877199799999999863e-01,1.705182329999999968e+00,1.817996410000000118e+00,6.400656854370316909e-03,1.019342259024088454e-01
-7.877411699999999906e-01,1.704176539999999962e+00,1.817412759999999849e+00,6.253442296055871340e-03,1.041685797027151333e-01
-7.877058700000000302e-01,1.703262449999999983e+00,1.816738359999999997e+00,6.384033300430007156e-03,1.186003729649566241e-01
-7.878951100000000096e-01,1.702325499999999936e+00,1.815866269999999894e+00,6.548511034655164938e-03,1.324996222695879744e-01
-7.880366800000000449e-01,1.701072250000000174e+00,1.815032670000000126e+00,6.626950986977311019e-03,1.318089685382639042e-01
-7.882941399999999765e-01,1.700014979999999953e+00,1.814092509999999825e+00,6.925303075685654633e-03,1.223737553586381338e-01
-7.886225599999999725e-01,1.698930750000000156e+00,1.813276320000000164e+00,7.081777759468240938e-03,1.549400842433145686e-01
-7.888204399999999561e-01,1.697588600000000003e+00,1.812267920000000032e+00,7.324262557418271050e-03,1.407151981161770538e-01
-7.889186700000000441e-01,1.696257650000000172e+00,1.811509079999999994e+00,7.360482023468357254e-03,1.244929433330528162e-01
-7.892125399999999624e-01,1.695058049999999872e+00,1.810943989999999948e+00,7.285059559413258751e-03,1.163369688578961836e-01
-7.892550799999999978e-01,1.693748449999999961e+00,1.810493520000000078e+00,7.106195057926392028e-03,1.034484165454604421e-01
-7.890494000000000119e-01,1.692760269999999956e+00,1.810118100000000174e+00,6.860912156039926900e-03,9.580415619347085188e-02
-7.890001300000000217e-01,1.691761140000000108e+00,1.809677399999999992e+00,6.820745287466890155e-03,1.075755326171775883e-01
-7.888809900000000042e-01,1.690661149999999946e+00,1.809285839999999812e+00,6.570605820485876485e-03,1.038816745098032068e-01
-7.888554100000000346e-01,1.689618040000000043e+00,1.808843430000000030e+00,6.531892308557939696e-03,8.572339141530771478e-02
-7.888984999999999470e-01,1.688720459999999868e+00,1.808457210000000037e+00,6.427142762977728144e-03,1.058786093537244927e-01
-7.888415300000000130e-01,1.687553120000000018e+00,1.808147179999999965e+00,6.242336472483688697e-03,1.058033680434576213e-01
-7.884942800000001029e-01,1.686486450000000081e+00,1.807879580000000042e+00,5.889932404985611519e-03,7.857182569348748757e-02
-7.885362299999999491e-01,1.685647290000000131e+00,1.807709690000000036e+00,5.770331259217208533e-03,1.043361913892506682e-01
-7.884035699999999425e-01,1.684425220000000056e+00,1.807302839999999966e+00,5.526605611666326502e-03,1.129852339872201572e-01
-7.884796699999999658e-01,1.683357720000000057e+00,1.806969889999999968e+00,5.498188727517518658e-03,8.720121560852606146e-02
-7.883779600000000443e-01,1.682433449999999997e+00,1.806768740000000095e+00,5.199629864105646294e-03,1.004472506209569682e-01
-7.883320499999999509e-01,1.681324040000000020e+00,1.806484680000000065e+00,5.107933600439569857e-03,9.487281990655173358e-02
-7.881408600000000542e-01,1.680330399999999891e+00,1.806266820000000051e+00,4.821970792321204381e-03,8.198841671570315792e-02
-7.880890299999999682e-01,1.679446830000000057e+00,1.806137499999999951e+00,4.643403551254199346e-03,1.126684791719726048e-01
-7.879233700000000118e-01,1.678119049999999834e+00,1.806222499999999842e+00,4.047542200570772991e-03,1.299364727559642607e-01
-7.874985700000000088e-01,1.676841650000000072e+00,1.806077879999999913e+00,3.853878723805597740e-03,1.047361481699536773e-01
-7.876500699999999799e-01,1.675661949999999845e+00,1.805961629999999873e+00,3.452975271313297838e-03,1.462076662054494769e-01
-7.877277099999999699e-01,1.674090819999999979e+00,1.805697230000000042e+00,3.265895294922909874e-03,1.319636870164808684e-01
-7.879952599999999752e-01,1.672646569999999944e+00,1.805366060000000106e+00,3.063405994003878287e-03,1.359139803733838969e-01
-7.881898999999999988e-01,1.671211189999999958e+00,1.805048849999999927e+00,2.812422432459319842e-03,1.401667108547522689e-01
-7.884102699999999686e-01,1.669578510000000016e+00,1.804788239999999933e+00,2.593557399133490388e-03,1.388341130356670061e-01
-7.885026600000000219e-01,1.668183020000000072e+00,1.804418320000000131e+00,2.658933339592984852e-03,1.214535293126108723e-01
-7.885336600000000251e-01,1.666888140000000185e+00,1.804138760000000063e+00,2.404580944530736088e-03,1.244806465763792225e-01
-7.886882500000000906e-01,1.665547340000000043e+00,1.803696439999999956e+00,2.528242953455986895e-03,1.255112766621305220e-01
-7.886921799999999649e-01,1.664235700000000095e+00,1.803303230000000035e+00,2.606104195019771311e-03,1.162643556052575383e-01
-7.886831999999999177e-01,1.662988230000000067e+00,1.803073589999999893e+00,2.452804062904379457e-03,1.366125455937652611e-01
-7.888134099999999371e-01,1.661442580000000113e+00,1.802919729999999943e+00,2.368628861050387901e-03,1.421765815887019446e-01
-7.887513199999999225e-01,1.659908820000000063e+00,1.802696459999999945e+00,2.315201659553728711e-03,1.302062765374379094e-01
-7.888832800000000756e-01,1.658505909999999917e+00,1.802506550000000152e+00,2.095348247666486627e-03,1.478785581493977930e-01
-7.890741100000000507e-01,1.656760900000000092e+00,1.802383220000000064e+00,1.929581572906413590e-03,1.364654986828987837e-01
-7.889154699999999520e-01,1.655352320000000210e+00,1.802227090000000143e+00,2.213796667130763906e-03,1.108300935716447638e-01
-7.889908599999999606e-01,1.654147220000000029e+00,1.802162660000000027e+00,1.928128370622725308e-03,1.071921299876910094e-01
-7.889841300000000057e-01,1.652932470000000098e+00,1.802020549999999943e+00,2.196093822289991396e-03,1.233736818967530874e-01
-7.890624800000000105e-01,1.651531989999999839e+00,1.801901500000000045e+00,2.073299943688738933e-03,1.413096529260856604e-01
-7.894232000000001026e-01,1.650048500000000029e+00,1.801687250000000073e+00,1.867959569289307734e-03,1.768657461172581657e-01
-7.896631700000000809e-01,1.648047669999999965e+00,1.801794530000000005e+00,1.724996448315179159e-03,2.161283973783306722e-01
-7.902330500000001035e-01,1.645887630000000046e+00,1.801509239999999901e+00,1.472012587242320716e-03,1.634954517614707614e-01
-7.905424600000000579e-01,1.644050639999999897e+00,1.801449210000000134e+00,1.435341219118190306e-03,1.591972646322107332e-01
-7.909532299999999516e-01,1.642281270000000015e+00,1.801447180000000037e+00,1.405087356074402995e-03,1.396721952719111037e-01
-7.912749500000000324e-01,1.640723429999999983e+00,1.801544400000000046e+00,1.323285844932902723e-03,9.571034712340754924e-02
-7.912338700000000058e-01,1.639757179999999925e+00,1.802232269999999970e+00,1.497266770552243458e-03,7.876641768954269207e-02
-7.912647900000000512e-01,1.639041450000000122e+00,1.802425399999999955e+00,1.656951854037905757e-03,6.469502886937852915e-02
-7.909738199999999386e-01,1.638411229999999996e+00,1.802556830000000110e+00,2.214176579272838889e-03,7.425073338939025547e-02
-7.909330800000000661e-01,1.637611769999999911e+00,1.802680990000000039e+00,2.345127218169615422e-03,1.007945146041050455e-01
-7.910645900000000674e-01,1.636469269999999865e+00,1.802686369999999982e+00,2.462626731337954483e-03,1.145771798852697060e-01
-7.911374199999999801e-01,1.635250260000000067e+00,1.802419259999999968e+00,3.025914661982407900e-03,8.247825113437920463e-02
-7.914112500000000106e-01,1.634395580000000070e+00,1.802354189999999967e+00,3.566666813006223128e-03,5.967537892694561863e-02
-7.913777900000000809e-01,1.633719420000000033e+00,1.802281250000000057e+00,4.162759702769329093e-03,3.980290827306355583e-02
-7.914955200000000080e-01,1.633301609999999959e+00,1.802269239999999995e+00,4.505667268019347693e-03,3.282469795044284239e-02
-7.912832899999999725e-01,1.633583459999999876e+00,1.802330600000000116e+00,4.331001643465618584e-03,3.997631286775744225e-02
-7.910289699999999424e-01,1.633941320000000141e+00,1.802146340000000180e+00,4.077618240946552508e-03,0.000000000000000000e+00
