-1.218496999999999941e+00,1.770699000000000023e+00,5.811163999999999774e-01,3.836433791948055949e-03,7.154063306361249652e-02
-1.218612999999999946e+00,1.771501999999999910e+00,5.812062000000000062e-01,3.187498793725439955e-03,0.000000000000000000e+00
-1.218612999999999946e+00,1.771501999999999910e+00,5.812062000000000062e-01,3.187498793725439955e-03,4.456844731296090434e-02
-1.218499999999999917e+00,1.771833999999999909e+00,5.815430000000000321e-01,2.872691344367002061e-03,1.293678201986900311e-01
-1.218058000000000085e+00,1.772931999999999952e+00,5.824249999999999705e-01,2.416916456975744427e-03,0.000000000000000000e+00
-1.218058000000000085e+00,1.772931999999999952e+00,5.824249999999999705e-01,2.416916456975744427e-03,4.575281453985121510e-02
-1.218115999999999977e+00,1.773423999999999889e+00,5.825896000000000408e-01,2.262747445032361072e-03,5.049240930072985273e-02
-1.218150999999999984e+00,1.773933999999999900e+00,5.828552999999999651e-01,2.239510770235388169e-03,9.835391726629859332e-02
-1.218315000000000037e+00,1.774858000000000047e+00,5.832646999999999693e-01,2.461770503113582757e-03,2.893681964239373100e-02
-1.218094000000000010e+00,1.775014000000000092e+00,5.834787000000000168e-01,2.758160947080572772e-03,0.000000000000000000e+00
-1.218094000000000010e+00,1.775014000000000092e+00,5.834787000000000168e-01,2.758160947080572772e-03,4.089209462396473788e-02
-1.217829999999999968e+00,1.775347999999999926e+00,5.834612999999999605e-01,3.160121499246507093e-03,3.144466595622222999e-02
-1.217594999999999983e+00,1.775300000000000100e+00,5.831948999999999605e-01,3.298486333153533186e-03,0.000000000000000000e+00
-1.217594999999999983e+00,1.775300000000000100e+00,5.831948999999999605e-01,3.298486333153533186e-03,4.585637055641240967e-02
-1.217746999999999913e+00,1.775371000000000032e+00,5.827474999999999739e-01,3.222128087149974188e-03,7.227901756962851199e-02
-1.217575999999999992e+00,1.775411000000000072e+00,5.819417000000000062e-01,3.542049746968626081e-03,0.000000000000000000e+00
-1.217575999999999992e+00,1.775411000000000072e+00,5.819417000000000062e-01,3.542049746968626081e-03,3.508155463621692727e-02
-1.217638999999999916e+00,1.775517000000000012e+00,5.815789999999999571e-01,3.679878307770624232e-03,3.139393306969232716e-02
-1.217454999999999954e+00,1.775417999999999941e+00,5.813076000000000354e-01,3.877018828945782980e-03,0.000000000000000000e+00
-1.217454999999999954e+00,1.775417999999999941e+00,5.813076000000000354e-01,3.877018828945782980e-03,8.155591278706444958e-02
-1.217483000000000093e+00,1.775339999999999918e+00,5.804217000000000404e-01,4.289567158816748153e-03,5.045170806606663616e-02
-1.217513999999999985e+00,1.775198000000000054e+00,5.798908000000000396e-01,4.556315555358327919e-03,0.000000000000000000e+00
-1.217513999999999985e+00,1.775198000000000054e+00,5.798908000000000396e-01,4.556315555358327919e-03,1.474258219846595053e-01
-1.217681000000000013e+00,1.774726999999999943e+00,5.783620000000000427e-01,5.081408037148662550e-03,4.357159324090069397e-02
-1.217730999999999897e+00,1.774580999999999964e+00,5.778893999999999975e-01,5.120724190971455772e-03,0.000000000000000000e+00
-1.217730999999999897e+00,1.774580999999999964e+00,5.778893999999999975e-01,5.120724190971455772e-03,1.033132832948032154e-01
-1.217872999999999983e+00,1.774353000000000069e+00,5.768480000000000274e-01,5.351156626375213124e-03,4.495438984032518182e-02
-1.218078999999999912e+00,1.774318999999999980e+00,5.764042000000000332e-01,5.393218890421546362e-03,0.000000000000000000e+00
-1.218078999999999912e+00,1.774318999999999980e+00,5.764042000000000332e-01,5.393218890421546362e-03,9.005038350699780259e-02
-1.218582000000000054e+00,1.774548999999999932e+00,5.757027000000000116e-01,5.444715534350582156e-03,3.736275279204358257e-02
-1.218820000000000014e+00,1.774742999999999959e+00,5.754346000000000183e-01,5.487341757171571716e-03,0.000000000000000000e+00
-1.218820000000000014e+00,1.774742999999999959e+00,5.754346000000000183e-01,5.487341757171571716e-03,4.397783660044372878e-02
-1.219066999999999901e+00,1.774945999999999913e+00,5.751062999999999592e-01,5.600767001938209561e-03,0.000000000000000000e+00
-1.219066999999999901e+00,1.774945999999999913e+00,5.751062999999999592e-01,5.600767001938209561e-03,8.368355930944772203e-02
-1.219398999999999900e+00,1.774853000000000014e+00,5.742159000000000013e-01,5.734503170284234799e-03,7.079090743378407824e-02
-1.219832000000000027e+00,1.774936000000000069e+00,5.736244999999999816e-01,5.518076466487106986e-03,6.661514910967804293e-02
-1.220234999999999959e+00,1.775077999999999934e+00,5.729959000000000024e-01,5.447509486912281880e-03,1.050596386403275795e-01
-1.220892000000000088e+00,1.775423999999999891e+00,5.719900999999999458e-01,5.568998679295823068e-03,6.563748379098384433e-02
-1.221209999999999907e+00,1.775460999999999956e+00,5.713856999999999964e-01,5.782091006720660106e-03,0.000000000000000000e+00
-1.221209999999999907e+00,1.775460999999999956e+00,5.713856999999999964e-01,5.782091006720660106e-03,1.234896635938232679e-01
-1.222020000000000106e+00,1.775724999999999998e+00,5.701882999999999813e-01,5.703109349293393297e-03,5.560002432726635774e-02
-1.222509999999999986e+00,1.775859999999999994e+00,5.695704000000000322e-01,5.527915082560405993e-03,1.005522486996813653e-01
-1.223470999999999975e+00,1.776127000000000011e+00,5.686660000000000048e-01,5.316580483731929083e-03,4.360005728794479063e-02
-1.223959999999999937e+00,1.776453000000000060e+00,5.682610000000000161e-01,5.361191662307889481e-03,0.000000000000000000e+00
-1.223959999999999937e+00,1.776453000000000060e+00,5.682610000000000161e-01,5.361191662307889481e-03,1.559198676198207956e-01
-1.225228999999999902e+00,1.776999999999999913e+00,5.671405000000000474e-01,5.121246934097287672e-03,1.991824199310881505e-01
-1.226687000000000083e+00,1.777423999999999893e+00,5.657284999999999675e-01,4.766100267514259553e-03,0.000000000000000000e+00
-1.226687000000000083e+00,1.777423999999999893e+00,5.657284999999999675e-01,4.766100267514259553e-03,9.808827168791756090e-02
-1.227392000000000039e+00,1.777546999999999988e+00,5.648680000000000367e-01,4.990989421948296111e-03,1.274911908365396751e-01
-1.228259999999999907e+00,1.777698999999999918e+00,5.638756000000000324e-01,4.750007390520542654e-03,2.264860560643596477e-01
-1.229975000000000041e+00,1.778092999999999924e+00,5.619830999999999577e-01,4.606484555493383162e-03,1.277743204408984257e-01
-1.231168000000000040e+00,1.778508999999999896e+00,5.611371000000000553e-01,4.609830404689528940e-03,0.000000000000000000e+00
-1.231168000000000040e+00,1.778508999999999896e+00,5.611371000000000553e-01,4.609830404689528940e-03,1.169750109008211858e-01
-1.232118000000000047e+00,1.778872000000000009e+00,5.603641999999999790e-01,4.281833164662161156e-03,2.004465307689888010e-01
-1.233765999999999918e+00,1.779396999999999895e+00,5.588708000000000009e-01,4.580867560844812184e-03,0.000000000000000000e+00
-1.233765999999999918e+00,1.779396999999999895e+00,5.588708000000000009e-01,4.580867560844812184e-03,9.306023279767430822e-02
-1.234448999999999907e+00,1.779430000000000067e+00,5.580597000000000474e-01,4.493204264219499353e-03,2.144406437974565038e-01
-1.235875000000000057e+00,1.779649999999999954e+00,5.562152999999999681e-01,4.254905639376633901e-03,0.000000000000000000e+00
-1.235875000000000057e+00,1.779649999999999954e+00,5.562152999999999681e-01,4.254905639376633901e-03,1.163896080034887287e-01
-1.236658000000000035e+00,1.779789999999999983e+00,5.552255000000000384e-01,4.651848948536398826e-03,1.086860658635016436e-01
-1.237459000000000087e+00,1.780005000000000059e+00,5.543034999999999490e-01,4.447452822684033920e-03,0.000000000000000000e+00
-1.237459000000000087e+00,1.780005000000000059e+00,5.543034999999999490e-01,4.447452822684033920e-03,2.014796802663190167e-01
-1.239001000000000019e+00,1.780451000000000006e+00,5.526577999999999768e-01,4.544436977228376133e-03,9.109285441172748632e-02
-1.239672000000000107e+00,1.780558000000000085e+00,5.518712999999999536e-01,4.897484975985268857e-03,1.999366986687253489e-01
-1.241144000000000025e+00,1.780928999999999984e+00,5.503048999999999857e-01,4.524446605939633215e-03,1.264766379907251992e-01
-1.242145999999999972e+00,1.781268999999999991e+00,5.494191999999999965e-01,4.811321872417079031e-03,1.191067355362770419e-01
-1.243133000000000044e+00,1.781700999999999979e+00,5.485908999999999924e-01,5.212190335166211851e-03,0.000000000000000000e+00
-1.243133000000000044e+00,1.781700999999999979e+00,5.485908999999999924e-01,5.212190335166211851e-03,2.386619480089915424e-01
-1.245239999999999903e+00,1.782456999999999958e+00,5.470401999999999765e-01,5.308904312567730086e-03,1.062000070922157063e-01
-1.246197999999999917e+00,1.782780999999999949e+00,5.463727000000000444e-01,5.763530970681063521e-03,0.000000000000000000e+00
-1.246197999999999917e+00,1.782780999999999949e+00,5.463727000000000444e-01,5.763530970681063521e-03,1.105483486712602464e-01
-1.247241000000000044e+00,1.783087000000000089e+00,5.457349000000000228e-01,5.747879025344969188e-03,2.170799283294077009e-01
-1.249295000000000044e+00,1.783477999999999897e+00,5.444071000000000327e-01,5.909264526994749064e-03,0.000000000000000000e+00
-1.249295000000000044e+00,1.783477999999999897e+00,5.444071000000000327e-01,5.909264526994749064e-03,1.287446829730277131e-01
-1.250424999999999898e+00,1.783808999999999978e+00,5.436389000000000360e-01,6.326145626682886172e-03,2.923671579305773260e-01
-1.252939000000000025e+00,1.784272000000000080e+00,5.415001999999999871e-01,6.439712210960946842e-03,0.000000000000000000e+00
-1.252939000000000025e+00,1.784272000000000080e+00,5.415001999999999871e-01,6.439712210960946842e-03,1.545822377203213693e-01
-1.254224999999999923e+00,1.784383000000000052e+00,5.404147999999999730e-01,6.397614286591622214e-03,1.352637254963567626e-01
-1.255460000000000020e+00,1.784448999999999952e+00,5.393845999999999918e-01,6.259104645234818409e-03,3.271490857019596632e-01
-1.258264999999999967e+00,1.784882999999999997e+00,5.374965999999999910e-01,6.612467649070111371e-03,1.408542397749990294e-01
-1.259484000000000048e+00,1.785085999999999951e+00,5.365832000000000379e-01,6.787000492853846774e-03,0.000000000000000000e+00
-1.259484000000000048e+00,1.785085999999999951e+00,5.365832000000000379e-01,6.787000492853846774e-03,3.196282091112118695e-01
-1.261994000000000060e+00,1.785406000000000049e+00,5.344174999999999898e-01,6.836722066165999701e-03,1.642822749449245057e-01
-1.263376000000000055e+00,1.785328999999999944e+00,5.331534999999999469e-01,6.870363513672302601e-03,0.000000000000000000e+00
-1.263376000000000055e+00,1.785328999999999944e+00,5.331534999999999469e-01,6.870363513672302601e-03,1.806438214182233271e-01
-1.264459000000000000e+00,1.785366999999999926e+00,5.316165999999999947e-01,6.422249005605278060e-03,3.384052494018742752e-01
-1.267357999999999985e+00,1.785625999999999935e+00,5.290793999999999775e-01,6.461683034627977752e-03,0.000000000000000000e+00
-1.267357999999999985e+00,1.785625999999999935e+00,5.290793999999999775e-01,6.461683034627977752e-03,2.011448325041562679e-01
-1.269163999999999959e+00,1.785868999999999929e+00,5.278566000000000091e-01,6.607107233880735175e-03,1.715456298595614548e-01
-1.270567999999999920e+00,1.785992000000000024e+00,5.266252000000000155e-01,6.655968311222708149e-03,0.000000000000000000e+00
-1.270567999999999920e+00,1.785992000000000024e+00,5.266252000000000155e-01,6.655968311222708149e-03,3.585184361050265389e-01
-1.273587999999999942e+00,1.786308999999999925e+00,5.241597999999999535e-01,6.787174588147776126e-03,1.683847569323074223e-01
-1.274977000000000027e+00,1.786329999999999973e+00,5.228325999999999807e-01,6.355095612970707887e-03,0.000000000000000000e+00
-1.274977000000000027e+00,1.786329999999999973e+00,5.228325999999999807e-01,6.355095612970707887e-03,5.040574302664049267e-01
-1.278853999999999935e+00,1.786254000000000008e+00,5.189333000000000418e-01,5.761123366150026036e-03,1.592729447443942681e-01
-1.280175999999999981e+00,1.786372000000000071e+00,5.178093000000000279e-01,5.747064228804145414e-03,0.000000000000000000e+00
-1.280175999999999981e+00,1.786372000000000071e+00,5.178093000000000279e-01,5.747064228804145414e-03,3.395643150322461001e-01
-1.282840999999999898e+00,1.786821999999999910e+00,5.155258000000000340e-01,6.058681869845927714e-03,1.444892612442336965e-01
-1.284097999999999962e+00,1.787088000000000010e+00,5.144950999999999830e-01,5.780170593503288455e-03,0.000000000000000000e+00
-1.284097999999999962e+00,1.787088000000000010e+00,5.144950999999999830e-01,5.780170593503288455e-03,3.073805830608178913e-01
-1.286327999999999916e+00,1.787371999999999961e+00,5.124349999999999739e-01,5.964500411602010471e-03,1.412098669094212222e-01
-1.287525000000000031e+00,1.787498000000000031e+00,5.113638999999999823e-01,5.630547064895319656e-03,0.000000000000000000e+00
-1.287525000000000031e+00,1.787498000000000031e+00,5.113638999999999823e-01,5.630547064895319656e-03,1.476005440567541849e-01
-1.288696000000000064e+00,1.787571000000000021e+00,5.103695000000000315e-01,5.696781969673886045e-03,2.719826586193510587e-01
-1.291085000000000038e+00,1.787725000000000009e+00,5.083946999999999772e-01,5.380032691350525309e-03,0.000000000000000000e+00
-1.291085000000000038e+00,1.787725000000000009e+00,5.083946999999999772e-01,5.380032691350525309e-03,1.351738528551016394e-01
-1.292248999999999981e+00,1.787851000000000079e+00,5.074980000000000047e-01,5.586778274641047461e-03,1.356675684940411852e-01
-1.293412999999999924e+00,1.787970999999999977e+00,5.065916000000000308e-01,5.499046107280807991e-03,0.000000000000000000e+00
-1.293412999999999924e+00,1.787970999999999977e+00,5.065916000000000308e-01,5.499046107280807991e-03,3.721288532514842595e-01
-1.296615000000000073e+00,1.788097000000000047e+00,5.040987999999999580e-01,5.325104727608768150e-03,0.000000000000000000e+00
-1.296615000000000073e+00,1.788097000000000047e+00,5.040987999999999580e-01,5.325104727608768150e-03,2.377529936831152269e-01
-1.298891000000000018e+00,1.788305999999999951e+00,5.026376000000000177e-01,5.178097851528158310e-03,1.309333278457816274e-01
-1.300067000000000084e+00,1.788505000000000011e+00,5.019778999999999769e-01,5.487450454445900669e-03,0.000000000000000000e+00
-1.300067000000000084e+00,1.788505000000000011e+00,5.019778999999999769e-01,5.487450454445900669e-03,1.222012459420764169e-01
-1.301231000000000027e+00,1.788521999999999945e+00,5.012105000000000032e-01,5.073872939875252383e-03,2.580903220554966460e-01
-1.303401999999999950e+00,1.788570999999999911e+00,4.996283999999999725e-01,5.305724738431079682e-03,0.000000000000000000e+00
-1.303401999999999950e+00,1.788570999999999911e+00,4.996283999999999725e-01,5.305724738431079682e-03,1.345740562084496994e-01
-1.304645000000000055e+00,1.788513000000000019e+00,4.987288000000000276e-01,4.687318440217240478e-03,2.679846210679332486e-01
-1.306872000000000034e+00,1.788432999999999939e+00,4.970459999999999878e-01,4.795330307705637438e-03,0.000000000000000000e+00
-1.306872000000000034e+00,1.788432999999999939e+00,4.970459999999999878e-01,4.795330307705637438e-03,1.196785062309730363e-01
-1.307973999999999970e+00,1.788300999999999918e+00,4.962504999999999833e-01,4.149868828047385133e-03,1.348305854865564923e-01
-1.309101999999999988e+00,1.788273000000000001e+00,4.954134000000000038e-01,3.933159549268234502e-03,0.000000000000000000e+00
-1.309101999999999988e+00,1.788273000000000001e+00,4.954134000000000038e-01,3.933159549268234502e-03,2.530576997509134118e-01
-1.311363000000000056e+00,1.788060999999999900e+00,4.936343000000000258e-01,3.637786739213791799e-03,2.987250895647849958e-01
-1.314008999999999983e+00,1.788032000000000066e+00,4.917266000000000137e-01,3.910951599035797713e-03,0.000000000000000000e+00
-1.314008999999999983e+00,1.788032000000000066e+00,4.917266000000000137e-01,3.910951599035797713e-03,2.690008566260966294e-01
-1.316667999999999950e+00,1.788024000000000058e+00,4.899442999999999993e-01,3.241387852448424436e-03,1.467408835157625602e-01
-1.317935999999999996e+00,1.787960999999999911e+00,4.890920999999999741e-01,3.540572610468621911e-03,0.000000000000000000e+00
-1.317935999999999996e+00,1.787960999999999911e+00,4.890920999999999741e-01,3.540572610468621911e-03,2.531776551495248939e-01
-1.320440000000000058e+00,1.788060999999999900e+00,4.874196000000000084e-01,3.211311283572508037e-03,1.462847154502341651e-01
-1.321725999999999956e+00,1.788000999999999951e+00,4.866035000000000221e-01,3.461225938883509198e-03,0.000000000000000000e+00
-1.321725999999999956e+00,1.788000999999999951e+00,4.866035000000000221e-01,3.461225938883509198e-03,1.380181455180021222e-01
-1.323118999999999934e+00,1.787914000000000003e+00,4.857350999999999752e-01,2.897904960484450846e-03,3.419301948136430069e-01
-1.326163999999999898e+00,1.788078999999999974e+00,4.838991999999999738e-01,3.208656516363222414e-03,0.000000000000000000e+00
-1.326163999999999898e+00,1.788078999999999974e+00,4.838991999999999738e-01,3.208656516363222414e-03,1.596672161519741839e-01
-1.327768000000000059e+00,1.788186000000000053e+00,4.830420000000000269e-01,3.179535972433735792e-03,3.336333343354894732e-01
-1.330831000000000097e+00,1.788362999999999925e+00,4.814144000000000201e-01,3.185352289778942397e-03,0.000000000000000000e+00
-1.330831000000000097e+00,1.788362999999999925e+00,4.814144000000000201e-01,3.185352289778942397e-03,1.617945973246588676e-01
-1.332438999999999929e+00,1.788273999999999919e+00,4.805118999999999918e-01,3.601868814934822572e-03,1.621015777903082045e-01
-1.333900000000000086e+00,1.788265999999999911e+00,4.796642999999999879e-01,3.464194747701026828e-03,3.313635037506015846e-01
-1.337253999999999943e+00,1.788297999999999943e+00,4.779266999999999821e-01,3.860920518477532933e-03,1.575028959756475944e-01
-1.338846999999999898e+00,1.788318000000000074e+00,4.769362999999999797e-01,3.717106080003767903e-03,0.000000000000000000e+00
-1.338846999999999898e+00,1.788318000000000074e+00,4.769362999999999797e-01,3.717106080003767903e-03,1.890760224983311089e-01
-1.340686999999999962e+00,1.788348000000000049e+00,4.759999999999999787e-01,4.418703343742431608e-03,3.041470916713275852e-01
-1.343968999999999969e+00,1.788461999999999996e+00,4.744785000000000252e-01,4.264191863647764057e-03,0.000000000000000000e+00
-1.343968999999999969e+00,1.788461999999999996e+00,4.744785000000000252e-01,4.264191863647764057e-03,1.452769706654086779e-01
-1.345512000000000041e+00,1.788640000000000008e+00,4.739036999999999833e-01,4.287924164441394778e-03,3.336934579988610761e-01
-1.348991000000000051e+00,1.788680000000000048e+00,4.723572999999999800e-01,4.733406595677193233e-03,0.000000000000000000e+00
-1.348991000000000051e+00,1.788680000000000048e+00,4.723572999999999800e-01,4.733406595677193233e-03,1.838205888449497283e-01
-1.350884999999999891e+00,1.788848999999999911e+00,4.717199000000000253e-01,4.246209764013123521e-03,1.673917198801485040e-01
-1.352764000000000078e+00,1.788966999999999974e+00,4.710693000000000241e-01,4.662645600943738332e-03,0.000000000000000000e+00
-1.352764000000000078e+00,1.788966999999999974e+00,4.710693000000000241e-01,4.662645600943738332e-03,3.432276458808607433e-01
-1.356421000000000099e+00,1.789312999999999931e+00,4.697114000000000011e-01,4.618358934729918826e-03,1.723790319196454590e-01
-1.358249000000000040e+00,1.789393999999999929e+00,4.689901000000000209e-01,4.646625351800962207e-03,3.344780501635541969e-01
-1.361612999999999962e+00,1.789579000000000031e+00,4.681109999999999993e-01,4.814238672936832324e-03,1.546875031370174847e-01
-1.363294000000000006e+00,1.789686000000000110e+00,4.675836999999999910e-01,4.418841509943549802e-03,1.631686590526183755e-01
-1.365140000000000020e+00,1.789878000000000080e+00,4.670131000000000143e-01,4.762672087179602859e-03,0.000000000000000000e+00
-1.365140000000000020e+00,1.789878000000000080e+00,4.670131000000000143e-01,4.762672087179602859e-03,3.720031041167024544e-01
-1.368937999999999988e+00,1.790121999999999991e+00,4.656034000000000006e-01,4.982080249253318348e-03,1.693790068192220222e-01
-1.370830999999999911e+00,1.790218000000000087e+00,4.649129000000000178e-01,5.128412034928605742e-03,0.000000000000000000e+00
-1.370830999999999911e+00,1.790218000000000087e+00,4.649129000000000178e-01,5.128412034928605742e-03,1.705361962294557887e-01
-1.372594000000000092e+00,1.790326000000000084e+00,4.643283000000000271e-01,5.186792473195720420e-03,2.942302016114959340e-01
-1.375971000000000055e+00,1.790410000000000057e+00,4.633962999999999832e-01,5.257124769301176753e-03,0.000000000000000000e+00
-1.375971000000000055e+00,1.790410000000000057e+00,4.633962999999999832e-01,5.257124769301176753e-03,1.596637810108803845e-01
-1.377734999999999932e+00,1.790569999999999995e+00,4.629703000000000013e-01,5.501627980879856758e-03,3.214093062733597850e-01
-1.381273999999999891e+00,1.790758999999999990e+00,4.620276999999999856e-01,5.497864699135482890e-03,0.000000000000000000e+00
-1.381273999999999891e+00,1.790758999999999990e+00,4.620276999999999856e-01,5.497864699135482890e-03,1.589708581955205369e-01
-1.383042000000000105e+00,1.790907000000000027e+00,4.616582000000000185e-01,5.741952208090815232e-03,1.569439636705350638e-01
-1.384757999999999933e+00,1.790909000000000084e+00,4.611462000000000061e-01,5.615221523680067293e-03,3.307567487731365441e-01
-1.388096999999999914e+00,1.790885999999999978e+00,4.602925999999999962e-01,5.951269024334185191e-03,1.375638127995342519e-01
-1.389639000000000069e+00,1.790823000000000054e+00,4.600140999999999813e-01,5.890623332890971946e-03,0.000000000000000000e+00
-1.389639000000000069e+00,1.790823000000000054e+00,4.600140999999999813e-01,5.890623332890971946e-03,3.279121015029433650e-01
-1.392986999999999975e+00,1.790734000000000048e+00,4.593543999999999961e-01,6.045932619538520701e-03,1.566704745995003145e-01
-1.394682999999999895e+00,1.790686999999999918e+00,4.591346000000000038e-01,6.098839197749006402e-03,0.000000000000000000e+00
-1.394682999999999895e+00,1.790686999999999918e+00,4.591346000000000038e-01,6.098839197749006402e-03,1.657348219997484828e-01
-1.396479999999999944e+00,1.790796000000000054e+00,4.589662999999999937e-01,6.105528580720922562e-03,3.060276030829015559e-01
-1.399802999999999908e+00,1.791118999999999906e+00,4.589442000000000244e-01,5.729044628906294206e-03,0.000000000000000000e+00
-1.399802999999999908e+00,1.791118999999999906e+00,4.589442000000000244e-01,5.729044628906294206e-03,1.549818468402806571e-01
-1.401488999999999985e+00,1.791244999999999976e+00,4.589656999999999765e-01,5.324603779625305087e-03,1.556608737508784479e-01
-1.403169000000000111e+00,1.791479999999999961e+00,4.590458000000000038e-01,4.965001897280596314e-03,0.000000000000000000e+00
-1.403169000000000111e+00,1.791479999999999961e+00,4.590458000000000038e-01,4.965001897280596314e-03,3.101787468521364222e-01
-1.406546999999999992e+00,1.791520999999999919e+00,4.588481999999999839e-01,4.811409685320983121e-03,1.501283970201534035e-01
-1.408257000000000092e+00,1.791619999999999990e+00,4.588274999999999992e-01,4.821257210520926012e-03,3.080183567433203429e-01
-1.411771000000000109e+00,1.791563000000000017e+00,4.588284000000000251e-01,4.453489530693861831e-03,0.000000000000000000e+00
-1.411771000000000109e+00,1.791563000000000017e+00,4.588284000000000251e-01,4.453489530693861831e-03,2.628115575249629909e-01
-1.414727000000000068e+00,1.791733999999999938e+00,4.593029000000000139e-01,3.982615351750695525e-03,0.000000000000000000e+00
-1.414727000000000068e+00,1.791733999999999938e+00,4.593029000000000139e-01,3.982615351750695525e-03,2.666437637423313967e-01
-1.417469000000000090e+00,1.791949999999999932e+00,4.596763999999999850e-01,3.641303295524877387e-03,1.263387051598051369e-01
-1.418908000000000058e+00,1.791908000000000056e+00,4.597510000000000208e-01,3.544830643345215759e-03,0.000000000000000000e+00
-1.418908000000000058e+00,1.791908000000000056e+00,4.597510000000000208e-01,3.544830643345215759e-03,2.901116427871132664e-01
-1.422053999999999929e+00,1.792051000000000061e+00,4.600673000000000123e-01,3.360785318939444113e-03,1.314198620077848267e-01
-1.423483000000000054e+00,1.792008000000000045e+00,4.601764999999999883e-01,3.160143479337616280e-03,0.000000000000000000e+00
-1.423483000000000054e+00,1.792008000000000045e+00,4.601764999999999883e-01,3.160143479337616280e-03,1.242519040870651709e-01
-1.424827000000000066e+00,1.792075000000000085e+00,4.603400999999999743e-01,2.762322799746641522e-03,2.284627864756402227e-01
-1.427265000000000006e+00,1.792159999999999975e+00,4.608628000000000169e-01,3.136449306142233013e-03,0.000000000000000000e+00
-1.427265000000000006e+00,1.792159999999999975e+00,4.608628000000000169e-01,3.136449306142233013e-03,1.134064754018846849e-01
-1.428495999999999988e+00,1.792126000000000108e+00,4.609938000000000091e-01,2.616907955966318172e-03,1.145766773115043657e-01
-1.429799999999999960e+00,1.792143000000000042e+00,4.610851999999999729e-01,2.621240853107628319e-03,0.000000000000000000e+00
-1.429799999999999960e+00,1.792143000000000042e+00,4.610851999999999729e-01,2.621240853107628319e-03,2.685977913947648621e-01
-1.432714000000000043e+00,1.791833000000000009e+00,4.610874999999999835e-01,3.158105976689156227e-03,1.244729425274881118e-01
-1.434109999999999996e+00,1.792000999999999955e+00,4.612875000000000170e-01,2.959598851195862843e-03,2.066579558103485148e-01
-1.436404000000000014e+00,1.791979999999999906e+00,4.618234999999999979e-01,3.391612890646713511e-03,1.026346626709986054e-01
-1.437324000000000046e+00,1.792216000000000031e+00,4.623150999999999788e-01,2.916413372620568593e-03,0.000000000000000000e+00
-1.437324000000000046e+00,1.792216000000000031e+00,4.623150999999999788e-01,2.916413372620568593e-03,8.394787931068284359e-02
-1.438253000000000004e+00,1.792105999999999977e+00,4.625208000000000097e-01,3.067197660732089073e-03,1.966562871897014064e-01
-1.440272999999999914e+00,1.792075000000000085e+00,4.628520999999999885e-01,3.851177487470562513e-03,0.000000000000000000e+00
-1.440272999999999914e+00,1.792075000000000085e+00,4.628520999999999885e-01,3.851177487470562513e-03,1.103330097106730301e-01
-1.441496000000000111e+00,1.791787000000000019e+00,4.629304000000000197e-01,3.747215933196313114e-03,2.663002911569410935e-01
-1.444215000000000027e+00,1.791806000000000010e+00,4.634707000000000132e-01,4.389882736474965547e-03,0.000000000000000000e+00
-1.444215000000000027e+00,1.791806000000000010e+00,4.634707000000000132e-01,4.389882736474965547e-03,9.820017832622028597e-02
-1.445354999999999945e+00,1.791806999999999928e+00,4.638986999999999972e-01,4.343380383986772918e-03,1.197442340086728174e-01
-1.446409000000000056e+00,1.791941999999999924e+00,4.644295999999999980e-01,4.314690914770271182e-03,2.088736493594048338e-01
-1.448417999999999983e+00,1.792022999999999922e+00,4.655020999999999742e-01,5.254626384435072406e-03,0.000000000000000000e+00
-1.448417999999999983e+00,1.792022999999999922e+00,4.655020999999999742e-01,5.254626384435072406e-03,9.934944915907652219e-02
-1.449362999999999957e+00,1.792032999999999987e+00,4.659222000000000086e-01,5.375887637404693463e-03,1.165644136743888976e-01
-1.450485000000000024e+00,1.792176999999999909e+00,4.665058000000000260e-01,5.486202064270054475e-03,2.253246691101711552e-01
-1.453016000000000085e+00,1.791846999999999968e+00,4.673274000000000039e-01,6.608743920746157526e-03,1.312399418985875088e-01
-1.454269999999999952e+00,1.791889999999999983e+00,4.678711999999999871e-01,6.686792152444966802e-03,0.000000000000000000e+00
-1.454269999999999952e+00,1.791889999999999983e+00,4.678711999999999871e-01,6.686792152444966802e-03,2.320857047138513152e-01
-1.456673000000000107e+00,1.791695000000000038e+00,4.689611000000000196e-01,7.760868557062412451e-03,1.272258397425414800e-01
-1.457808999999999910e+00,1.791819999999999968e+00,4.696329000000000198e-01,8.075325472697741577e-03,0.000000000000000000e+00
-1.457808999999999910e+00,1.791819999999999968e+00,4.696329000000000198e-01,8.075325472697741577e-03,1.118943471439384080e-01
-1.458862000000000103e+00,1.791530999999999985e+00,4.702945000000000042e-01,8.633709879883646673e-03,2.522270746307224143e-01
-1.461322999999999928e+00,1.791357000000000088e+00,4.711929999999999730e-01,9.542015871397333676e-03,0.000000000000000000e+00
-1.461322999999999928e+00,1.791357000000000088e+00,4.711929999999999730e-01,9.542015871397333676e-03,1.186828675091527174e-01
-1.462647999999999948e+00,1.791217999999999977e+00,4.714355000000000073e-01,9.571332281349336293e-03,2.882155450544820474e-01
-1.465675999999999979e+00,1.791226999999999903e+00,4.722831000000000112e-01,1.019322661574834261e-02,0.000000000000000000e+00
-1.465675999999999979e+00,1.791226999999999903e+00,4.722831000000000112e-01,1.019322661574834261e-02,1.326579779806889015e-01
-1.467179999999999929e+00,1.791136000000000061e+00,4.724270999999999887e-01,1.012078037702617006e-02,1.426170211959551515e-01
-1.468717000000000050e+00,1.791176000000000101e+00,4.726658000000000248e-01,1.027233882862115671e-02,2.829349416540961615e-01
-1.471683999999999992e+00,1.791042999999999941e+00,4.735072000000000170e-01,1.069405756717251021e-02,1.401699734506912376e-01
-1.473300000000000054e+00,1.791125000000000078e+00,4.739180000000000059e-01,1.099444133596599350e-02,0.000000000000000000e+00
-1.473300000000000054e+00,1.791125000000000078e+00,4.739180000000000059e-01,1.099444133596599350e-02,1.564749772107200954e-01
-1.474792000000000103e+00,1.791463000000000028e+00,4.746756999999999782e-01,1.111887526191377221e-02,2.823880716938022006e-01
-1.477872999999999992e+00,1.791932000000000080e+00,4.759400999999999771e-01,1.165965689932596180e-02,0.000000000000000000e+00
-1.477872999999999992e+00,1.791932000000000080e+00,4.759400999999999771e-01,1.165965689932596180e-02,1.531961425262300114e-01
-1.479422999999999933e+00,1.792245000000000088e+00,4.766850000000000254e-01,1.181726613900190015e-02,2.926143308012419397e-01
-1.482493000000000061e+00,1.792381000000000002e+00,4.779901999999999762e-01,1.247564351045660214e-02,0.000000000000000000e+00
-1.482493000000000061e+00,1.792381000000000002e+00,4.779901999999999762e-01,1.247564351045660214e-02,1.504326868698288577e-01
-1.484066000000000107e+00,1.792567000000000021e+00,4.786514000000000046e-01,1.272257779854375596e-02,1.428479206150712610e-01
-1.485619000000000023e+00,1.792578999999999922e+00,4.791411999999999893e-01,1.298364237223128236e-02,3.657632085021333412e-01
-1.489262000000000086e+00,1.792693000000000092e+00,4.802555000000000018e-01,1.333329648249067904e-02,0.000000000000000000e+00
-1.489262000000000086e+00,1.792693000000000092e+00,4.802555000000000018e-01,1.333329648249067904e-02,1.491439491529787942e-01
-1.490852999999999984e+00,1.792597999999999914e+00,4.808474999999999833e-01,1.344627481089097354e-02,3.558371659267917653e-01
-1.494474999999999998e+00,1.792718000000000034e+00,4.822497000000000034e-01,1.392732536742075089e-02,1.587172987188241180e-01
-1.496078000000000019e+00,1.792704999999999993e+00,4.829044000000000114e-01,1.420318112255146079e-02,1.745702043093851352e-01
-1.497943000000000024e+00,1.792716999999999894e+00,4.836037000000000252e-01,1.441743357050766922e-02,0.000000000000000000e+00
-1.497943000000000024e+00,1.792716999999999894e+00,4.836037000000000252e-01,1.441743357050766922e-02,3.637823412302723103e-01
-1.501519000000000048e+00,1.792702999999999935e+00,4.848608999999999836e-01,1.476036696156301543e-02,1.634044398179097801e-01
-1.503327000000000080e+00,1.792745999999999951e+00,4.855753999999999904e-01,1.487257411781836222e-02,0.000000000000000000e+00
-1.503327000000000080e+00,1.792745999999999951e+00,4.855753999999999904e-01,1.487257411781836222e-02,1.688729690234110070e-01
-1.505012000000000016e+00,1.793007999999999935e+00,4.864724999999999744e-01,1.521656006625680436e-02,3.104081220552244447e-01
-1.508131000000000110e+00,1.793077999999999950e+00,4.881492000000000053e-01,1.584158909453219424e-02,0.000000000000000000e+00
-1.508131000000000110e+00,1.793077999999999950e+00,4.881492000000000053e-01,1.584158909453219424e-02,1.586096907086857466e-01
-1.509689000000000059e+00,1.793242000000000003e+00,4.890552000000000232e-01,1.605195050328772632e-02,3.204274330540974880e-01
-1.512866000000000044e+00,1.793460999999999972e+00,4.908512999999999904e-01,1.666363694065611800e-02,0.000000000000000000e+00
-1.512866000000000044e+00,1.793460999999999972e+00,4.908512999999999904e-01,1.666363694065611800e-02,1.611447941402916473e-01
-1.514450000000000074e+00,1.793654999999999999e+00,4.917644999999999933e-01,1.689404635515124112e-02,1.437737459436890242e-01
-1.515881999999999952e+00,1.793768000000000029e+00,4.926965999999999846e-01,1.730632300750218483e-02,0.000000000000000000e+00
-1.515881999999999952e+00,1.793768000000000029e+00,4.926965999999999846e-01,1.730632300750218483e-02,4.895070741110748580e-01
-1.520353999999999983e+00,1.794311999999999907e+00,4.955647000000000246e-01,1.810713161188163417e-02,0.000000000000000000e+00
-1.520353999999999983e+00,1.794311999999999907e+00,4.955647000000000246e-01,1.810713161188163417e-02,3.266603687178868398e-01
-1.523241999999999985e+00,1.794810000000000016e+00,4.975925999999999960e-01,1.875629176809746890e-02,1.392274036772901125e-01
-1.524423000000000084e+00,1.794972000000000012e+00,4.985362999999999878e-01,1.908140786629747634e-02,0.000000000000000000e+00
-1.524423000000000084e+00,1.794972000000000012e+00,4.985362999999999878e-01,1.908140786629747634e-02,1.574604940694481758e-01
-1.525670000000000082e+00,1.795233999999999996e+00,4.995699000000000112e-01,1.955177973996230154e-02,2.794805668304607416e-01
-1.527898999999999896e+00,1.795846000000000053e+00,5.017627000000000059e-01,2.038464866412960722e-02,0.000000000000000000e+00
-1.527898999999999896e+00,1.795846000000000053e+00,5.017627000000000059e-01,2.038464866412960722e-02,1.686523659046546553e-01
-1.529271000000000047e+00,1.796105999999999980e+00,5.028295999999999877e-01,2.076708463025080803e-02,1.390483759184406032e-01
-1.530446999999999891e+00,1.796442000000000094e+00,5.038401999999999603e-01,2.104917979779734327e-02,2.574720648486062968e-01
-1.532931000000000044e+00,1.796669999999999989e+00,5.056192999999999937e-01,2.158433943858370507e-02,0.000000000000000000e+00
-1.532931000000000044e+00,1.796669999999999989e+00,5.056192999999999937e-01,2.158433943858370507e-02,1.409075632562445668e-01
-1.534162000000000026e+00,1.796945999999999932e+00,5.066159999999999553e-01,2.186972172868232103e-02,2.778597652795273820e-01
-1.536658000000000079e+00,1.797209000000000056e+00,5.085530000000000328e-01,2.244345807156288009e-02,0.000000000000000000e+00
-1.536658000000000079e+00,1.797209000000000056e+00,5.085530000000000328e-01,2.244345807156288009e-02,2.565661710808436191e-01
-1.539076000000000111e+00,1.797330000000000094e+00,5.101987999999999523e-01,2.284140625289946686e-02,0.000000000000000000e+00
-1.539076000000000111e+00,1.797330000000000094e+00,5.101987999999999523e-01,2.284140625289946686e-02,3.012522641190552020e-01
-1.541873999999999967e+00,1.797535000000000105e+00,5.119110000000000049e-01,2.307481239555372182e-02,1.438890016834126762e-01
-1.543168000000000095e+00,1.797495999999999983e+00,5.127988999999999464e-01,2.317501219525023790e-02,0.000000000000000000e+00
-1.543168000000000095e+00,1.797495999999999983e+00,5.127988999999999464e-01,2.317501219525023790e-02,3.597298496766274112e-01
-1.546162999999999954e+00,1.797625000000000028e+00,5.147348999999999952e-01,2.342143804380942412e-02,1.428571843832430188e-01
-1.547533999999999965e+00,1.797552999999999956e+00,5.156108999999999831e-01,2.352954975004840910e-02,0.000000000000000000e+00
-1.547533999999999965e+00,1.797552999999999956e+00,5.156108999999999831e-01,2.352954975004840910e-02,1.649100679652742152e-01
-1.548982000000000081e+00,1.797562000000000104e+00,5.165300000000000447e-01,2.364880841585888585e-02,2.955382134907407754e-01
-1.551727000000000078e+00,1.797692000000000068e+00,5.184841999999999507e-01,2.394429853326246471e-02,0.000000000000000000e+00
-1.551727000000000078e+00,1.797692000000000068e+00,5.184841999999999507e-01,2.394429853326246471e-02,1.578841504980436350e-01
-1.553147000000000055e+00,1.797651000000000110e+00,5.194583999999999868e-01,2.398274728320335183e-02,1.655041764023464090e-01
-1.554489999999999927e+00,1.797660999999999953e+00,5.205402000000000085e-01,2.423884405020180349e-02,0.000000000000000000e+00
-1.554489999999999927e+00,1.797660999999999953e+00,5.205402000000000085e-01,2.423884405020180349e-02,3.334799471404538140e-01
-1.557193000000000049e+00,1.797544000000000031e+00,5.227207000000000381e-01,2.465302140935261843e-02,1.542757734575350703e-01
-1.558494000000000046e+00,1.797576000000000063e+00,5.239059999999999828e-01,2.495842459391211729e-02,2.935635321596307690e-01
-1.561098000000000097e+00,1.797412999999999927e+00,5.260019000000000222e-01,2.536312703591572792e-02,1.309020813654508120e-01
-1.561968999999999941e+00,1.797188999999999925e+00,5.270274000000000347e-01,2.570689117415806552e-02,0.000000000000000000e+00
-1.561968999999999941e+00,1.797188999999999925e+00,5.270274000000000347e-01,2.570689117415806552e-02,1.211117617034852545e-01
-1.562886999999999915e+00,1.797109999999999985e+00,5.280572999999999517e-01,2.605360664648951122e-02,3.278028771086725079e-01
-1.565099000000000018e+00,1.797090999999999994e+00,5.306556000000000051e-01,2.689396384767409748e-02,0.000000000000000000e+00
-1.565099000000000018e+00,1.797090999999999994e+00,5.306556000000000051e-01,2.689396384767409748e-02,1.418962259217917132e-01
-1.566011000000000042e+00,1.796901999999999999e+00,5.318922000000000372e-01,2.745687531093080752e-02,3.220739713767593049e-01
-1.568102000000000107e+00,1.797034000000000020e+00,5.345096999999999765e-01,2.824573771385690407e-02,1.232747474824252010e-01
-1.568994999999999918e+00,1.796920999999999990e+00,5.356695999999999680e-01,2.870101252987428825e-02,0.000000000000000000e+00
-1.568994999999999918e+00,1.796920999999999990e+00,5.356695999999999680e-01,2.870101252987428825e-02,1.407685145738644672e-01
-1.570006999999999930e+00,1.796907000000000032e+00,5.368247000000000435e-01,2.895756769153795540e-02,2.847225005229294115e-01
-1.572116999999999987e+00,1.797071000000000085e+00,5.392894999999999772e-01,2.956697098266908644e-02,0.000000000000000000e+00
-1.572116999999999987e+00,1.797071000000000085e+00,5.392894999999999772e-01,2.956697098266908644e-02,1.498309802001855928e-01
-1.573234999999999939e+00,1.796947999999999990e+00,5.403700999999999643e-01,2.975471025047964416e-02,1.352053500491448013e-01
-1.574360999999999899e+00,1.796848999999999918e+00,5.414200000000000124e-01,2.993645675426545583e-02,2.985327642992108843e-01
-1.576734999999999998e+00,1.796683000000000030e+00,5.436436000000000046e-01,3.020937445164994725e-02,1.538452989800022375e-01
-1.577973000000000070e+00,1.796701000000000104e+00,5.447790999999999606e-01,3.023631888044563468e-02,0.000000000000000000e+00
-1.577973000000000070e+00,1.796701000000000104e+00,5.447790999999999606e-01,3.023631888044563468e-02,2.697532255401818846e-01
-1.580019000000000062e+00,1.796615999999999991e+00,5.470768999999999771e-01,3.069737296724267886e-02,1.642822472147181523e-01
-1.581175999999999915e+00,1.796632000000000007e+00,5.483384000000000036e-01,3.084878927024540737e-02,0.000000000000000000e+00
-1.581175999999999915e+00,1.796632000000000007e+00,5.483384000000000036e-01,3.084878927024540737e-02,1.512232353058755863e-01
-1.582232000000000083e+00,1.796777999999999986e+00,5.496931999999999929e-01,3.116054111789448230e-02,3.485914247312844605e-01
-1.584657999999999900e+00,1.797060000000000102e+00,5.523818000000000339e-01,3.143389831758065800e-02,0.000000000000000000e+00
-1.584657999999999900e+00,1.797060000000000102e+00,5.523818000000000339e-01,3.143389831758065800e-02,1.572307269292748388e-01
-1.585706999999999978e+00,1.797272999999999898e+00,5.538195000000000201e-01,3.163529424551010660e-02,3.525626649943406909e-01
-1.588059000000000109e+00,1.797568999999999972e+00,5.566261000000000125e-01,3.194692199320607606e-02,0.000000000000000000e+00
-1.588059000000000109e+00,1.797568999999999972e+00,5.566261000000000125e-01,3.194692199320607606e-02,1.519819323906934361e-01
-1.589077999999999991e+00,1.797766999999999893e+00,5.581070999999999671e-01,3.225723624925109362e-02,1.537407125791388218e-01
-1.589998000000000022e+00,1.797941000000000011e+00,5.594069999999999876e-01,3.245040664167390954e-02,3.375018002804042183e-01
-1.592424999999999979e+00,1.798456000000000055e+00,5.623521000000000214e-01,3.263167770188971778e-02,1.705543527195256537e-01
-1.593576000000000104e+00,1.798662999999999901e+00,5.637993999999999506e-01,3.274743015276160990e-02,0.000000000000000000e+00
-1.593576000000000104e+00,1.798662999999999901e+00,5.637993999999999506e-01,3.274743015276160990e-02,1.718901986686540706e-01
-1.594824000000000019e+00,1.798929999999999918e+00,5.652886000000000299e-01,3.277698366247271816e-02,3.266152513806707125e-01
-1.597244000000000108e+00,1.799128999999999978e+00,5.681156000000000539e-01,3.284719990638469006e-02,0.000000000000000000e+00
-1.597244000000000108e+00,1.799128999999999978e+00,5.681156000000000539e-01,3.284719990638469006e-02,1.613160119680617510e-01
-1.598476000000000008e+00,1.799363999999999963e+00,5.695710000000000495e-01,3.283925501301763333e-02,3.644121691971543564e-01
-1.601288000000000045e+00,1.799601999999999924e+00,5.723713999999999746e-01,3.250401193222148682e-02,1.811972171689424926e-01
-1.602629000000000081e+00,1.799695000000000045e+00,5.736972999999999656e-01,3.230028430230902359e-02,0.000000000000000000e+00
-1.602629000000000081e+00,1.799695000000000045e+00,5.736972999999999656e-01,3.230028430230902359e-02,1.747244330074390339e-01
-1.603828000000000031e+00,1.799857000000000040e+00,5.751703999999999706e-01,3.228976579723045331e-02,3.824372453057006682e-01
-1.606645000000000101e+00,1.799938999999999956e+00,5.779878000000000515e-01,3.186425122688434780e-02,0.000000000000000000e+00
-1.606645000000000101e+00,1.799938999999999956e+00,5.779878000000000515e-01,3.186425122688434780e-02,1.718333204554261529e-01
-1.607906000000000057e+00,1.799981000000000053e+00,5.794863000000000097e-01,3.176228202459629307e-02,3.882239919029086828e-01
-1.610637000000000096e+00,1.800241999999999898e+00,5.827183000000000224e-01,3.148156877746084020e-02,1.692910647921562484e-01
-1.611629999999999896e+00,1.800381999999999927e+00,5.843671999999999755e-01,3.167754158769276601e-02,1.812493187524999438e-01
-1.612780000000000102e+00,1.800562999999999914e+00,5.860765000000000002e-01,3.164404665967985447e-02,0.000000000000000000e+00
-1.612780000000000102e+00,1.800562999999999914e+00,5.860765000000000002e-01,3.164404665967985447e-02,3.523448154850601921e-01
-1.614764000000000088e+00,1.801009000000000082e+00,5.895445000000000269e-01,3.189317730236348319e-02,1.694192310693723447e-01
-1.615625000000000089e+00,1.801242000000000010e+00,5.912576000000000498e-01,3.213458406452459476e-02,0.000000000000000000e+00
-1.615625000000000089e+00,1.801242000000000010e+00,5.912576000000000498e-01,3.213458406452459476e-02,1.689591641085350926e-01
-1.616300999999999988e+00,1.801441000000000070e+00,5.930520000000000236e-01,3.246132366001117792e-02,3.321232065473246342e-01
-1.617388000000000048e+00,1.801833999999999936e+00,5.966609999999999969e-01,3.340122462485464738e-02,0.000000000000000000e+00
-1.617388000000000048e+00,1.801833999999999936e+00,5.966609999999999969e-01,3.340122462485464738e-02,1.546377438301861640e-01
-1.617812000000000028e+00,1.802062999999999970e+00,5.984386000000000427e-01,3.398282309402794049e-02,3.223870761931326157e-01
-1.618970999999999938e+00,1.802329000000000070e+00,6.017487000000000252e-01,3.463990127353136494e-02,0.000000000000000000e+00
-1.618970999999999938e+00,1.802329000000000070e+00,6.017487000000000252e-01,3.463990127353136494e-02,1.573082801860438418e-01
-1.619539000000000062e+00,1.802459000000000033e+00,6.034464000000000494e-01,3.496101491390093963e-02,1.537415770341151178e-01
-1.619847999999999955e+00,1.802540999999999949e+00,6.051712000000000202e-01,3.555324351574706138e-02,0.000000000000000000e+00
-1.619847999999999955e+00,1.802540999999999949e+00,6.051712000000000202e-01,3.555324351574706138e-02,3.074604815806444291e-01
-1.620862000000000025e+00,1.802907999999999955e+00,6.086675000000000280e-01,3.631275912127848032e-02,1.613971335171752453e-01
-1.620951999999999948e+00,1.803090000000000082e+00,6.104977999999999794e-01,3.708314543886489373e-02,3.548174610884937685e-01
-1.621687000000000101e+00,1.803601000000000010e+00,6.140813000000000521e-01,3.803518016258093659e-02,1.473441942138519756e-01
-1.621845999999999899e+00,1.803919000000000050e+00,6.157998000000000083e-01,3.860147321346689420e-02,0.000000000000000000e+00
-1.621845999999999899e+00,1.803919000000000050e+00,6.157998000000000083e-01,3.860147321346689420e-02,1.772325536817075109e-01
-1.622270000000000101e+00,1.804194999999999993e+00,6.175758999999999554e-01,3.902400625819953117e-02,2.870811097824361724e-01
-1.622635999999999967e+00,1.804556999999999967e+00,6.209531999999999829e-01,4.012632006862835304e-02,1.605874971202379542e-01
-1.622880000000000100e+00,1.804780999999999969e+00,6.226736000000000493e-01,4.058249343004933368e-02,0.000000000000000000e+00
-1.622880000000000100e+00,1.804780999999999969e+00,6.226736000000000493e-01,4.058249343004933368e-02,1.497023032126651720e-01
-1.623037999999999981e+00,1.804932999999999899e+00,6.244414999999999827e-01,4.118678676966684715e-02,3.675222802817734169e-01
-1.623383000000000020e+00,1.805498000000000047e+00,6.282134000000000329e-01,4.235387326668015040e-02,0.000000000000000000e+00
-1.623383000000000020e+00,1.805498000000000047e+00,6.282134000000000329e-01,4.235387326668015040e-02,1.642391333813777166e-01
-1.623348999999999931e+00,1.805800999999999989e+00,6.301438999999999790e-01,4.310679812976149494e-02,3.562134810754245540e-01
-1.623305999999999916e+00,1.806378999999999957e+00,6.339903000000000066e-01,4.457940669468362510e-02,0.000000000000000000e+00
-1.623305999999999916e+00,1.806378999999999957e+00,6.339903000000000066e-01,4.457940669468362510e-02,1.586201374729132862e-01
-1.623331000000000079e+00,1.806491000000000069e+00,6.357964999999999867e-01,4.523186594968184315e-02,1.664846764884527208e-01
-1.623291000000000039e+00,1.806685000000000096e+00,6.376020000000000021e-01,4.591407506734714733e-02,3.600917575627194389e-01
-1.623858000000000024e+00,1.806988000000000039e+00,6.414777000000000395e-01,4.673399797962928676e-02,1.723283715577687003e-01
-1.623815000000000008e+00,1.807131999999999961e+00,6.434381999999999602e-01,4.744875271079307399e-02,0.000000000000000000e+00
-1.623815000000000008e+00,1.807131999999999961e+00,6.434381999999999602e-01,4.744875271079307399e-02,3.819526383039210660e-01
-1.624360999999999944e+00,1.807317000000000062e+00,6.475651999999999520e-01,4.829956837281271231e-02,1.946378803289772197e-01
-1.624457999999999958e+00,1.807469999999999910e+00,6.497785999999999840e-01,4.885468764161747524e-02,0.000000000000000000e+00
-1.624457999999999958e+00,1.807469999999999910e+00,6.497785999999999840e-01,4.885468764161747524e-02,2.017466332323423206e-01
-1.624830999999999914e+00,1.807622999999999980e+00,6.519424000000000330e-01,4.915715859455274672e-02,3.649998719542462688e-01
-1.625337999999999949e+00,1.807755999999999919e+00,6.560738999999999876e-01,4.984965718477914892e-02,0.000000000000000000e+00
-1.625337999999999949e+00,1.807755999999999919e+00,6.560738999999999876e-01,4.984965718477914892e-02,1.973113303597135715e-01
-1.625717999999999996e+00,1.807803999999999967e+00,6.581922000000000050e-01,5.009783844598496294e-02,1.744069343344424317e-01
-1.625934999999999908e+00,1.807712999999999903e+00,6.602559999999999540e-01,5.040906974702089038e-02,0.000000000000000000e+00
-1.625934999999999908e+00,1.807712999999999903e+00,6.602559999999999540e-01,5.040906974702089038e-02,3.938446155008506477e-01
-1.626486000000000098e+00,1.807768000000000042e+00,6.643223000000000322e-01,5.089854843549077024e-02,1.656749375743641894e-01
-1.626727000000000034e+00,1.807628000000000013e+00,6.661903000000000130e-01,5.111025288775242204e-02,3.582822834232416986e-01
-1.627267999999999937e+00,1.807461999999999902e+00,6.702390000000000292e-01,5.148812335830477843e-02,1.821525625643943824e-01
-1.627308999999999894e+00,1.807358999999999938e+00,6.722249999999999615e-01,5.189669061549116030e-02,0.000000000000000000e+00
-1.627308999999999894e+00,1.807358999999999938e+00,6.722249999999999615e-01,5.189669061549116030e-02,1.590237971804413786e-01
-1.627439999999999998e+00,1.807168000000000108e+00,6.740230000000000388e-01,5.211274884363707033e-02,3.399578621040750814e-01
-1.627895000000000092e+00,1.806969999999999965e+00,6.777020000000000266e-01,5.236483868599214886e-02,1.541609140140798584e-01
-1.627957000000000098e+00,1.806964999999999932e+00,6.794599000000000055e-01,5.261859780875949300e-02,0.000000000000000000e+00
-1.627957000000000098e+00,1.806964999999999932e+00,6.794599000000000055e-01,5.261859780875949300e-02,3.078716502208206363e-01
-1.628683000000000103e+00,1.806799999999999962e+00,6.827351999999999865e-01,5.244191640281647970e-02,1.664508276868611747e-01
-1.628754000000000035e+00,1.806796999999999986e+00,6.846330999999999944e-01,5.262922380208547024e-02,0.000000000000000000e+00
-1.628754000000000035e+00,1.806796999999999986e+00,6.846330999999999944e-01,5.262922380208547024e-02,1.793379262821130360e-01
-1.629313000000000011e+00,1.806802000000000019e+00,6.865080999999999545e-01,5.233830934306150928e-02,2.818794304624634428e-01
-1.629766000000000048e+00,1.806788999999999978e+00,6.898345999999999645e-01,5.230059523714801484e-02,0.000000000000000000e+00
-1.629766000000000048e+00,1.806788999999999978e+00,6.898345999999999645e-01,5.230059523714801484e-02,1.753754775765896667e-01
-1.629882000000000053e+00,1.806810999999999945e+00,6.915702999999999712e-01,5.236536733576867969e-02,1.517850098651982726e-01
-1.630085999999999924e+00,1.806872000000000034e+00,6.933654999999999680e-01,5.234138334291520839e-02,3.446242206833028399e-01
-1.630433000000000021e+00,1.807099999999999929e+00,6.969288999999999623e-01,5.227851597635504305e-02,1.522082082843979334e-01
-1.630614999999999926e+00,1.807085999999999970e+00,6.986560000000000548e-01,5.222849884459651593e-02,0.000000000000000000e+00
-1.630614999999999926e+00,1.807085999999999970e+00,6.986560000000000548e-01,5.222849884459651593e-02,3.385885768499725668e-01
-1.631065999999999905e+00,1.807258000000000031e+00,7.023182999999999510e-01,5.198545133294508319e-02,1.782234078264076371e-01
-1.631382000000000110e+00,1.807341000000000086e+00,7.042351000000000028e-01,5.173535007941842262e-02,0.000000000000000000e+00
-1.631382000000000110e+00,1.807341000000000086e+00,7.042351000000000028e-01,5.173535007941842262e-02,1.722099261859433017e-01
-1.631531999999999982e+00,1.807479000000000058e+00,7.061893999999999672e-01,5.166999400280585658e-02,3.690378283195235865e-01
-1.632155999999999940e+00,1.807662000000000102e+00,7.101627999999999830e-01,5.110512999934548051e-02,0.000000000000000000e+00
-1.632155999999999940e+00,1.807662000000000102e+00,7.101627999999999830e-01,5.110512999934548051e-02,1.798530099978590535e-01
-1.632311000000000067e+00,1.807789000000000090e+00,7.122051000000000354e-01,5.093209422004938564e-02,3.783511406768921836e-01
-1.632951999999999959e+00,1.808049000000000017e+00,7.162745999999999835e-01,5.024198866734884417e-02,0.000000000000000000e+00
-1.632951999999999959e+00,1.808049000000000017e+00,7.162745999999999835e-01,5.024198866734884417e-02,1.746303361706006696e-01
-1.633145999999999987e+00,1.808332999999999968e+00,7.181484999999999674e-01,4.995402207640542436e-02,1.956713417290276147e-01
-1.633620000000000072e+00,1.808527999999999913e+00,7.203195000000000014e-01,4.942227957116104159e-02,0.000000000000000000e+00
-1.633620000000000072e+00,1.808527999999999913e+00,7.203195000000000014e-01,4.942227957116104159e-02,6.155171544817216178e-01
-1.634435000000000082e+00,1.809058999999999973e+00,7.266591000000000022e-01,4.818712316677557783e-02,1.687453731191931039e-01
-1.634581999999999979e+00,1.809034999999999949e+00,7.285787000000000235e-01,4.788621360725865694e-02,0.000000000000000000e+00
-1.634581999999999979e+00,1.809034999999999949e+00,7.285787000000000235e-01,4.788621360725865694e-02,3.679696199683592517e-01
-1.635242000000000084e+00,1.809179000000000093e+00,7.325397999999999632e-01,4.685832677859923939e-02,1.856365323738434214e-01
-1.635459999999999914e+00,1.809256999999999893e+00,7.345517999999999770e-01,4.646504150702980562e-02,0.000000000000000000e+00
-1.635459999999999914e+00,1.809256999999999893e+00,7.345517999999999770e-01,4.646504150702980562e-02,3.747364195130413189e-01
-1.636101999999999945e+00,1.809576999999999991e+00,7.387669999999999515e-01,4.527623884345956251e-02,1.885692439676661669e-01
-1.636201000000000016e+00,1.809704999999999897e+00,7.408179000000000292e-01,4.488118212837079180e-02,0.000000000000000000e+00
-1.636201000000000016e+00,1.809704999999999897e+00,7.408179000000000292e-01,4.488118212837079180e-02,1.746813396908845628e-01
-1.636360000000000037e+00,1.809820999999999902e+00,7.428012999999999977e-01,4.442876796637511977e-02,3.866862046100760786e-01
-1.636752999999999902e+00,1.810054000000000052e+00,7.469951999999999703e-01,4.334929212813060789e-02,0.000000000000000000e+00
-1.636752999999999902e+00,1.810054000000000052e+00,7.469951999999999703e-01,4.334929212813060789e-02,6.526787163380221024e-01
-1.636843000000000048e+00,1.810307000000000111e+00,7.492440000000000211e-01,4.289048112623581460e-02,1.280832172254656731e+00
-1.637167000000000039e+00,1.810653000000000068e+00,7.536631000000000302e-01,4.168357857718062859e-02,0.000000000000000000e+00
-1.637167000000000039e+00,1.810653000000000068e+00,7.536631000000000302e-01,4.168357857718062859e-02,1.968407694483192139e-01
-1.637156999999999973e+00,1.810969000000000051e+00,7.559841000000000477e-01,4.119570528586683628e-02,4.107545358930855262e-01
-1.637334999999999985e+00,1.811517000000000044e+00,7.604281999999999986e-01,4.003220933898104378e-02,0.000000000000000000e+00
-1.637334999999999985e+00,1.811517000000000044e+00,7.604281999999999986e-01,4.003220933898104378e-02,2.046820353373159929e-01
-1.637318999999999969e+00,1.811817000000000011e+00,7.627441999999999833e-01,3.943550526822248159e-02,2.018522782069517296e-01
-1.637396999999999991e+00,1.812154000000000043e+00,7.649211000000000205e-01,3.882171295808570233e-02,0.000000000000000000e+00
-1.637396999999999991e+00,1.812154000000000043e+00,7.649211000000000205e-01,3.882171295808570233e-02,4.030276149049146217e-01
-1.637728999999999990e+00,1.812464999999999993e+00,7.692944999999999922e-01,3.733518402204551168e-02,1.832661729925475491e-01
-1.637925999999999993e+00,1.812532000000000032e+00,7.714653999999999678e-01,3.656836783738102309e-02,4.328327438719488662e-01
-1.638233000000000050e+00,1.812804000000000082e+00,7.759568999999999495e-01,3.499256085584469961e-02,2.030158361576225867e-01
-1.638697999999999988e+00,1.812813999999999925e+00,7.781223999999999918e-01,3.384258055305476576e-02,0.000000000000000000e+00
-1.638697999999999988e+00,1.812813999999999925e+00,7.781223999999999918e-01,3.384258055305476576e-02,2.079463644951397294e-01
-1.639108000000000009e+00,1.812831999999999999e+00,7.803537000000000390e-01,3.281802800915980395e-02,4.044285632540098319e-01
-1.639615999999999962e+00,1.813094999999999901e+00,7.849325999999999803e-01,3.082387823360325380e-02,0.000000000000000000e+00
-1.639615999999999962e+00,1.813094999999999901e+00,7.849325999999999803e-01,3.082387823360325380e-02,2.120250450350486260e-01
-1.639918999999999905e+00,1.813115999999999950e+00,7.872257999999999756e-01,2.973367275396706158e-02,4.516722510271031776e-01
-1.640441999999999956e+00,1.813453999999999899e+00,7.921139999999999848e-01,2.753081557546023517e-02,2.193209620173052210e-01
-1.640630000000000033e+00,1.813566000000000011e+00,7.946069000000000049e-01,2.641945007773635612e-02,0.000000000000000000e+00
-1.640630000000000033e+00,1.813566000000000011e+00,7.946069000000000049e-01,2.641945007773635612e-02,2.188337473127761890e-01
-1.640722999999999931e+00,1.813696999999999893e+00,7.970985999999999905e-01,2.545950268878025002e-02,4.117779766531879937e-01
-1.640498000000000012e+00,1.813911000000000051e+00,8.019931000000000143e-01,2.373484177406702186e-02,0.000000000000000000e+00
-1.640498000000000012e+00,1.813911000000000051e+00,8.019931000000000143e-01,2.373484177406702186e-02,2.246319467250399438e-01
-1.640411000000000064e+00,1.814175000000000093e+00,8.044280000000000319e-01,2.278675126054599195e-02,2.135634250394809475e-01
-1.640206000000000053e+00,1.814476999999999896e+00,8.068372999999999795e-01,2.197380129062784584e-02,4.711264237159589752e-01
-1.639885999999999955e+00,1.814902999999999933e+00,8.119543000000000177e-01,2.005167197916418037e-02,2.091775004888249689e-01
-1.639628000000000085e+00,1.815193000000000056e+00,8.143070999999999504e-01,1.934434621898598744e-02,0.000000000000000000e+00
-1.639628000000000085e+00,1.815193000000000056e+00,8.143070999999999504e-01,1.934434621898598744e-02,4.575643253157464785e-01
-1.639207000000000081e+00,1.815671000000000035e+00,8.192629000000000161e-01,1.742627548732079978e-02,2.004483730560621124e-01
-1.638827000000000034e+00,1.815843000000000096e+00,8.215095999999999510e-01,1.668313688399157557e-02,0.000000000000000000e+00
-1.638827000000000034e+00,1.815843000000000096e+00,8.215095999999999510e-01,1.668313688399157557e-02,2.147618364300418470e-01
-1.638520999999999894e+00,1.815952000000000011e+00,8.237236999999999476e-01,1.592635781621162469e-02,3.803377837253880123e-01
-1.637645999999999935e+00,1.816129000000000104e+00,8.279706000000000010e-01,1.463093682031340118e-02,0.000000000000000000e+00
-1.637645999999999935e+00,1.816129000000000104e+00,8.279706000000000010e-01,1.463093682031340118e-02,2.149831377361129947e-01
-1.637272000000000061e+00,1.816178999999999988e+00,8.301787000000000472e-01,1.384969024960480688e-02,4.081046265145686913e-01
-1.636296999999999890e+00,1.816597999999999935e+00,8.347126999999999741e-01,1.243141727599889751e-02,0.000000000000000000e+00
-1.636296999999999890e+00,1.816597999999999935e+00,8.347126999999999741e-01,1.243141727599889751e-02,2.373923498780644570e-01
-1.635504000000000069e+00,1.816759000000000013e+00,8.370476999999999501e-01,1.184316320456664691e-02,1.955323814238096036e-01
-1.634968999999999895e+00,1.816910000000000025e+00,8.393091999999999775e-01,1.124359800241917992e-02,4.462326536378356523e-01
-1.633483000000000018e+00,1.817436999999999969e+00,8.441456999999999988e-01,9.961520165115301390e-03,2.488710331186330671e-01
-1.632678000000000074e+00,1.817792000000000074e+00,8.467170000000000529e-01,9.155774510657058510e-03,0.000000000000000000e+00
-1.632678000000000074e+00,1.817792000000000074e+00,8.467170000000000529e-01,9.155774510657058510e-03,2.237486222130997682e-01
-1.631955999999999962e+00,1.818159000000000081e+00,8.490197999999999912e-01,8.581613182263539419e-03,4.040425955181043971e-01
-1.630328999999999917e+00,1.818451000000000040e+00,8.535392000000000534e-01,7.400081823872008135e-03,0.000000000000000000e+00
-1.630328999999999917e+00,1.818451000000000040e+00,8.535392000000000534e-01,7.400081823872008135e-03,1.917179889577775853e-01
-1.629485999999999990e+00,1.818686000000000025e+00,8.556460999999999650e-01,7.105723721761272697e-03,1.950522340038702007e-01
-1.628638000000000030e+00,1.818742999999999999e+00,8.577029999999999932e-01,6.468763486169525415e-03,4.062818002248987925e-01
-1.626832000000000056e+00,1.818994000000000000e+00,8.617430999999999841e-01,5.670359508884808240e-03,0.000000000000000000e+00
-1.626832000000000056e+00,1.818994000000000000e+00,8.617430999999999841e-01,5.670359508884808240e-03,1.932573862569310907e-01
-1.625841000000000092e+00,1.818913000000000002e+00,8.636023999999999923e-01,5.518714749830773945e-03,1.825746466992160533e-01
-1.624732999999999983e+00,1.818888999999999978e+00,8.654711000000000487e-01,5.036271065977197814e-03,3.742098126388289092e-01
-1.622800999999999938e+00,1.818797999999999915e+00,8.692775999999999836e-01,4.238759611018416348e-03,2.044768617408339595e-01
-1.621650999999999954e+00,1.818794000000000022e+00,8.713075999999999599e-01,4.172566001874819692e-03,0.000000000000000000e+00
-1.621650999999999954e+00,1.818794000000000022e+00,8.713075999999999599e-01,4.172566001874819692e-03,4.082459641618728097e-01
-1.619353000000000042e+00,1.818608000000000002e+00,8.751185000000000214e-01,3.572661058650771718e-03,1.872081011773429060e-01
-1.618125000000000036e+00,1.818637999999999977e+00,8.769770000000000065e-01,2.972992263696542289e-03,0.000000000000000000e+00
-1.618125000000000036e+00,1.818637999999999977e+00,8.769770000000000065e-01,2.972992263696542289e-03,2.080362789084221342e-01
-1.616864000000000079e+00,1.818518000000000079e+00,8.789844999999999464e-01,3.220566603875727428e-03,4.283705677348497165e-01
-1.614368000000000025e+00,1.818467000000000056e+00,8.831814999999999527e-01,2.903266856491244514e-03,0.000000000000000000e+00
-1.614368000000000025e+00,1.818467000000000056e+00,8.831814999999999527e-01,2.903266856491244514e-03,2.245102610035386026e-01
-1.612951000000000024e+00,1.818422999999999901e+00,8.854486999999999775e-01,2.097672043003747343e-03,2.417946983794978522e-01
-1.611698999999999993e+00,1.818270999999999971e+00,8.876270000000000548e-01,2.381358343466947244e-03,0.000000000000000000e+00
-1.611698999999999993e+00,1.818270999999999971e+00,8.876270000000000548e-01,2.381358343466947244e-03,6.750546020066648945e-01
-1.608238999999999974e+00,1.818219000000000030e+00,8.941284000000000454e-01,3.677907932507340234e-03,0.000000000000000000e+00
-1.608238999999999974e+00,1.818219000000000030e+00,8.941284000000000454e-01,3.677907932507340234e-03,4.020173947997919828e-01
-1.606090999999999935e+00,1.818281000000000036e+00,8.981810000000000072e-01,4.935535103714757711e-03,2.025539098906974089e-01
-1.604897000000000018e+00,1.818252999999999897e+00,9.000403000000000153e-01,5.389240610698351266e-03,0.000000000000000000e+00
-1.604897000000000018e+00,1.818252999999999897e+00,9.000403000000000153e-01,5.389240610698351266e-03,2.042615079032328029e-01
-1.603734999999999911e+00,1.818262999999999963e+00,9.020605999999999902e-01,6.079879282518672358e-03,3.862256181979866199e-01
-1.601440999999999892e+00,1.818038999999999961e+00,9.055879999999999486e-01,7.043140066759826651e-03,0.000000000000000000e+00
-1.601440999999999892e+00,1.818038999999999961e+00,9.055879999999999486e-01,7.043140066759826651e-03,1.785874384107514756e-01
-1.600255999999999901e+00,1.818060000000000009e+00,9.071344999999999548e-01,7.609410272156354356e-03,3.556123991601997658e-01
-1.597679000000000071e+00,1.817968000000000028e+00,9.100380000000000136e-01,8.166778975826479922e-03,0.000000000000000000e+00
-1.597679000000000071e+00,1.817968000000000028e+00,9.100380000000000136e-01,8.166778975826479922e-03,1.900173512544964249e-01
-1.596162999999999998e+00,1.817998000000000003e+00,9.113113000000000463e-01,7.956023381061676572e-03,1.729062099824941467e-01
-1.594656000000000073e+00,1.817954999999999988e+00,9.125811000000000339e-01,8.097819592952202120e-03,3.425499315033750380e-01
-1.591512000000000038e+00,1.817749999999999977e+00,9.145974000000000048e-01,7.594264809710118275e-03,0.000000000000000000e+00
-1.591512000000000038e+00,1.817749999999999977e+00,9.145974000000000048e-01,7.594264809710118275e-03,3.019466465597782645e-01
-1.588700000000000001e+00,1.817385999999999946e+00,9.165543000000000440e-01,7.372034755751031600e-03,0.000000000000000000e+00
-1.588700000000000001e+00,1.817385999999999946e+00,9.165543000000000440e-01,7.372034755751031600e-03,2.993170872554392070e-01
-1.585846000000000089e+00,1.817010000000000014e+00,9.183919000000000388e-01,7.256653914856470156e-03,1.614773389946803916e-01
-1.584346000000000032e+00,1.816700999999999899e+00,9.192626000000000408e-01,6.932734471332456863e-03,0.000000000000000000e+00
-1.584346000000000032e+00,1.816700999999999899e+00,9.192626000000000408e-01,6.932734471332456863e-03,3.253278750616393489e-01
-1.581355000000000066e+00,1.816419999999999924e+00,9.211527000000000465e-01,6.777971089492930250e-03,1.686804508260295876e-01
-1.579849000000000059e+00,1.816249999999999920e+00,9.221966000000000330e-01,6.840420282409656258e-03,0.000000000000000000e+00
-1.579849000000000059e+00,1.816249999999999920e+00,9.221966000000000330e-01,6.840420282409656258e-03,1.532026656500501682e-01
-1.578402000000000083e+00,1.816154999999999964e+00,9.231726999999999572e-01,6.930774692629897669e-03,3.530408207569369350e-01
-1.575258999999999965e+00,1.815782000000000007e+00,9.253675999999999569e-01,7.213504655158830756e-03,0.000000000000000000e+00
-1.575258999999999965e+00,1.815782000000000007e+00,9.253675999999999569e-01,7.213504655158830756e-03,1.778932758286830007e-01
-1.573804999999999898e+00,1.815800000000000081e+00,9.265143000000000129e-01,7.040404977698325184e-03,1.774249802485114713e-01
-1.572270999999999974e+00,1.815908999999999995e+00,9.278307999999999556e-01,7.442597261709101887e-03,0.000000000000000000e+00
-1.572270999999999974e+00,1.815908999999999995e+00,9.278307999999999556e-01,7.442597261709101887e-03,4.063129248637075142e-01
-1.568877999999999995e+00,1.816219999999999946e+00,9.303369999999999695e-01,7.644931991849255280e-03,1.925754060976324900e-01
-1.567055000000000087e+00,1.816405000000000047e+00,9.315497000000000360e-01,7.651505473434643337e-03,3.821720303826467435e-01
-1.563288000000000011e+00,1.816853999999999969e+00,9.336997000000000213e-01,7.546092117778644380e-03,2.131366124808758700e-01
-1.561242999999999936e+00,1.817155999999999993e+00,9.347644999999999982e-01,7.434607204822607854e-03,0.000000000000000000e+00
-1.561242999999999936e+00,1.817155999999999993e+00,9.347644999999999982e-01,7.434607204822607854e-03,2.053537320409153655e-01
-1.559287000000000090e+00,1.817487000000000075e+00,9.358100000000000307e-01,7.356749364359377839e-03,3.874567084917414639e-01
-1.555274000000000045e+00,1.818151999999999990e+00,9.375314000000000147e-01,6.975880833987929339e-03,0.000000000000000000e+00
-1.555274000000000045e+00,1.818151999999999990e+00,9.375314000000000147e-01,6.975880833987929339e-03,2.067440659934237646e-01
-1.553306000000000076e+00,1.818426000000000098e+00,9.383637000000000228e-01,6.766895695959885410e-03,3.667200814638134077e-01
-1.549398000000000053e+00,1.818869000000000069e+00,9.397917000000000076e-01,6.263422466990411878e-03,0.000000000000000000e+00
-1.549398000000000053e+00,1.818869000000000069e+00,9.397917000000000076e-01,6.263422466990411878e-03,1.801847428071334245e-01
-1.547474999999999934e+00,1.819118000000000013e+00,9.404749000000000025e-01,6.302739401244447301e-03,1.952257928617046889e-01
-1.545463999999999949e+00,1.819366999999999956e+00,9.411308999999999925e-01,5.802143634899037047e-03,3.876641522446598320e-01
-1.541339999999999932e+00,1.819771999999999945e+00,9.419777000000000289e-01,4.957023022944263314e-03,0.000000000000000000e+00
-1.541339999999999932e+00,1.819771999999999945e+00,9.419777000000000289e-01,4.957023022944263314e-03,2.069591808892693452e-01
-1.539228000000000041e+00,1.820079999999999920e+00,9.422863999999999685e-01,4.930425949144717247e-03,3.721214953176061879e-01
-1.535017000000000076e+00,1.820281000000000038e+00,9.427908999999999873e-01,3.915018344784649759e-03,1.968801010841668142e-01
-1.532893000000000061e+00,1.820418000000000092e+00,9.430798999999999710e-01,3.350144629713823832e-03,1.788809938301435809e-01
-1.530898000000000092e+00,1.820665999999999896e+00,9.434325999999999546e-01,3.400430915339778658e-03,0.000000000000000000e+00
-1.530898000000000092e+00,1.820665999999999896e+00,9.434325999999999546e-01,3.400430915339778658e-03,3.686421402291349403e-01
-1.526753999999999944e+00,1.820896999999999988e+00,9.441150999999999849e-01,3.120123313268336439e-03,1.811789008104754128e-01
-1.524736000000000091e+00,1.820961000000000052e+00,9.445592000000000432e-01,3.267647649303720425e-03,0.000000000000000000e+00
-1.524736000000000091e+00,1.820961000000000052e+00,9.445592000000000432e-01,3.267647649303720425e-03,1.973933536521901844e-01
-1.522618000000000027e+00,1.820975000000000010e+00,9.449486000000000274e-01,3.002156065230453166e-03,3.494262743776144764e-01
-1.518729999999999913e+00,1.821066000000000074e+00,9.458269000000000259e-01,3.020331332817807399e-03,0.000000000000000000e+00
-1.518729999999999913e+00,1.821066000000000074e+00,9.458269000000000259e-01,3.020331332817807399e-03,1.708165083021151720e-01
-1.516868000000000105e+00,1.821074000000000082e+00,9.464027999999999885e-01,3.652098521398526240e-03,3.145738173760790346e-01
-1.513592999999999966e+00,1.821331999999999951e+00,9.473958999999999575e-01,3.491703658674339111e-03,0.000000000000000000e+00
-1.513592999999999966e+00,1.821331999999999951e+00,9.473958999999999575e-01,3.491703658674339111e-03,1.291064377618594550e-01
-1.512084999999999901e+00,1.821272000000000002e+00,9.476904999999999912e-01,3.527834468905749390e-03,1.065989094205723742e-01
-1.510987000000000080e+00,1.821150999999999964e+00,9.478067999999999493e-01,3.185979794348912410e-03,1.808647724296593706e-01
-1.509034999999999904e+00,1.820740000000000025e+00,9.483283000000000129e-01,3.242703193324965837e-03,8.702255398400621234e-02
-1.508118000000000070e+00,1.820642000000000094e+00,9.485576000000000008e-01,3.276344641517513201e-03,0.000000000000000000e+00
-1.508118000000000070e+00,1.820642000000000094e+00,9.485576000000000008e-01,3.276344641517513201e-03,8.209246746967795161e-02
-1.507317000000000018e+00,1.820605999999999947e+00,9.490418000000000465e-01,2.730691416106845962e-03,2.519064652715127806e-01
-1.504721999999999893e+00,1.820802000000000032e+00,9.499254999999999782e-01,3.265401696575895296e-03,0.000000000000000000e+00
-1.504721999999999893e+00,1.820802000000000032e+00,9.499254999999999782e-01,3.265401696575895296e-03,1.186560672614222905e-01
-1.503519999999999968e+00,1.821010999999999935e+00,9.503582999999999892e-01,3.053684240388929334e-03,3.016547137691130143e-01
-1.500343999999999900e+00,1.821609000000000034e+00,9.509802000000000533e-01,3.984766679493412754e-03,0.000000000000000000e+00
-1.500343999999999900e+00,1.821609000000000034e+00,9.509802000000000533e-01,3.984766679493412754e-03,1.630354039647734232e-01
-1.498537999999999926e+00,1.821903000000000050e+00,9.513156000000000390e-01,3.743975325773370600e-03,1.601886012688454874e-01
-1.496750000000000025e+00,1.822133000000000003e+00,9.516168999999999878e-01,4.194589997842440056e-03,3.243158717039725802e-01
-1.493376000000000037e+00,1.822962999999999889e+00,9.522850999999999955e-01,4.765287568447289235e-03,0.000000000000000000e+00
-1.493376000000000037e+00,1.822962999999999889e+00,9.522850999999999955e-01,4.765287568447289235e-03,1.458219001712011687e-01
-1.491679999999999895e+00,1.823261999999999938e+00,9.525095999999999563e-01,5.494087084311579348e-03,2.951712830974597690e-01
-1.488661000000000012e+00,1.823792000000000080e+00,9.527246999999999799e-01,5.761208140659506045e-03,0.000000000000000000e+00
-1.488661000000000012e+00,1.823792000000000080e+00,9.527246999999999799e-01,5.761208140659506045e-03,2.439707649203826934e-01
-1.485948000000000047e+00,1.824202000000000101e+00,9.531794999999999574e-01,6.117264025690113093e-03,0.000000000000000000e+00
-1.485948000000000047e+00,1.824202000000000101e+00,9.531794999999999574e-01,6.117264025690113093e-03,1.807483278203653176e-01
-1.483926000000000078e+00,1.824305999999999983e+00,9.535719999999999752e-01,6.304251613792131136e-03,7.205065738010377197e-02
-1.483173000000000075e+00,1.824270000000000058e+00,9.537946999999999953e-01,6.448821520246960509e-03,0.000000000000000000e+00
-1.483173000000000075e+00,1.824270000000000058e+00,9.537946999999999953e-01,6.448821520246960509e-03,7.715964272071525187e-02
-1.482363000000000097e+00,1.824368999999999907e+00,9.540014999999999468e-01,6.270995410618540600e-03,1.458788488172309550e-01
-1.481214999999999948e+00,1.824238999999999944e+00,9.550961000000000034e-01,5.657363658100703595e-03,0.000000000000000000e+00
-1.481214999999999948e+00,1.824238999999999944e+00,9.550961000000000034e-01,5.657363658100703595e-03,5.532783578795359702e-02
-1.480698999999999987e+00,1.824178999999999995e+00,9.554548000000000485e-01,5.542952228731448140e-03,1.136035561403148098e-01
-1.479864000000000068e+00,1.823642999999999903e+00,9.561975000000000335e-01,5.070859497165927827e-03,0.000000000000000000e+00
-1.479864000000000068e+00,1.823642999999999903e+00,9.561975000000000335e-01,5.070859497165927827e-03,6.461852666844106197e-02
-1.479338999999999960e+00,1.823328000000000060e+00,9.565470000000000361e-01,4.940304291235484042e-03,5.437242491989837528e-02
-1.478976000000000068e+00,1.823010999999999937e+00,9.569368000000000318e-01,4.470996623796506288e-03,0.000000000000000000e+00
-1.478976000000000068e+00,1.823010999999999937e+00,9.569368000000000318e-01,4.470996623796506288e-03,9.362651461574790501e-02
-1.478707999999999911e+00,1.822100999999999971e+00,9.574279999999999458e-01,3.474057629055634852e-03,6.749524243129793877e-02
-1.478733999999999993e+00,1.821349000000000107e+00,9.572671999999999848e-01,2.855440016880157316e-03,1.702934561030450822e-01
-1.478269999999999973e+00,1.819730000000000070e+00,9.564827000000000190e-01,1.807431116253112790e-03,1.320162422110636447e-01
-1.477778999999999954e+00,1.818661000000000083e+00,9.556493999999999822e-01,2.189335801104952926e-03,0.000000000000000000e+00
-1.477778999999999954e+00,1.818661000000000083e+00,9.556493999999999822e-01,2.189335801104952926e-03,0.000000000000000000e+00
