-9.741408999999999763e-01,1.695014000000000021e+00,1.297376000000000085e+00,2.153078038529920250e-03,2.608459603104809968e-02
-9.740769999999999706e-01,1.694754000000000094e+00,1.297245999999999899e+00,2.332305445262194531e-03,3.221831807322691338e-02
-9.741454000000000502e-01,1.694422000000000095e+00,1.297153000000000000e+00,2.463108623264347995e-03,0.000000000000000000e+00
-9.741454000000000502e-01,1.694422000000000095e+00,1.297153000000000000e+00,2.463108623264347995e-03,1.805366098810906941e-02
-9.743570999999999760e-01,1.694442999999999921e+00,1.297190999999999983e+00,2.280275851733729996e-03,5.219547660332475580e-02
-9.748790000000000511e-01,1.694445999999999897e+00,1.297344000000000053e+00,1.893521029722098920e-03,0.000000000000000000e+00
-9.748790000000000511e-01,1.694445999999999897e+00,1.297344000000000053e+00,1.893521029722098920e-03,2.268858335846124161e-02
-9.750959999999999628e-01,1.694563000000000041e+00,1.297422999999999993e+00,1.664144552014538894e-03,2.814860694224029236e-02
-9.753922999999999899e-01,1.694617000000000040e+00,1.297363000000000044e+00,1.455995728015582139e-03,4.199809706811341581e-02
-9.758177000000000101e-01,1.694450000000000012e+00,1.297330000000000094e+00,1.464623501108603581e-03,2.495962266137821337e-02
-9.761144999999999960e-01,1.694444999999999979e+00,1.297346000000000110e+00,1.439066516878120079e-03,0.000000000000000000e+00
-9.761144999999999960e-01,1.694444999999999979e+00,1.297346000000000110e+00,1.439066516878120079e-03,3.992707859656787622e-02
-9.765141000000000515e-01,1.694423000000000012e+00,1.297517999999999949e+00,1.516719341209729881e-03,2.056587366985372645e-02
-9.767377000000000420e-01,1.694519000000000108e+00,1.297490000000000032e+00,1.501794593144969211e-03,0.000000000000000000e+00
-9.767377000000000420e-01,1.694519000000000108e+00,1.297490000000000032e+00,1.501794593144969211e-03,3.364512875296920419e-02
-9.769621000000000555e-01,1.694809000000000010e+00,1.297466999999999926e+00,1.370455019327461964e-03,5.018044278927348556e-02
-9.774013000000000284e-01,1.695200000000000040e+00,1.297571000000000030e+00,1.467200177208237769e-03,0.000000000000000000e+00
-9.774013000000000284e-01,1.695200000000000040e+00,1.297571000000000030e+00,1.467200177208237769e-03,3.591441714995932677e-02
-9.777095000000000091e-01,1.695427999999999935e+00,1.297652000000000028e+00,1.677712263768734108e-03,4.133921472848695045e-02
-9.779546000000000072e-01,1.695796999999999999e+00,1.297814000000000023e+00,1.886815626922789743e-03,0.000000000000000000e+00
-9.779546000000000072e-01,1.695796999999999999e+00,1.297814000000000023e+00,1.886815626922789743e-03,6.916839576674783940e-02
-9.784760000000000124e-01,1.696317999999999993e+00,1.297978999999999994e+00,2.468577746395717379e-03,4.215593607262425879e-02
-9.786475000000000035e-01,1.696749000000000063e+00,1.298170000000000046e+00,2.782993395608478367e-03,1.048423997323527784e-01
-9.789328999999999947e-01,1.697576999999999892e+00,1.298823000000000061e+00,3.369554761389091831e-03,4.285463923334682096e-02
-9.789902999999999800e-01,1.697980000000000045e+00,1.299053000000000013e+00,3.141701305025584000e-03,0.000000000000000000e+00
-9.789902999999999800e-01,1.697980000000000045e+00,1.299053000000000013e+00,3.141701305025584000e-03,5.949988692154001280e-02
-9.790324999999999722e-01,1.698552000000000062e+00,1.299357000000000095e+00,2.886420726436012257e-03,1.271434035937783202e-01
-9.790100999999999942e-01,1.699586000000000041e+00,1.300184999999999924e+00,2.678174984947730326e-03,5.710052423617493350e-02
-9.790284999999999682e-01,1.700148999999999910e+00,1.300564999999999971e+00,2.845582262033468854e-03,0.000000000000000000e+00
-9.790284999999999682e-01,1.700148999999999910e+00,1.300564999999999971e+00,2.845582262033468854e-03,1.552183178279223641e-01
-9.788320000000000354e-01,1.701570000000000027e+00,1.301312000000000024e+00,2.965560594558841728e-03,7.792114998405270943e-02
-9.787962000000000051e-01,1.702309000000000072e+00,1.301805000000000101e+00,2.492452206161619062e-03,0.000000000000000000e+00
-9.787962000000000051e-01,1.702309000000000072e+00,1.301805000000000101e+00,2.492452206161619062e-03,8.671286219717021237e-02
-9.788109999999999866e-01,1.703111000000000042e+00,1.302219000000000015e+00,2.350249569726606171e-03,1.639842027465562846e-01
-9.786255000000000370e-01,1.704663000000000039e+00,1.303390000000000049e+00,2.881735152646832526e-03,0.000000000000000000e+00
-9.786255000000000370e-01,1.704663000000000039e+00,1.303390000000000049e+00,2.881735152646832526e-03,9.147482915532832715e-02
-9.786534000000000066e-01,1.705397000000000052e+00,1.303995999999999933e+00,2.585871769829305340e-03,8.370050920211952183e-02
-9.786951999999999874e-01,1.706182000000000087e+00,1.304608999999999908e+00,2.198893651362014180e-03,1.995556178382759671e-01
-9.785038999999999820e-01,1.707829000000000041e+00,1.306019999999999959e+00,2.539192383416484771e-03,1.042141623887744006e-01
-9.785063000000000510e-01,1.708720999999999934e+00,1.306724999999999914e+00,2.476475037225296313e-03,0.000000000000000000e+00
-9.785063000000000510e-01,1.708720999999999934e+00,1.306724999999999914e+00,2.476475037225296313e-03,2.374900663400357492e-01
-9.784800999999999638e-01,1.710768999999999984e+00,1.308311999999999919e+00,2.145293101186832724e-03,1.226352722601790624e-01
-9.784078999999999970e-01,1.711797999999999931e+00,1.309166000000000052e+00,2.739802547630025044e-03,0.000000000000000000e+00
-9.784078999999999970e-01,1.711797999999999931e+00,1.309166000000000052e+00,2.739802547630025044e-03,1.383558264321640696e-01
-9.783001000000000058e-01,1.712877999999999901e+00,1.310216999999999965e+00,1.829455722339348722e-03,2.492815586427569174e-01
-9.780855000000000521e-01,1.714916000000000107e+00,1.312005000000000088e+00,2.696563361021046303e-03,0.000000000000000000e+00
-9.780855000000000521e-01,1.714916000000000107e+00,1.312005000000000088e+00,2.696563361021046303e-03,1.468532079934261603e-01
-9.779126999999999681e-01,1.716048000000000018e+00,1.313020000000000076e+00,1.669724315568231520e-03,2.719428751977679970e-01
-9.774407999999999985e-01,1.718221999999999916e+00,1.314983000000000013e+00,2.479458894597807647e-03,0.000000000000000000e+00
-9.774407999999999985e-01,1.718221999999999916e+00,1.314983000000000013e+00,2.479458894597807647e-03,1.607021772964911943e-01
-9.772511000000000392e-01,1.719454999999999956e+00,1.316100000000000048e+00,1.325039908832997436e-03,1.530460218394836813e-01
-9.772305000000000019e-01,1.720711000000000102e+00,1.317199999999999926e+00,1.808092431265605985e-03,0.000000000000000000e+00
-9.772305000000000019e-01,1.720711000000000102e+00,1.317199999999999926e+00,1.808092431265605985e-03,3.270398492780675626e-01
-9.767230000000000079e-01,1.723184999999999967e+00,1.319482999999999961e+00,1.365989765701019912e-03,1.492884278298667322e-01
-9.765049999999999564e-01,1.724498000000000086e+00,1.320545999999999998e+00,2.318149960636721463e-03,1.513873975808310568e-01
-9.762205999999999939e-01,1.725765999999999911e+00,1.321684000000000081e+00,1.539508782047104354e-03,3.526523696735023305e-01
-9.754397999999999680e-01,1.728371000000000102e+00,1.324149999999999938e+00,2.126864887574999620e-03,1.620756337869410091e-01
-9.750159000000000464e-01,1.729726000000000097e+00,1.325334999999999930e+00,1.657249697541031408e-03,0.000000000000000000e+00
-9.750159000000000464e-01,1.729726000000000097e+00,1.325334999999999930e+00,1.657249697541031408e-03,3.687378850483835069e-01
-9.742072000000000509e-01,1.732475999999999905e+00,1.327887999999999957e+00,1.956715055903691328e-03,1.746151676014236764e-01
-9.738269000000000508e-01,1.733856999999999982e+00,1.329144000000000103e+00,2.717247570612709318e-03,0.000000000000000000e+00
-9.738269000000000508e-01,1.733856999999999982e+00,1.329144000000000103e+00,2.717247570612709318e-03,2.060071531374149945e-01
-9.732840000000000380e-01,1.735327999999999982e+00,1.330607000000000095e+00,2.439735469267229843e-03,3.592476054275230424e-01
-9.724471999999999561e-01,1.738228000000000106e+00,1.333112999999999992e+00,2.768295605602812300e-03,0.000000000000000000e+00
-9.724471999999999561e-01,1.738228000000000106e+00,1.333112999999999992e+00,2.768295605602812300e-03,1.847029756569106840e-01
-9.718930999999999543e-01,1.739643000000000050e+00,1.334290999999999894e+00,2.919437529730589675e-03,3.541888417450557158e-01
-9.709619999999999918e-01,1.742399000000000031e+00,1.336840000000000028e+00,3.135693027067643426e-03,0.000000000000000000e+00
-9.709619999999999918e-01,1.742399000000000031e+00,1.336840000000000028e+00,3.135693027067643426e-03,2.108147358478711098e-01
-9.702551000000000370e-01,1.743891000000000080e+00,1.338289000000000062e+00,3.793174872056220923e-03,1.732258129175755779e-01
-9.697048999999999808e-01,1.745352999999999932e+00,1.339499999999999913e+00,3.543323215570309132e-03,3.550476031855806514e-01
-9.681747000000000547e-01,1.748078000000000021e+00,1.342071999999999932e+00,4.198380073313955421e-03,1.870177667751265205e-01
-9.675205000000000055e-01,1.749489999999999990e+00,1.343245000000000022e+00,4.783235202245489717e-03,0.000000000000000000e+00
-9.675205000000000055e-01,1.749489999999999990e+00,1.343245000000000022e+00,4.783235202245489717e-03,1.680837400242081725e-01
-9.667523000000000089e-01,1.750801999999999969e+00,1.344413999999999998e+00,4.702350953512486088e-03,3.597528052805530341e-01
-9.654614999999999725e-01,1.753473000000000059e+00,1.346983999999999959e+00,5.223193970168005934e-03,0.000000000000000000e+00
-9.654614999999999725e-01,1.753473000000000059e+00,1.346983999999999959e+00,5.223193970168005934e-03,1.595456985251662851e-01
-9.647814999999999586e-01,1.754841000000000095e+00,1.348241000000000023e+00,5.473160535741638903e-03,4.169997441165909646e-01
-9.632747000000000392e-01,1.757670999999999983e+00,1.350854999999999917e+00,5.912640780564978361e-03,0.000000000000000000e+00
-9.632747000000000392e-01,1.757670999999999983e+00,1.350854999999999917e+00,5.912640780564978361e-03,1.697358550464190541e-01
-9.626419999999999977e-01,1.759039999999999937e+00,1.352070000000000105e+00,6.127539657154472755e-03,2.018907831144192977e-01
-9.618584999999999496e-01,1.760423999999999989e+00,1.353444000000000091e+00,6.262906912928007004e-03,0.000000000000000000e+00
-9.618584999999999496e-01,1.760423999999999989e+00,1.353444000000000091e+00,6.262906912928007004e-03,3.138913886891528393e-01
-9.601178000000000212e-01,1.762917999999999985e+00,1.355617999999999990e+00,6.827231828493920615e-03,1.994862525771264883e-01
-9.592943000000000442e-01,1.764261000000000079e+00,1.356970999999999927e+00,7.409054841205959044e-03,3.424169525708409267e-01
-9.578351999999999977e-01,1.766866999999999965e+00,1.359215000000000062e+00,7.550002178145383963e-03,1.567733706777588998e-01
-9.571113999999999455e-01,1.768153000000000086e+00,1.360359000000000096e+00,7.535720817546301582e-03,1.757697652520254228e-01
-9.563916000000000084e-01,1.769520999999999900e+00,1.361337999999999937e+00,7.603785899142671834e-03,0.000000000000000000e+00
-9.563916000000000084e-01,1.769520999999999900e+00,1.361337999999999937e+00,7.603785899142671834e-03,2.909491257890196581e-01
-9.549765999999999533e-01,1.771905999999999981e+00,1.363410999999999929e+00,7.763359193029773647e-03,1.602169465622897970e-01
-9.543867000000000322e-01,1.773171999999999970e+00,1.364462000000000064e+00,7.993023598739068883e-03,0.000000000000000000e+00
-9.543867000000000322e-01,1.773171999999999970e+00,1.364462000000000064e+00,7.993023598739068883e-03,1.555014953742967221e-01
-9.536974000000000284e-01,1.774427999999999894e+00,1.365506000000000109e+00,7.773855921613251514e-03,3.014337380969556723e-01
-9.526248000000000493e-01,1.776971999999999996e+00,1.367556999999999912e+00,7.634469766133031646e-03,0.000000000000000000e+00
-9.526248000000000493e-01,1.776971999999999996e+00,1.367556999999999912e+00,7.634469766133031646e-03,1.336392329042560834e-01
-9.520108999999999932e-01,1.778094999999999981e+00,1.368500999999999967e+00,7.543449120926063248e-03,3.193826989651106230e-01
-9.510461999999999527e-01,1.780545999999999962e+00,1.370535000000000059e+00,7.224946109833633827e-03,0.000000000000000000e+00
-9.510461999999999527e-01,1.780545999999999962e+00,1.370535000000000059e+00,7.224946109833633827e-03,1.278114499479460486e-01
-9.505398000000000458e-01,1.781660999999999939e+00,1.371437000000000017e+00,7.152497584061056311e-03,1.560822683278739187e-01
-9.500813000000000175e-01,1.782840999999999898e+00,1.372457999999999956e+00,7.109997415611497319e-03,2.867225411685643266e-01
-9.491975000000000273e-01,1.785190999999999972e+00,1.374324000000000101e+00,6.620712007782925297e-03,1.467808985823232937e-01
-9.486248000000000458e-01,1.786421000000000037e+00,1.375423999999999980e+00,6.417594396656717444e-03,0.000000000000000000e+00
-9.486248000000000458e-01,1.786421000000000037e+00,1.375423999999999980e+00,6.417594396656717444e-03,3.043855488229602613e-01
-9.474656999999999663e-01,1.788736000000000104e+00,1.377251000000000003e+00,6.402486680189201605e-03,1.423050604292450949e-01
-9.468817999999999957e-01,1.789941000000000004e+00,1.378290000000000015e+00,5.917208572460520150e-03,0.000000000000000000e+00
-9.468817999999999957e-01,1.789941000000000004e+00,1.378290000000000015e+00,5.917208572460520150e-03,1.506832095041230057e-01
-9.463184000000000040e-01,1.791142000000000012e+00,1.379261000000000070e+00,5.815355123292155481e-03,2.773405397828156982e-01
-9.448895000000000488e-01,1.793409999999999949e+00,1.381191000000000058e+00,5.607788901162411022e-03,0.000000000000000000e+00
-9.448895000000000488e-01,1.793409999999999949e+00,1.381191000000000058e+00,5.607788901162411022e-03,1.537544179738556671e-01
-9.441344999999999876e-01,1.794659000000000004e+00,1.382017999999999969e+00,5.788556414167533859e-03,1.368195709475671651e-01
-9.434059000000000195e-01,1.795757000000000048e+00,1.382854999999999945e+00,5.514627447978695182e-03,0.000000000000000000e+00
-9.434059000000000195e-01,1.795757000000000048e+00,1.382854999999999945e+00,5.514627447978695182e-03,2.976500523309245638e-01
-9.420275999999999650e-01,1.798227999999999938e+00,1.384727999999999959e+00,5.409973291061657627e-03,1.398865169412928655e-01
-9.412331999999999921e-01,1.799368999999999996e+00,1.385645999999999933e+00,5.055663605304428279e-03,0.000000000000000000e+00
-9.412331999999999921e-01,1.799368999999999996e+00,1.385645999999999933e+00,5.055663605304428279e-03,3.405921071724102300e-01
-9.397237000000000506e-01,1.802089999999999970e+00,1.387677000000000049e+00,4.664859120059329164e-03,2.951337992348303518e-01
-9.379121999999999737e-01,1.804489000000000010e+00,1.389493000000000089e+00,4.817459936522476387e-03,0.000000000000000000e+00
-9.379121999999999737e-01,1.804489000000000010e+00,1.389493000000000089e+00,4.817459936522476387e-03,3.160380377776226268e-01
-9.360861999999999794e-01,1.806896999999999975e+00,1.391153000000000084e+00,4.940407456880425811e-03,1.541468845956244227e-01
-9.351264999999999716e-01,1.808140000000000081e+00,1.392101000000000033e+00,4.563129408640448706e-03,0.000000000000000000e+00
-9.351264999999999716e-01,1.808140000000000081e+00,1.392101000000000033e+00,4.563129408640448706e-03,3.197817123875665302e-01
-9.332591999999999555e-01,1.810532999999999948e+00,1.393820999999999977e+00,4.727655259216835375e-03,1.419525486922808555e-01
-9.323226999999999487e-01,1.811706000000000039e+00,1.394595999999999947e+00,4.571498332057071304e-03,0.000000000000000000e+00
-9.323226999999999487e-01,1.811706000000000039e+00,1.394595999999999947e+00,4.571498332057071304e-03,1.574038033581243168e-01
-9.313957999999999959e-01,1.812867999999999924e+00,1.395456000000000030e+00,4.995289101743802598e-03,2.985369604007876987e-01
-9.293968999999999703e-01,1.815115999999999952e+00,1.397345999999999977e+00,4.802152251855475347e-03,0.000000000000000000e+00
-9.293968999999999703e-01,1.815115999999999952e+00,1.397345999999999977e+00,4.802152251855475347e-03,1.523025708657773925e-01
-9.284523000000000081e-01,1.816279999999999895e+00,1.398225000000000051e+00,4.790374603306084798e-03,1.566924798146074049e-01
-9.274525999999999604e-01,1.817345999999999906e+00,1.399111999999999911e+00,4.690812323041789432e-03,0.000000000000000000e+00
-9.274525999999999604e-01,1.817345999999999906e+00,1.399111999999999911e+00,4.690812323041789432e-03,3.348254279913239762e-01
-9.254658000000000051e-01,1.819681000000000104e+00,1.401097999999999955e+00,4.584259701413126616e-03,1.417788290236548510e-01
-9.245138000000000522e-01,1.820723000000000091e+00,1.402025000000000077e+00,4.793635406452983333e-03,3.307615921351088062e-01
-9.224554999999999838e-01,1.822877999999999998e+00,1.404060000000000086e+00,4.553753656051219220e-03,1.609057268654399131e-01
-9.213761999999999786e-01,1.823762000000000105e+00,1.404986999999999986e+00,4.922351405578396545e-03,0.000000000000000000e+00
-9.213761999999999786e-01,1.823762000000000105e+00,1.404986999999999986e+00,4.922351405578396545e-03,1.897078231846514862e-01
-9.202641999999999767e-01,1.824845999999999968e+00,1.406206999999999985e+00,4.451512749616701528e-03,3.301594560250624144e-01
-9.181173000000000251e-01,1.826878000000000002e+00,1.408271000000000051e+00,4.394981307127348788e-03,0.000000000000000000e+00
-9.181173000000000251e-01,1.826878000000000002e+00,1.408271000000000051e+00,4.394981307127348788e-03,1.899831632961626326e-01
-9.170064999999999467e-01,1.827941000000000038e+00,1.409518000000000049e+00,4.436308083305277525e-03,3.346935480831335075e-01
-9.149477000000000304e-01,1.830065999999999971e+00,1.411658000000000079e+00,3.973216969912349121e-03,0.000000000000000000e+00
-9.149477000000000304e-01,1.830065999999999971e+00,1.411658000000000079e+00,3.973216969912349121e-03,1.959814076656719029e-01
-9.136630999999999503e-01,1.831072000000000033e+00,1.412886000000000086e+00,4.117035439487968379e-03,1.764201659492051488e-01
-9.124885000000000357e-01,1.832292999999999950e+00,1.413972999999999924e+00,3.748471721915509758e-03,3.377084411603140657e-01
-9.103179000000000132e-01,1.834370999999999974e+00,1.416385000000000005e+00,3.240536060592515838e-03,0.000000000000000000e+00
-9.103179000000000132e-01,1.834370999999999974e+00,1.416385000000000005e+00,3.240536060592515838e-03,1.937923745852797031e-01
-9.090918999999999528e-01,1.835598000000000063e+00,1.417594000000000021e+00,3.724458451909539673e-03,1.783632935720922130e-01
-9.077555999999999958e-01,1.836575999999999986e+00,1.418776999999999955e+00,2.976212956090332554e-03,3.941535374508897682e-01
-9.050540999999999725e-01,1.838800999999999908e+00,1.421594999999999942e+00,2.478691995791357239e-03,2.033046607695222219e-01
-9.035590000000000011e-01,1.839731000000000005e+00,1.422773000000000065e+00,3.309234654719991637e-03,0.000000000000000000e+00
-9.035590000000000011e-01,1.839731000000000005e+00,1.422773000000000065e+00,3.309234654719991637e-03,4.167287529705088200e-01
-9.008266999999999802e-01,1.841957999999999984e+00,1.425308999999999937e+00,3.015505876300037663e-03,2.056534227857767516e-01
-8.993324999999999791e-01,1.843061999999999978e+00,1.426566999999999918e+00,1.982680498718930855e-03,0.000000000000000000e+00
-8.993324999999999791e-01,1.843061999999999978e+00,1.426566999999999918e+00,1.982680498718930855e-03,2.197327776076179739e-01
-8.978171000000000346e-01,1.844103000000000048e+00,1.427928000000000086e+00,2.703641906761995468e-03,3.985027682971455931e-01
-8.950466999999999729e-01,1.846437000000000106e+00,1.430331999999999937e+00,2.405383023553630487e-03,0.000000000000000000e+00
-8.950466999999999729e-01,1.846437000000000106e+00,1.430331999999999937e+00,2.405383023553630487e-03,2.080951184469846393e-01
-8.935539999999999594e-01,1.847572999999999910e+00,1.431610999999999967e+00,1.110226553456660024e-03,3.923549193661040602e-01
-8.907842999999999734e-01,1.849607999999999919e+00,1.433824999999999905e+00,7.256905401064919466e-04,0.000000000000000000e+00
-8.907842999999999734e-01,1.849607999999999919e+00,1.433824999999999905e+00,7.256905401064919466e-04,2.122516598778091401e-01
-8.892202000000000162e-01,1.850683999999999996e+00,1.435151000000000066e+00,2.124662326111950630e-03,1.994222072596552875e-01
-8.877800000000000136e-01,1.851904999999999912e+00,1.436231999999999953e+00,3.409211639073822932e-04,3.673671520570837012e-01
-8.847310999999999925e-01,1.853817000000000048e+00,1.438380999999999910e+00,3.309641219227834447e-04,1.949130108455734700e-01
-8.833220000000000516e-01,1.855059000000000013e+00,1.439378000000000046e+00,2.107189160944049084e-03,0.000000000000000000e+00
-8.833220000000000516e-01,1.855059000000000013e+00,1.439378000000000046e+00,2.107189160944049084e-03,1.646409551167159757e-01
-8.819829999999999615e-01,1.855933999999999973e+00,1.440360000000000085e+00,9.636545075906926628e-04,3.704620661770207657e-01
-8.791065000000000129e-01,1.858030000000000070e+00,1.442282999999999982e+00,1.627533176313137068e-03,0.000000000000000000e+00
-8.791065000000000129e-01,1.858030000000000070e+00,1.442282999999999982e+00,1.627533176313137068e-03,1.647844038093723706e-01
-8.775593999999999895e-01,1.858878000000000030e+00,1.443138999999999950e+00,1.812068489323759258e-03,3.582354679159658883e-01
-8.747698999999999891e-01,1.860511000000000026e+00,1.445006000000000013e+00,1.753954377969971353e-03,0.000000000000000000e+00
-8.747698999999999891e-01,1.860511000000000026e+00,1.445006000000000013e+00,1.753954377969971353e-03,1.642230081878865156e-01
-8.732320999999999556e-01,1.861258000000000079e+00,1.445769000000000082e+00,2.713782284929982039e-03,1.860940304381139832e-01
-8.717078999999999800e-01,1.862073000000000089e+00,1.446647999999999934e+00,1.849041538203049020e-03,3.343689855049896131e-01
-8.688656999999999631e-01,1.863969999999999905e+00,1.447924999999999907e+00,2.657488054535608619e-03,0.000000000000000000e+00
-8.688656999999999631e-01,1.863969999999999905e+00,1.447924999999999907e+00,2.657488054535608619e-03,1.701890468783519572e-01
-8.674144999999999772e-01,1.864786999999999972e+00,1.448746000000000089e+00,2.792505319600946216e-03,3.347842139948434825e-01
-8.644332999999999601e-01,1.866473000000000049e+00,1.450015000000000054e+00,3.135747867734171770e-03,1.472573545728191324e-01
-8.630122999999999545e-01,1.867245000000000044e+00,1.450690000000000035e+00,3.806500136608394289e-03,1.654949038047465459e-01
-8.616633000000000209e-01,1.868103999999999987e+00,1.451335000000000042e+00,3.747432320936649412e-03,0.000000000000000000e+00
-8.616633000000000209e-01,1.868103999999999987e+00,1.451335000000000042e+00,3.747432320936649412e-03,2.997810045866866058e-01
-8.589225000000000332e-01,1.869604000000000044e+00,1.452727000000000102e+00,4.462828776684144363e-03,1.611161844062476145e-01
-8.575914000000000037e-01,1.870522999999999936e+00,1.453414999999999901e+00,4.447117947615007727e-03,0.000000000000000000e+00
-8.575914000000000037e-01,1.870522999999999936e+00,1.453414999999999901e+00,4.447117947615007727e-03,1.460440640657697520e-01
-8.560436000000000156e-01,1.871072000000000068e+00,1.453988000000000058e+00,4.742066823654024835e-03,3.520774995003012608e-01
-8.530714999999999826e-01,1.872589999999999977e+00,1.455502999999999991e+00,4.946816290302314019e-03,0.000000000000000000e+00
-8.530714999999999826e-01,1.872589999999999977e+00,1.455502999999999991e+00,4.946816290302314019e-03,1.452529272485429956e-01
-8.516004000000000351e-01,1.873200999999999894e+00,1.456174000000000079e+00,5.323178149376437893e-03,3.339389473004226172e-01
-8.486089999999999467e-01,1.874471999999999916e+00,1.457819999999999894e+00,5.458600118162056612e-03,0.000000000000000000e+00
-8.486089999999999467e-01,1.874471999999999916e+00,1.457819999999999894e+00,5.458600118162056612e-03,1.660154989108156565e-01
-8.469280999999999615e-01,1.875110999999999972e+00,1.458638000000000101e+00,5.297800223677712715e-03,1.830990602761424224e-01
-8.451731000000000105e-01,1.875604000000000049e+00,1.459454999999999947e+00,5.344607488862100457e-03,0.000000000000000000e+00
-8.451731000000000105e-01,1.875604000000000049e+00,1.459454999999999947e+00,5.344607488862100457e-03,5.105957850508644480e-01
-8.400393000000000443e-01,1.877459999999999907e+00,1.461475000000000080e+00,5.796375853928045774e-03,0.000000000000000000e+00
-8.400393000000000443e-01,1.877459999999999907e+00,1.461475000000000080e+00,5.796375853928045774e-03,3.763303220482980826e-01
-8.364460000000000228e-01,1.878625999999999907e+00,1.463082999999999911e+00,6.016944906678154195e-03,2.051955206462430237e-01
-8.344785999999999593e-01,1.879194000000000031e+00,1.464218000000000020e+00,5.635731211653065460e-03,0.000000000000000000e+00
-8.344785999999999593e-01,1.879194000000000031e+00,1.464218000000000020e+00,5.635731211653065460e-03,1.818091979310146600e-01
-8.326930999999999639e-01,1.879723000000000033e+00,1.465132000000000101e+00,6.026294075963992657e-03,3.797445891692756703e-01
-8.286459000000000463e-01,1.880432000000000103e+00,1.467012999999999900e+00,5.688936979788249138e-03,0.000000000000000000e+00
-8.286459000000000463e-01,1.880432000000000103e+00,1.467012999999999900e+00,5.688936979788249138e-03,1.949803203058516898e-01
-8.267856000000000094e-01,1.881162000000000001e+00,1.467742000000000102e+00,5.604288555204908762e-03,1.693213971209305280e-01
-8.249098999999999737e-01,1.881440999999999919e+00,1.468428000000000067e+00,5.840754845052131654e-03,4.101353340133881975e-01
-8.210621000000000169e-01,1.882498999999999922e+00,1.469945999999999975e+00,5.973485449048823032e-03,0.000000000000000000e+00
-8.210621000000000169e-01,1.882498999999999922e+00,1.469945999999999975e+00,5.973485449048823032e-03,1.904428374115991474e-01
-8.189125000000000432e-01,1.882724000000000064e+00,1.470633999999999997e+00,5.455872454521088800e-03,4.014572249235043855e-01
-8.150758999999999643e-01,1.883364999999999956e+00,1.472161999999999971e+00,5.344101934843675968e-03,0.000000000000000000e+00
-8.150758999999999643e-01,1.883364999999999956e+00,1.472161999999999971e+00,5.344101934843675968e-03,3.604558804272222083e-01
-8.109189999999999454e-01,1.883714000000000111e+00,1.473160999999999943e+00,5.024650634621441632e-03,0.000000000000000000e+00
-8.109189999999999454e-01,1.883714000000000111e+00,1.473160999999999943e+00,5.024650634621441632e-03,3.851575582582441037e-01
-8.069429000000000185e-01,1.884079999999999977e+00,1.473778000000000032e+00,4.987126235619053494e-03,1.632846584960406522e-01
-8.050024999999999542e-01,1.884120000000000017e+00,1.473900999999999906e+00,4.863033568668915022e-03,0.000000000000000000e+00
-8.050024999999999542e-01,1.884120000000000017e+00,1.473900999999999906e+00,4.863033568668915022e-03,3.624272672470893464e-01
-8.011517999999999695e-01,1.884492999999999974e+00,1.474717999999999973e+00,4.824710536394911410e-03,1.891408423715023324e-01
-7.991004000000000440e-01,1.884656000000000109e+00,1.475368000000000013e+00,5.087103179610362111e-03,0.000000000000000000e+00
-7.991004000000000440e-01,1.884656000000000109e+00,1.475368000000000013e+00,5.087103179610362111e-03,1.643083222569726165e-01
-7.972588999999999926e-01,1.884776999999999925e+00,1.475697999999999954e+00,4.727521423536934844e-03,3.758354660124758051e-01
-7.930222000000000104e-01,1.884803000000000006e+00,1.476361000000000034e+00,4.703922405822616101e-03,0.000000000000000000e+00
-7.930222000000000104e-01,1.884803000000000006e+00,1.476361000000000034e+00,4.703922405822616101e-03,1.650042829000113453e-01
-7.912373999999999796e-01,1.884911999999999921e+00,1.476569000000000020e+00,5.082496477126152538e-03,1.764493877528260923e-01
-7.891561999999999744e-01,1.884811999999999932e+00,1.476842999999999906e+00,4.919375220492900116e-03,0.000000000000000000e+00
-7.891561999999999744e-01,1.884811999999999932e+00,1.476842999999999906e+00,4.919375220492900116e-03,3.556780142778941944e-01
-7.853407999999999500e-01,1.884975999999999985e+00,1.477659999999999973e+00,5.075525687059454470e-03,1.806392060848262815e-01
-7.832164999999999822e-01,1.884786999999999990e+00,1.477929000000000048e+00,5.039182760130852916e-03,3.645778609896818123e-01
-7.795016999999999641e-01,1.884830999999999923e+00,1.478723000000000010e+00,5.009873620162465409e-03,1.890031461938778690e-01
-7.774758000000000502e-01,1.884757000000000016e+00,1.479100000000000081e+00,5.404295166809308486e-03,0.000000000000000000e+00
-7.774758000000000502e-01,1.884757000000000016e+00,1.479100000000000081e+00,5.404295166809308486e-03,1.849112082112245870e-01
-7.754866999999999733e-01,1.884563999999999906e+00,1.479376000000000024e+00,5.100165679661657937e-03,3.683897308175756447e-01
-7.717277999999999638e-01,1.884614999999999929e+00,1.480134000000000061e+00,5.213915907453800860e-03,0.000000000000000000e+00
-7.717277999999999638e-01,1.884614999999999929e+00,1.480134000000000061e+00,5.213915907453800860e-03,1.871885144399643153e-01
-7.698182999999999554e-01,1.884549999999999947e+00,1.480517000000000083e+00,5.402839349823369483e-03,3.575274057034651398e-01
-7.659804999999999531e-01,1.884624000000000077e+00,1.481230000000000047e+00,5.431871762109310997e-03,1.668662122169100315e-01
-7.640206999999999971e-01,1.884562999999999988e+00,1.481543999999999972e+00,5.571364748425604134e-03,0.000000000000000000e+00
-7.640206999999999971e-01,1.884562999999999988e+00,1.481543999999999972e+00,5.571364748425604134e-03,1.618979535661331237e-01
-7.622063000000000033e-01,1.884557999999999955e+00,1.481881999999999922e+00,5.475153879116072438e-03,3.848120198918933421e-01
-7.579126000000000474e-01,1.884122000000000074e+00,1.482690000000000063e+00,5.447519535531686330e-03,0.000000000000000000e+00
-7.579126000000000474e-01,1.884122000000000074e+00,1.482690000000000063e+00,5.447519535531686330e-03,1.659982470382257436e-01
-7.560761000000000287e-01,1.884155999999999942e+00,1.483152000000000026e+00,5.640358715542881721e-03,1.803254563362355622e-01
-7.539820999999999884e-01,1.883963999999999972e+00,1.483579999999999899e+00,5.279142812995490062e-03,3.924239924092275400e-01
-7.499839999999999840e-01,1.883817999999999993e+00,1.484425000000000106e+00,5.150670256384124422e-03,2.062702808618404604e-01
-7.477840999999999516e-01,1.883410999999999946e+00,1.484668000000000099e+00,5.626844267437919669e-03,0.000000000000000000e+00
-7.477840999999999516e-01,1.883410999999999946e+00,1.484668000000000099e+00,5.626844267437919669e-03,4.047275681148527759e-01
-7.436819000000000068e-01,1.882956000000000074e+00,1.485533999999999910e+00,5.480487372488137589e-03,1.979780479597805232e-01
-7.415950000000000042e-01,1.882690999999999892e+00,1.486024000000000012e+00,4.887508855235028239e-03,0.000000000000000000e+00
-7.415950000000000042e-01,1.882690999999999892e+00,1.486024000000000012e+00,4.887508855235028239e-03,2.094385407398783594e-01
-7.394134999999999458e-01,1.882252000000000036e+00,1.486542999999999948e+00,5.128223400945041387e-03,3.844104595989122908e-01
-7.352102000000000359e-01,1.881556999999999924e+00,1.487586000000000075e+00,4.752743482453036968e-03,0.000000000000000000e+00
-7.352102000000000359e-01,1.881556999999999924e+00,1.487586000000000075e+00,4.752743482453036968e-03,2.116954291685553269e-01
-7.330959000000000225e-01,1.881170999999999927e+00,1.488072999999999979e+00,4.168133088086377683e-03,3.758719511179526851e-01
-7.291372000000000408e-01,1.880452000000000012e+00,1.488885000000000014e+00,3.960376357115596470e-03,0.000000000000000000e+00
-7.291372000000000408e-01,1.880452000000000012e+00,1.488885000000000014e+00,3.960376357115596470e-03,1.961658666560743836e-01
-7.271838000000000468e-01,1.880092000000000096e+00,1.489359000000000099e+00,4.297847471700098725e-03,1.552835869195686447e-01
-7.255179999999999962e-01,1.879802999999999891e+00,1.489889000000000019e+00,3.567868446285435338e-03,0.000000000000000000e+00
-7.255179999999999962e-01,1.879802999999999891e+00,1.489889000000000019e+00,3.567868446285435338e-03,5.348591553403273524e-01
-7.200022000000000366e-01,1.878854999999999942e+00,1.491541000000000006e+00,2.911994692646332865e-03,0.000000000000000000e+00
-7.200022000000000366e-01,1.878854999999999942e+00,1.491541000000000006e+00,2.911994692646332865e-03,1.648490179998661209e-01
-7.182821999999999818e-01,1.878447999999999896e+00,1.492207999999999979e+00,3.034773614291576965e-03,3.162338524895192404e-01
-7.151201000000000363e-01,1.878066000000000013e+00,1.493533999999999917e+00,2.606753237266638476e-03,0.000000000000000000e+00
-7.151201000000000363e-01,1.878066000000000013e+00,1.493533999999999917e+00,2.606753237266638476e-03,1.673972499011473214e-01
-7.133528999999999565e-01,1.877680000000000016e+00,1.494142000000000081e+00,2.216370864724559377e-03,3.278430617857721607e-01
-7.102389000000000063e-01,1.877175999999999956e+00,1.495452999999999921e+00,2.997703314205746056e-03,1.697372383836321941e-01
-7.085276000000000352e-01,1.876886999999999972e+00,1.496099000000000068e+00,2.581983115746561575e-03,0.000000000000000000e+00
-7.085276000000000352e-01,1.876886999999999972e+00,1.496099000000000068e+00,2.581983115746561575e-03,1.752055306435613691e-01
-7.068524000000000473e-01,1.876560000000000006e+00,1.496742000000000017e+00,3.360125772943597412e-03,3.136060614241967803e-01
-7.037231999999999932e-01,1.876133000000000051e+00,1.498057999999999890e+00,3.799058099055568991e-03,0.000000000000000000e+00
-7.037231999999999932e-01,1.876133000000000051e+00,1.498057999999999890e+00,3.799058099055568991e-03,1.770203975896191551e-01
-7.020518999999999510e-01,1.875888999999999918e+00,1.498795000000000099e+00,4.829784389597758729e-03,3.002998325271396540e-01
-6.988849999999999785e-01,1.875507000000000035e+00,1.500045999999999990e+00,5.353892587641219392e-03,0.000000000000000000e+00
-6.988849999999999785e-01,1.875507000000000035e+00,1.500045999999999990e+00,5.353892587641219392e-03,3.217432839723191051e-01
-6.956955999999999696e-01,1.874994000000000050e+00,1.500942999999999916e+00,5.969165214667815009e-03,0.000000000000000000e+00
-6.956955999999999696e-01,1.874994000000000050e+00,1.500942999999999916e+00,5.969165214667815009e-03,3.246664707510190651e-01
-6.921017000000000419e-01,1.874365999999999977e+00,1.501565999999999956e+00,6.509496459788589179e-03,1.443153800178600676e-01
-6.905558000000000529e-01,1.874155000000000015e+00,1.501787999999999901e+00,6.654740317247494902e-03,0.000000000000000000e+00
-6.905558000000000529e-01,1.874155000000000015e+00,1.501787999999999901e+00,6.654740317247494902e-03,1.403352373520159735e-01
-6.889553000000000482e-01,1.873741000000000101e+00,1.502034000000000091e+00,7.144795594697000637e-03,3.162572582818548028e-01
-6.855771999999999977e-01,1.873110999999999970e+00,1.502307999999999977e+00,7.198988648414475673e-03,0.000000000000000000e+00
-6.855771999999999977e-01,1.873110999999999970e+00,1.502307999999999977e+00,7.198988648414475673e-03,1.793909567145967054e-01
-6.835923000000000416e-01,1.872624999999999984e+00,1.502424999999999899e+00,7.252184876986978758e-03,3.299932787809278234e-01
-6.800988000000000033e-01,1.871815999999999924e+00,1.502744999999999997e+00,7.735721675448263383e-03,0.000000000000000000e+00
-6.800988000000000033e-01,1.871815999999999924e+00,1.502744999999999997e+00,7.735721675448263383e-03,1.403896145888115232e-01
-6.785864999999999814e-01,1.871288000000000062e+00,1.502733000000000096e+00,7.557791013914141875e-03,1.678240630267753830e-01
-6.768203000000000413e-01,1.870808000000000026e+00,1.502782999999999980e+00,7.802298167206872526e-03,0.000000000000000000e+00
-6.768203000000000413e-01,1.870808000000000026e+00,1.502782999999999980e+00,7.802298167206872526e-03,3.046876366092838295e-01
-6.733320000000000416e-01,1.869825000000000070e+00,1.502598000000000100e+00,7.602262765782402155e-03,1.710774408581882955e-01
-6.715457000000000232e-01,1.869283999999999946e+00,1.502604999999999968e+00,7.836008119572161409e-03,3.305649224213396686e-01
-6.680937000000000126e-01,1.868244000000000016e+00,1.502512999999999987e+00,7.912870228305319761e-03,1.625210631747079637e-01
-6.663400999999999907e-01,1.867650000000000032e+00,1.502409000000000106e+00,7.734598198355336143e-03,0.000000000000000000e+00
-6.663400999999999907e-01,1.867650000000000032e+00,1.502409000000000106e+00,7.734598198355336143e-03,1.380115525404929100e-01
-6.648275999999999630e-01,1.867218000000000044e+00,1.502375000000000016e+00,7.787202324326771181e-03,3.478637978620996996e-01
-6.610785000000000133e-01,1.865872999999999893e+00,1.502140000000000031e+00,7.791854785607857381e-03,1.530726089097512455e-01
-6.594932000000000016e-01,1.865364999999999940e+00,1.502007000000000092e+00,8.028753781876793796e-03,0.000000000000000000e+00
-6.594932000000000016e-01,1.865364999999999940e+00,1.502007000000000092e+00,8.028753781876793796e-03,1.776622709602588279e-01
-6.575893999999999906e-01,1.864684999999999926e+00,1.501856999999999998e+00,7.775470998595474144e-03,3.344753089796856371e-01
-6.541668999999999956e-01,1.863464000000000009e+00,1.501522999999999941e+00,7.817416468373609637e-03,0.000000000000000000e+00
-6.541668999999999956e-01,1.863464000000000009e+00,1.501522999999999941e+00,7.817416468373609637e-03,1.572179842998798760e-01
-6.524277000000000548e-01,1.862770999999999955e+00,1.501489000000000074e+00,7.923391382482682793e-03,3.757931016433968541e-01
-6.488496999999999737e-01,1.861223999999999990e+00,1.501160000000000050e+00,7.995816234131427128e-03,0.000000000000000000e+00
-6.488496999999999737e-01,1.861223999999999990e+00,1.501160000000000050e+00,7.995816234131427128e-03,1.911560573379617045e-01
-6.467528000000000166e-01,1.860351000000000088e+00,1.501004999999999923e+00,8.308642490804351785e-03,1.987584504939023666e-01
-6.448528999999999511e-01,1.859542000000000028e+00,1.500874999999999959e+00,8.211501086281394746e-03,3.652188563940609312e-01
-6.412060000000000537e-01,1.857931999999999917e+00,1.500607000000000024e+00,8.458405263996295748e-03,1.796582140364079427e-01
-6.392495999999999734e-01,1.857069999999999999e+00,1.500588999999999951e+00,8.909436696559353344e-03,0.000000000000000000e+00
-6.392495999999999734e-01,1.857069999999999999e+00,1.500588999999999951e+00,8.909436696559353344e-03,3.602237435452983472e-01
-6.356935999999999698e-01,1.855396999999999963e+00,1.500548999999999911e+00,9.330239720928912642e-03,1.750585207168969260e-01
-6.338095999999999730e-01,1.854511000000000021e+00,1.500620999999999983e+00,9.661701165426294161e-03,0.000000000000000000e+00
-6.338095999999999730e-01,1.854511000000000021e+00,1.500620999999999983e+00,9.661701165426294161e-03,1.555850412069200994e-01
-6.322081000000000506e-01,1.853766000000000025e+00,1.500798999999999994e+00,1.005979584087072706e-02,3.505648606876117235e-01
-6.286680999999999520e-01,1.851930999999999994e+00,1.501115999999999895e+00,1.099427264351761531e-02,0.000000000000000000e+00
-6.286680999999999520e-01,1.851930999999999994e+00,1.501115999999999895e+00,1.099427264351761531e-02,1.430084206959540971e-01
-6.271782000000000190e-01,1.851487000000000105e+00,1.501247999999999916e+00,1.141253456730796645e-02,1.618460203585921076e-01
-6.255834000000000117e-01,1.850559999999999983e+00,1.501333999999999946e+00,1.175944049519365292e-02,0.000000000000000000e+00
-6.255834000000000117e-01,1.850559999999999983e+00,1.501333999999999946e+00,1.175944049519365292e-02,3.125778205956735722e-01
-6.224484000000000128e-01,1.849253999999999953e+00,1.501643999999999979e+00,1.271402597173695165e-02,1.539754925835942756e-01
-6.208825000000000038e-01,1.848492000000000024e+00,1.501875999999999989e+00,1.306596312714839066e-02,3.168444068417016202e-01
-6.178293000000000257e-01,1.846894000000000036e+00,1.502148000000000039e+00,1.404623654542389542e-02,1.753794610591574155e-01
-6.161212999999999829e-01,1.846041000000000043e+00,1.502275000000000027e+00,1.443224709773226547e-02,0.000000000000000000e+00
-6.161212999999999829e-01,1.846041000000000043e+00,1.502275000000000027e+00,1.443224709773226547e-02,1.576075044971827210e-01
-6.146563999999999917e-01,1.845345999999999931e+00,1.502526000000000028e+00,1.507133994573815229e-02,2.772255313204249338e-01
-6.119455999999999785e-01,1.844022000000000050e+00,1.502741000000000104e+00,1.575415037886862893e-02,1.219012108546131401e-01
-6.106466999999999867e-01,1.843407999999999936e+00,1.502950000000000008e+00,1.630456234463239715e-02,0.000000000000000000e+00
-6.106466999999999867e-01,1.843407999999999936e+00,1.502950000000000008e+00,1.630456234463239715e-02,2.632558419968152874e-01
-6.080476999999999688e-01,1.841952999999999951e+00,1.503338000000000063e+00,1.723186581772272880e-02,1.251221111315086731e-01
-6.067388000000000225e-01,1.841242000000000045e+00,1.503381999999999996e+00,1.764034782225105610e-02,0.000000000000000000e+00
-6.067388000000000225e-01,1.841242000000000045e+00,1.503381999999999996e+00,1.764034782225105610e-02,9.661598389592827851e-02
-6.056808999999999665e-01,1.840934000000000070e+00,1.503346999999999989e+00,1.786686198637020898e-02,2.517657423360374347e-01
-6.031349000000000293e-01,1.839615000000000000e+00,1.503471999999999920e+00,1.849765090058731742e-02,0.000000000000000000e+00
-6.031349000000000293e-01,1.839615000000000000e+00,1.503471999999999920e+00,1.849765090058731742e-02,1.060666413607904285e-01
-6.021233000000000279e-01,1.839169999999999972e+00,1.503460999999999936e+00,1.878464464289914676e-02,1.393858322767938251e-01
-6.006436000000000552e-01,1.838586999999999971e+00,1.503465000000000051e+00,1.907829281565839516e-02,2.335366934799974481e-01
-5.983783999999999770e-01,1.837426999999999921e+00,1.503343000000000096e+00,1.953698438449509578e-02,1.272409895960414372e-01
-5.971220000000000416e-01,1.836845000000000061e+00,1.503244000000000025e+00,1.980674982524896488e-02,0.000000000000000000e+00
-5.971220000000000416e-01,1.836845000000000061e+00,1.503244000000000025e+00,1.980674982524896488e-02,2.149492091262326376e-01
-5.950617999999999741e-01,1.835823999999999900e+00,1.502782999999999980e+00,1.981387405329911380e-02,1.361965020399076298e-01
-5.937025999999999692e-01,1.835239000000000065e+00,1.502647999999999984e+00,2.010540365274963992e-02,0.000000000000000000e+00
-5.937025999999999692e-01,1.835239000000000065e+00,1.502647999999999984e+00,2.010540365274963992e-02,1.202582014287762596e-01
-5.925654999999999673e-01,1.834735999999999922e+00,1.502483000000000013e+00,2.020873519050614409e-02,2.221708345737845036e-01
-5.902790999999999455e-01,1.833658999999999928e+00,1.502286999999999928e+00,2.061326762936915163e-02,0.000000000000000000e+00
-5.902790999999999455e-01,1.833658999999999928e+00,1.502286999999999928e+00,2.061326762936915163e-02,1.360062245353091670e-01
-5.890581999999999763e-01,1.832989999999999897e+00,1.502021999999999968e+00,2.079393641641712892e-02,2.084314399296172127e-01
-5.868978999999999724e-01,1.832036999999999916e+00,1.501738000000000017e+00,2.101424163656639282e-02,0.000000000000000000e+00
-5.868978999999999724e-01,1.832036999999999916e+00,1.501738000000000017e+00,2.101424163656639282e-02,1.207705339941219647e-01
-5.857282000000000322e-01,1.831495000000000095e+00,1.501460000000000017e+00,2.113262626106841846e-02,1.131508928298610300e-01
-5.846449999999999703e-01,1.830961999999999978e+00,1.501201999999999925e+00,2.123024278264370665e-02,0.000000000000000000e+00
-5.846449999999999703e-01,1.830961999999999978e+00,1.501201999999999925e+00,2.123024278264370665e-02,4.059000020798282926e-01
-5.808318000000000092e-01,1.828910999999999953e+00,1.500272999999999968e+00,2.154249428548135961e-02,0.000000000000000000e+00
-5.808318000000000092e-01,1.828910999999999953e+00,1.500272999999999968e+00,2.154249428548135961e-02,1.438087984675096020e-01
-5.794357999999999453e-01,1.828136999999999901e+00,1.499899000000000093e+00,2.154868872205460695e-02,2.699145049863820867e-01
-5.769729999999999581e-01,1.826732000000000022e+00,1.499093999999999927e+00,2.168633773231432027e-02,1.562845249939795178e-01
-5.755377000000000409e-01,1.825903000000000054e+00,1.498693999999999971e+00,2.170405539087109578e-02,0.000000000000000000e+00
-5.755377000000000409e-01,1.825903000000000054e+00,1.498693999999999971e+00,2.170405539087109578e-02,3.162797465031260136e-01
-5.730370999999999659e-01,1.824335000000000040e+00,1.497630000000000017e+00,2.164782458262256085e-02,1.505999450210782908e-01
-5.717033999999999727e-01,1.823404999999999943e+00,1.497074000000000016e+00,2.154584873728575614e-02,0.000000000000000000e+00
-5.717033999999999727e-01,1.823404999999999943e+00,1.497074000000000016e+00,2.154584873728575614e-02,1.663807272363226897e-01
-5.703580000000000316e-01,1.822459999999999969e+00,1.496523999999999965e+00,2.159306648556418365e-02,2.800325239626608731e-01
-5.680243999999999849e-01,1.820656999999999970e+00,1.495293999999999901e+00,2.130016297965810212e-02,0.000000000000000000e+00
-5.680243999999999849e-01,1.820656999999999970e+00,1.495293999999999901e+00,2.130016297965810212e-02,1.525903489825371773e-01
-5.668128000000000055e-01,1.819728999999999930e+00,1.494628999999999985e+00,2.123996998585452739e-02,2.985991441321030337e-01
-5.643949999999999800e-01,1.817865000000000064e+00,1.493492000000000042e+00,2.109277666619540845e-02,0.000000000000000000e+00
-5.643949999999999800e-01,1.817865000000000064e+00,1.493492000000000042e+00,2.109277666619540845e-02,2.816713336518829602e-01
-5.621869999999999923e-01,1.816159999999999997e+00,1.492202999999999946e+00,2.082593119670746520e-02,0.000000000000000000e+00
-5.621869999999999923e-01,1.816159999999999997e+00,1.492202999999999946e+00,2.082593119670746520e-02,2.850760279333109937e-01
-5.599009999999999820e-01,1.814343999999999957e+00,1.490769000000000011e+00,2.057151125731885091e-02,1.366895669299766913e-01
-5.589399000000000450e-01,1.813468000000000080e+00,1.490038999999999891e+00,2.023549130834223497e-02,0.000000000000000000e+00
-5.589399000000000450e-01,1.813468000000000080e+00,1.490038999999999891e+00,2.023549130834223497e-02,1.431535469388605930e-01
-5.578783000000000492e-01,1.812518000000000074e+00,1.489239999999999897e+00,1.998165097808472443e-02,2.934263791959768608e-01
-5.558545999999999765e-01,1.810721999999999943e+00,1.487529000000000101e+00,1.934260494349204773e-02,0.000000000000000000e+00
-5.558545999999999765e-01,1.810721999999999943e+00,1.487529000000000101e+00,1.934260494349204773e-02,1.538570771518333880e-01
-5.547071000000000085e-01,1.809741999999999962e+00,1.486631999999999953e+00,1.906720669762610246e-02,3.383210500118215003e-01
-5.524795000000000122e-01,1.807746000000000075e+00,1.484766000000000030e+00,1.840056617172406914e-02,0.000000000000000000e+00
-5.524795000000000122e-01,1.807746000000000075e+00,1.484766000000000030e+00,1.840056617172406914e-02,1.470736531362701605e-01
-5.513953999999999800e-01,1.806640000000000024e+00,1.483802999999999983e+00,1.816365260871269371e-02,1.861268312809168379e-01
-5.503316000000000319e-01,1.805590000000000028e+00,1.482718999999999898e+00,1.766970026797283835e-02,0.000000000000000000e+00
-5.503316000000000319e-01,1.805590000000000028e+00,1.482718999999999898e+00,1.766970026797283835e-02,3.325721861225048315e-01
-5.481827000000000227e-01,1.803558999999999912e+00,1.480917999999999957e+00,1.723716630307890393e-02,1.791130779529928052e-01
-5.470226000000000255e-01,1.802413000000000043e+00,1.479837999999999987e+00,1.675080022715329589e-02,3.475347647072929980e-01
-5.446104999999999974e-01,1.800329999999999986e+00,1.477783999999999986e+00,1.614519785075422403e-02,1.684586792430519675e-01
-5.433723999999999776e-01,1.799207000000000001e+00,1.476834999999999898e+00,1.594012597848575019e-02,1.628597633754685081e-01
-5.423411999999999678e-01,1.798251999999999962e+00,1.475748000000000060e+00,1.559704174675457730e-02,0.000000000000000000e+00
-5.423411999999999678e-01,1.798251999999999962e+00,1.475748000000000060e+00,1.559704174675457730e-02,3.316172161108715266e-01
-5.402331000000000216e-01,1.795992000000000033e+00,1.473565000000000014e+00,1.487603308547013996e-02,1.617282934251113857e-01
-5.392544000000000226e-01,1.794937999999999922e+00,1.472542999999999935e+00,1.446639709430100514e-02,0.000000000000000000e+00
-5.392544000000000226e-01,1.794937999999999922e+00,1.472542999999999935e+00,1.446639709430100514e-02,1.770073416696226754e-01
-5.380568999999999491e-01,1.793709999999999916e+00,1.471479999999999899e+00,1.423157344217428760e-02,3.429254072070452297e-01
-5.360610000000000097e-01,1.791404999999999914e+00,1.469306000000000001e+00,1.353272342324344374e-02,0.000000000000000000e+00
-5.360610000000000097e-01,1.791404999999999914e+00,1.469306000000000001e+00,1.353272342324344374e-02,1.631622580120745680e-01
-5.349705000000000155e-01,1.790237000000000078e+00,1.468202999999999925e+00,1.339769659307145540e-02,3.731905209307935234e-01
-5.330390999999999879e-01,1.787838999999999956e+00,1.465827999999999909e+00,1.253754219773550380e-02,0.000000000000000000e+00
-5.330390999999999879e-01,1.787838999999999956e+00,1.465827999999999909e+00,1.253754219773550380e-02,1.794841855121774576e-01
-5.318737000000000048e-01,1.786588000000000065e+00,1.464704000000000006e+00,1.224207785508647783e-02,1.997601846323971142e-01
-5.308201000000000169e-01,1.785273000000000110e+00,1.463481999999999950e+00,1.192434653345820529e-02,3.692923865497197422e-01
-5.287212999999999496e-01,1.782466000000000106e+00,1.461143000000000081e+00,1.144085338818749513e-02,1.937589657727473436e-01
-5.277631000000000405e-01,1.781085999999999947e+00,1.459705999999999948e+00,1.103869944513398427e-02,0.000000000000000000e+00
-5.277631000000000405e-01,1.781085999999999947e+00,1.459705999999999948e+00,1.103869944513398427e-02,3.743140401361005898e-01
-5.258064000000000071e-01,1.778475999999999946e+00,1.457249000000000017e+00,1.050194552880566110e-02,1.863588783877010435e-01
-5.247616999999999976e-01,1.777095000000000091e+00,1.456015000000000059e+00,1.008016398676136495e-02,0.000000000000000000e+00
-5.247616999999999976e-01,1.777095000000000091e+00,1.456015000000000059e+00,1.008016398676136495e-02,1.828894880487871299e-01
-5.238671000000000300e-01,1.775854999999999961e+00,1.454733000000000054e+00,9.934683928540547979e-03,3.889684428112891723e-01
-5.217182999999999682e-01,1.772969000000000017e+00,1.452082000000000095e+00,9.412610624051114677e-03,0.000000000000000000e+00
-5.217182999999999682e-01,1.772969000000000017e+00,1.452082000000000095e+00,9.412610624051114677e-03,1.909735954162709026e-01
-5.208296999999999510e-01,1.771501999999999910e+00,1.450898999999999939e+00,9.033156104595957414e-03,2.002689352204690687e-01
-5.198418999999999679e-01,1.769924000000000053e+00,1.449573999999999918e+00,9.082251476919041971e-03,0.000000000000000000e+00
-5.198418999999999679e-01,1.769924000000000053e+00,1.449573999999999918e+00,9.082251476919041971e-03,3.700492610237902102e-01
-5.180919000000000496e-01,1.767381000000000091e+00,1.446971999999999925e+00,8.370751154466286176e-03,1.749210946965402691e-01
-5.171725999999999823e-01,1.765999000000000096e+00,1.445713000000000026e+00,8.044264678017436221e-03,0.000000000000000000e+00
-5.171725999999999823e-01,1.765999000000000096e+00,1.445713000000000026e+00,8.044264678017436221e-03,5.628205686899102611e-01
-5.147840999999999667e-01,1.762064000000000075e+00,1.441648999999999958e+00,7.158807527095414729e-03,1.804690859532509795e-01
-5.139333999999999847e-01,1.760728000000000071e+00,1.440196000000000032e+00,6.889463053097864831e-03,0.000000000000000000e+00
-5.139333999999999847e-01,1.760728000000000071e+00,1.440196000000000032e+00,6.889463053097864831e-03,3.700090091915954615e-01
-5.123083999999999971e-01,1.758148999999999962e+00,1.437275000000000080e+00,6.246215110769102498e-03,2.047953432923579620e-01
-5.114419000000000048e-01,1.756761999999999935e+00,1.435605999999999938e+00,5.651916290958278188e-03,0.000000000000000000e+00
-5.114419000000000048e-01,1.756761999999999935e+00,1.435605999999999938e+00,5.651916290958278188e-03,4.024144138403548121e-01
-5.097232000000000429e-01,1.753914999999999891e+00,1.432439999999999936e+00,5.045099726467335011e-03,2.099098020170886980e-01
-5.088418000000000108e-01,1.752451999999999899e+00,1.430760999999999949e+00,4.788389049565649862e-03,0.000000000000000000e+00
-5.088418000000000108e-01,1.752451999999999899e+00,1.430760999999999949e+00,4.788389049565649862e-03,2.000472980429033876e-01
-5.080481000000000025e-01,1.751004000000000005e+00,1.429187999999999903e+00,4.556591379529243563e-03,4.143520441669323873e-01
-5.064399000000000539e-01,1.748135999999999912e+00,1.425791000000000031e+00,4.152137195469520099e-03,0.000000000000000000e+00
-5.064399000000000539e-01,1.748135999999999912e+00,1.425791000000000031e+00,4.152137195469520099e-03,2.134900637328142892e-01
-5.057673000000000307e-01,1.746552000000000104e+00,1.424066999999999972e+00,3.949386242190038900e-03,2.151894429016279198e-01
-5.048276999999999903e-01,1.745047999999999933e+00,1.422371999999999970e+00,4.139793208603653567e-03,0.000000000000000000e+00
-5.048276999999999903e-01,1.745047999999999933e+00,1.422371999999999970e+00,4.139793208603653567e-03,6.253019995563118272e-01
-5.029974000000000389e-01,1.740091000000000054e+00,1.417132999999999976e+00,4.326259655868972681e-03,0.000000000000000000e+00
-5.029974000000000389e-01,1.740091000000000054e+00,1.417132999999999976e+00,4.326259655868972681e-03,4.766867021455952202e-01
-5.020057999999999465e-01,1.736785999999999941e+00,1.413559999999999928e+00,5.145280673588158681e-03,2.319772157061017193e-01
-5.014672000000000018e-01,1.735055000000000014e+00,1.411793999999999993e+00,5.440153053913114080e-03,0.000000000000000000e+00
-5.014672000000000018e-01,1.735055000000000014e+00,1.411793999999999993e+00,5.440153053913114080e-03,2.517565605520256100e-01
-5.010731000000000490e-01,1.733295000000000030e+00,1.409888999999999948e+00,6.202338120418896157e-03,4.312441717700027932e-01
-5.001748000000000305e-01,1.729827999999999921e+00,1.406514999999999960e+00,6.964837560919897967e-03,0.000000000000000000e+00
-5.001748000000000305e-01,1.729827999999999921e+00,1.406514999999999960e+00,6.964837560919897967e-03,2.334474761039806445e-01
-4.998199999999999865e-01,1.728101000000000109e+00,1.404676999999999953e+00,7.244988301577870264e-03,4.468278346376871601e-01
-4.989636000000000071e-01,1.724595000000000100e+00,1.401399999999999979e+00,8.001622450478395807e-03,0.000000000000000000e+00
-4.989636000000000071e-01,1.724595000000000100e+00,1.401399999999999979e+00,8.001622450478395807e-03,2.489729481327920824e-01
-4.986045000000000060e-01,1.722809999999999953e+00,1.399551999999999907e+00,8.357526500705838440e-03,2.129205345494183388e-01
-4.981402999999999803e-01,1.720990999999999937e+00,1.398009999999999975e+00,8.808274894098140628e-03,0.000000000000000000e+00
-4.981402999999999803e-01,1.720990999999999937e+00,1.398009999999999975e+00,8.808274894098140628e-03,4.962915661310480231e-01
-4.971516000000000268e-01,1.717316000000000065e+00,1.394516000000000089e+00,9.117930442814328393e-03,4.119601145553342114e-01
-4.960398999999999781e-01,1.713662999999999936e+00,1.391434999999999977e+00,9.141426061616407528e-03,0.000000000000000000e+00
-4.960398999999999781e-01,1.713662999999999936e+00,1.391434999999999977e+00,9.141426061616407528e-03,5.048936931354996993e-01
-4.948224999999999985e-01,1.709621999999999975e+00,1.388293999999999917e+00,9.061169957571713757e-03,2.269056915367971550e-01
-4.941919000000000173e-01,1.707615000000000105e+00,1.386784999999999934e+00,9.004124071224327286e-03,0.000000000000000000e+00
-4.941919000000000173e-01,1.707615000000000105e+00,1.386784999999999934e+00,9.004124071224327286e-03,5.141785187676295443e-01
-4.928577000000000097e-01,1.703465000000000007e+00,1.383679000000000103e+00,8.574349095412417757e-03,2.466934172606218556e-01
-4.921937000000000118e-01,1.701349000000000000e+00,1.382154000000000105e+00,8.500775872824753790e-03,0.000000000000000000e+00
-4.921937000000000118e-01,1.701349000000000000e+00,1.382154000000000105e+00,8.500775872824753790e-03,2.830868867210922235e-01
-4.915762000000000187e-01,1.699076000000000031e+00,1.380382999999999916e+00,8.333858391525514678e-03,4.957101988217649247e-01
-4.901194999999999857e-01,1.694471999999999978e+00,1.377437999999999940e+00,7.684901714400746084e-03,0.000000000000000000e+00
-4.901194999999999857e-01,1.694471999999999978e+00,1.377437999999999940e+00,7.684901714400746084e-03,2.953335256679797682e-01
-4.894431000000000198e-01,1.692056000000000004e+00,1.375655999999999990e+00,7.439441083844947240e-03,5.405981561138807345e-01
-4.876808999999999727e-01,1.686957999999999958e+00,1.372675000000000090e+00,6.401177769754583073e-03,0.000000000000000000e+00
-4.876808999999999727e-01,1.686957999999999958e+00,1.372675000000000090e+00,6.401177769754583073e-03,3.011731318826739723e-01
-4.869129999999999847e-01,1.684404000000000012e+00,1.371021000000000045e+00,6.359693704102445215e-03,2.553910064257041701e-01
-4.861390999999999907e-01,1.681977999999999973e+00,1.369361999999999968e+00,5.696646718904026241e-03,5.371937169726476169e-01
-4.849546000000000134e-01,1.677322999999999897e+00,1.366003999999999996e+00,5.607157358234220700e-03,2.809997449563924055e-01
-4.842895999999999868e-01,1.674927000000000055e+00,1.364457999999999949e+00,5.171565975601518338e-03,0.000000000000000000e+00
-4.842895999999999868e-01,1.674927000000000055e+00,1.364457999999999949e+00,5.171565975601518338e-03,2.483406042043051210e-01
-4.836936000000000013e-01,1.672660999999999953e+00,1.362869000000000108e+00,5.049852160212322215e-03,5.413020433640026718e-01
-4.827170000000000072e-01,1.667942000000000036e+00,1.359445999999999932e+00,5.115092182942431072e-03,0.000000000000000000e+00
-4.827170000000000072e-01,1.667942000000000036e+00,1.359445999999999932e+00,5.115092182942431072e-03,2.497865557358287247e-01
-4.821466999999999836e-01,1.665707000000000049e+00,1.357771999999999979e+00,5.126649296567825469e-03,5.712217567163754284e-01
-4.813139000000000167e-01,1.660973999999999950e+00,1.354260000000000019e+00,5.494229118811823874e-03,0.000000000000000000e+00
-4.813139000000000167e-01,1.660973999999999950e+00,1.354260000000000019e+00,5.494229118811823874e-03,2.458938754479856603e-01
-4.808554999999999913e-01,1.658803000000000027e+00,1.352546999999999944e+00,5.674998785021818926e-03,2.755201529827974172e-01
-4.805050000000000154e-01,1.656639999999999890e+00,1.350692000000000004e+00,6.038959625631003594e-03,0.000000000000000000e+00
-4.805050000000000154e-01,1.656639999999999890e+00,1.350692000000000004e+00,6.038959625631003594e-03,4.917305984401139640e-01
-4.797015000000000029e-01,1.652347000000000010e+00,1.347177999999999987e+00,6.365790210178235570e-03,2.787238365822846120e-01
-4.794690999999999814e-01,1.650203000000000086e+00,1.345215999999999967e+00,6.555695932545997293e-03,4.881152538116786399e-01
-4.789940999999999782e-01,1.645983999999999892e+00,1.341604000000000019e+00,7.202015342944042935e-03,2.511217293859800415e-01
-4.788888000000000034e-01,1.643887000000000098e+00,1.339658000000000015e+00,7.254299503742531706e-03,2.531744523012994241e-01
-4.787214000000000191e-01,1.641861000000000015e+00,1.337787999999999977e+00,7.487925027001774390e-03,0.000000000000000000e+00
-4.787214000000000191e-01,1.641861000000000015e+00,1.337787999999999977e+00,7.487925027001774390e-03,4.723223810617047658e-01
-4.790482999999999825e-01,1.638352999999999948e+00,1.333709999999999951e+00,7.241034042869849523e-03,2.660103677017079948e-01
-4.791221999999999981e-01,1.636355000000000004e+00,1.331793999999999922e+00,7.589067877545914963e-03,0.000000000000000000e+00
-4.791221999999999981e-01,1.636355000000000004e+00,1.331793999999999922e+00,7.589067877545914963e-03,2.486551777382413064e-01
-4.792937999999999921e-01,1.634489999999999998e+00,1.329828000000000010e+00,7.616406554931260710e-03,5.115780159333441768e-01
-4.796714999999999729e-01,1.630579999999999918e+00,1.325863000000000014e+00,8.113634439016933694e-03,0.000000000000000000e+00
-4.796714999999999729e-01,1.630579999999999918e+00,1.325863000000000014e+00,8.113634439016933694e-03,2.312046753847783742e-01
-4.798898999999999804e-01,1.628868999999999900e+00,1.323870000000000102e+00,7.873384358076445863e-03,5.420570369760496776e-01
-4.806429999999999869e-01,1.625181999999999904e+00,1.319657999999999998e+00,8.040172262458036151e-03,0.000000000000000000e+00
-4.806429999999999869e-01,1.625181999999999904e+00,1.319657999999999998e+00,8.040172262458036151e-03,2.248107586857202578e-01
-4.812212000000000156e-01,1.623682000000000070e+00,1.317662000000000111e+00,7.633677625496201012e-03,2.903561474301171730e-01
-4.819378999999999746e-01,1.622042999999999902e+00,1.315221999999999891e+00,7.449112070575879263e-03,4.854804003590926786e-01
-4.833051999999999904e-01,1.618641999999999914e+00,1.311069000000000040e+00,6.967835198969651866e-03,2.698067823593111036e-01
-4.841622999999999899e-01,1.616969000000000101e+00,1.308631000000000100e+00,6.912847984007756096e-03,0.000000000000000000e+00
-4.841622999999999899e-01,1.616969000000000101e+00,1.308631000000000100e+00,6.912847984007756096e-03,4.988402638130196576e-01
-4.858126999999999862e-01,1.613572999999999924e+00,1.304372000000000087e+00,6.293572137506712495e-03,2.701471654269158584e-01
-4.868720000000000270e-01,1.611887000000000070e+00,1.302019000000000037e+00,6.222451031546943380e-03,0.000000000000000000e+00
-4.868720000000000270e-01,1.611887000000000070e+00,1.302019000000000037e+00,6.222451031546943380e-03,2.844337230867861610e-01
-4.878311000000000175e-01,1.610133999999999954e+00,1.299833999999999934e+00,5.720251698133598656e-03,5.118537590725169562e-01
-4.898917999999999884e-01,1.607078999999999924e+00,1.295303000000000093e+00,5.433587681265499882e-03,0.000000000000000000e+00
-4.898917999999999884e-01,1.607078999999999924e+00,1.295303000000000093e+00,5.433587681265499882e-03,2.637671727184487391e-01
-4.910684000000000160e-01,1.605361000000000038e+00,1.293129999999999891e+00,4.852937177627536687e-03,2.673133515335438526e-01
-4.921924999999999772e-01,1.603799999999999892e+00,1.290937999999999919e+00,4.702631315550886287e-03,0.000000000000000000e+00
-4.921924999999999772e-01,1.603799999999999892e+00,1.290937999999999919e+00,4.702631315550886287e-03,5.701591731854872558e-01
-4.947436000000000056e-01,1.600389999999999979e+00,1.286396000000000095e+00,4.157694121745853823e-03,2.553528575251983734e-01
-4.959182999999999786e-01,1.598697999999999952e+00,1.284162000000000026e+00,4.071471719169895628e-03,5.974314220396658159e-01
-4.985816000000000137e-01,1.595205999999999902e+00,1.279749999999999943e+00,3.871345255851019185e-03,2.658549103123433177e-01
-4.999156000000000155e-01,1.593393999999999977e+00,1.277525999999999939e+00,3.665979541677800470e-03,3.194397842852255143e-01
-5.014545999999999726e-01,1.591582999999999970e+00,1.274977000000000027e+00,3.729557673505059980e-03,0.000000000000000000e+00
-5.014545999999999726e-01,1.591582999999999970e+00,1.274977000000000027e+00,3.729557673505059980e-03,5.637949971597603360e-01
-5.041027000000000147e-01,1.587728000000000028e+00,1.270559999999999912e+00,3.843426653391448199e-03,3.054591657372025537e-01
-5.055353999999999681e-01,1.585684000000000093e+00,1.268132000000000037e+00,3.907742192110410552e-03,0.000000000000000000e+00
-5.055353999999999681e-01,1.585684000000000093e+00,1.268132000000000037e+00,3.907742192110410552e-03,6.098011785380532679e-01
-5.082394999999999552e-01,1.581582000000000043e+00,1.263646000000000047e+00,4.882864742136510013e-03,3.400652283239349871e-01
-5.097764000000000184e-01,1.579447999999999963e+00,1.261028999999999956e+00,4.904037651772277621e-03,0.000000000000000000e+00
-5.097764000000000184e-01,1.579447999999999963e+00,1.261028999999999956e+00,4.904037651772277621e-03,2.965697787640894645e-01
-5.111151000000000444e-01,1.577102999999999922e+00,1.258752000000000093e+00,5.214075369612504104e-03,6.951636923189968842e-01
-5.141907000000000005e-01,1.572953999999999963e+00,1.253683000000000103e+00,6.079782006782719073e-03,0.000000000000000000e+00
-5.141907000000000005e-01,1.572953999999999963e+00,1.253683000000000103e+00,6.079782006782719073e-03,2.990596454698166706e-01
-5.155971000000000304e-01,1.570716999999999919e+00,1.251524000000000081e+00,6.783753814076584794e-03,2.943457428894854511e-01
-5.170057000000000125e-01,1.568810000000000038e+00,1.249357999999999969e+00,6.912335422995660554e-03,0.000000000000000000e+00
-5.170057000000000125e-01,1.568810000000000038e+00,1.249357999999999969e+00,6.912335422995660554e-03,5.874406813536862115e-01
-5.200643999999999822e-01,1.564818000000000042e+00,1.244926999999999895e+00,7.866332881336774580e-03,2.809664497187725485e-01
-5.216311999999999616e-01,1.563096000000000041e+00,1.242933000000000066e+00,8.122057475787711547e-03,5.719263789688721067e-01
-5.247929000000000066e-01,1.559642999999999891e+00,1.238807999999999909e+00,8.712090516058769094e-03,2.377887050172310945e-01
-5.262556000000000456e-01,1.558233999999999897e+00,1.237009000000000025e+00,8.949550804928731867e-03,0.000000000000000000e+00
-5.262556000000000456e-01,1.558233999999999897e+00,1.237009000000000025e+00,8.949550804928731867e-03,2.695556110731316957e-01
-5.279186000000000156e-01,1.556872000000000034e+00,1.234998000000000040e+00,8.969723895416094328e-03,4.226693569965582764e-01
-5.308218000000000103e-01,1.554194999999999993e+00,1.231883000000000061e+00,9.311113897380913704e-03,0.000000000000000000e+00
-5.308218000000000103e-01,1.554194999999999993e+00,1.231883000000000061e+00,9.311113897380913704e-03,2.081471049585005562e-01
-5.322757000000000183e-01,1.553185999999999956e+00,1.230460000000000109e+00,9.455645911834958603e-03,3.594220722882998098e-01
-5.348028999999999700e-01,1.551110999999999907e+00,1.227985000000000104e+00,9.701743184088226085e-03,0.000000000000000000e+00
-5.348028999999999700e-01,1.551110999999999907e+00,1.227985000000000104e+00,9.701743184088226085e-03,1.939615245571707225e-01
-5.362213000000000118e-01,1.550162000000000040e+00,1.226576000000000111e+00,9.467685250894138788e-03,1.523551909153664508e-01
-5.373126999999999764e-01,1.549088999999999938e+00,1.225845999999999991e+00,9.688318362337250064e-03,0.000000000000000000e+00
-5.373126999999999764e-01,1.549088999999999938e+00,1.225845999999999991e+00,9.688318362337250064e-03,3.129735550494200935e-01
-5.394309000000000465e-01,1.547668000000000044e+00,1.223818999999999990e+00,9.619054022615751431e-03,2.427490300500499409e-01
-5.413658999999999555e-01,1.546187999999999896e+00,1.222496000000000027e+00,9.746392547501947848e-03,0.000000000000000000e+00
-5.413658999999999555e-01,1.546187999999999896e+00,1.222496000000000027e+00,9.746392547501947848e-03,2.351413125390107994e-01
-5.432850999999999653e-01,1.545050000000000034e+00,1.221230000000000038e+00,9.515048620474798186e-03,9.137448586122901006e-02
-5.441873000000000404e-01,1.544661999999999979e+00,1.220879999999999965e+00,9.431478531492284295e-03,0.000000000000000000e+00
-5.441873000000000404e-01,1.544661999999999979e+00,1.220879999999999965e+00,9.431478531492284295e-03,1.955934055750556955e-01
-5.457231999999999639e-01,1.543347999999999942e+00,1.219934000000000074e+00,9.403170105873834630e-03,7.149023685503504144e-02
-5.463985999999999565e-01,1.543087000000000097e+00,1.219762000000000013e+00,9.204102131115100144e-03,0.000000000000000000e+00
-5.463985999999999565e-01,1.543087000000000097e+00,1.219762000000000013e+00,9.204102131115100144e-03,9.027620498961275164e-02
-5.471198999999999923e-01,1.542604000000000086e+00,1.219402000000000097e+00,9.266757914718431674e-03,1.290034089957649843e-01
-5.483797000000000255e-01,1.541978000000000071e+00,1.219446000000000030e+00,9.200291282888651070e-03,0.000000000000000000e+00
-5.483797000000000255e-01,1.541978000000000071e+00,1.219446000000000030e+00,9.200291282888651070e-03,5.983388787333672465e-02
-5.490555999999999770e-01,1.542146000000000017e+00,1.219594000000000067e+00,8.763278886352870653e-03,1.358042377753690688e-01
-5.503681000000000267e-01,1.542407000000000084e+00,1.220229999999999926e+00,8.003744941588123579e-03,0.000000000000000000e+00
-5.503681000000000267e-01,1.542407000000000084e+00,1.220229999999999926e+00,8.003744941588123579e-03,7.544526920788693913e-02
-5.511340999999999601e-01,1.542615999999999987e+00,1.220447000000000060e+00,7.633960013649450892e-03,8.858974220385296139e-02
-5.517241999999999980e-01,1.543117000000000072e+00,1.221097000000000099e+00,6.985097181857787517e-03,2.379624463798504230e-01
-5.529494000000000353e-01,1.544772000000000034e+00,1.222682000000000047e+00,5.387492923429124635e-03,1.201475856400743975e-01
-5.534700999999999649e-01,1.545509999999999939e+00,1.223632000000000053e+00,5.020679126373233173e-03,0.000000000000000000e+00
-5.534700999999999649e-01,1.545509999999999939e+00,1.223632000000000053e+00,5.020679126373233173e-03,1.248365215679967388e-01
-5.540294999999999526e-01,1.546384999999999899e+00,1.224604999999999944e+00,4.907263311663610968e-03,2.607920034316979496e-01
-5.553432000000000368e-01,1.547876000000000030e+00,1.226644999999999985e+00,6.095727441413350753e-03,0.000000000000000000e+00
-5.553432000000000368e-01,1.547876000000000030e+00,1.226644999999999985e+00,6.095727441413350753e-03,0.000000000000000000e+00
