-5.518927999999999612e-01,1.616657000000000011e+00,1.449661000000000088e+00,2.109316830160833708e-03,1.759890787039279300e-02
-5.519439999999999902e-01,1.616719000000000017e+00,1.449476999999999904e+00,2.238349224316966632e-03,3.446685683182078297e-02
-5.520163000000000153e-01,1.616786000000000056e+00,1.449132000000000087e+00,2.508207495403792352e-03,0.000000000000000000e+00
-5.520163000000000153e-01,1.616786000000000056e+00,1.449132000000000087e+00,2.508207495403792352e-03,1.398120534450638872e-02
-5.519564000000000137e-01,1.616913999999999962e+00,1.449205999999999994e+00,2.378028891750529668e-03,1.750345684474039973e-02
-5.518085999999999824e-01,1.616948000000000052e+00,1.449306999999999901e+00,2.207547057256167063e-03,4.215702427078477088e-02
-5.513677999999999635e-01,1.616789999999999949e+00,1.449416999999999955e+00,1.937355868187280727e-03,1.287649150424897623e-02
-5.512736000000000303e-01,1.616719000000000017e+00,1.449319000000000024e+00,1.871611134824723889e-03,0.000000000000000000e+00
-5.512736000000000303e-01,1.616719000000000017e+00,1.449319000000000024e+00,1.871611134824723889e-03,4.024963530422765584e-02
-5.510042000000000550e-01,1.617016000000000009e+00,1.449140000000000095e+00,1.871703619700428945e-03,1.838996808808123287e-02
-5.508134000000000086e-01,1.617035999999999918e+00,1.449224999999999985e+00,1.708646833023023904e-03,0.000000000000000000e+00
-5.508134000000000086e-01,1.617035999999999918e+00,1.449224999999999985e+00,1.708646833023023904e-03,2.970376275016545914e-02
-5.506562999999999874e-01,1.617248999999999937e+00,1.449411999999999923e+00,1.654704145761303315e-03,5.632504425060992637e-02
-5.501291999999999849e-01,1.617372999999999950e+00,1.449807999999999986e+00,1.345735668695792128e-03,0.000000000000000000e+00
-5.501291999999999849e-01,1.617372999999999950e+00,1.449807999999999986e+00,1.345735668695792128e-03,3.247421587129201842e-02
-5.499332000000000109e-01,1.617382000000000097e+00,1.450102999999999920e+00,1.180947115666110270e-03,3.206219417806402405e-02
-5.497570000000000512e-01,1.617494999999999905e+00,1.450422000000000100e+00,1.063004350884699757e-03,0.000000000000000000e+00
-5.497570000000000512e-01,1.617494999999999905e+00,1.450422000000000100e+00,1.063004350884699757e-03,7.167397842010254927e-02
-5.494782999999999751e-01,1.617726999999999915e+00,1.451154999999999973e+00,1.146893212116968045e-03,3.471942656134440613e-02
-5.494288999999999978e-01,1.617901999999999951e+00,1.451526000000000094e+00,1.312922754772722841e-03,0.000000000000000000e+00
-5.494288999999999978e-01,1.617901999999999951e+00,1.451526000000000094e+00,1.312922754772722841e-03,1.140852444338059796e-01
-5.498125999999999847e-01,1.618811999999999918e+00,1.452374000000000054e+00,1.793099620768489168e-03,4.567489549730014559e-02
-5.499327000000000520e-01,1.619204000000000088e+00,1.452695000000000070e+00,1.761154098879436775e-03,0.000000000000000000e+00
-5.499327000000000520e-01,1.619204000000000088e+00,1.452695000000000070e+00,1.761154098879436775e-03,1.130003120419676155e-01
-5.505111000000000310e-01,1.620209999999999928e+00,1.453257000000000021e+00,1.978081393674079903e-03,5.923554240735388887e-02
-5.508231999999999573e-01,1.620695999999999914e+00,1.453608000000000011e+00,1.788355280697867013e-03,0.000000000000000000e+00
-5.508231999999999573e-01,1.620695999999999914e+00,1.453608000000000011e+00,1.788355280697867013e-03,1.624561056259822833e-01
-5.516495999999999622e-01,1.622011000000000092e+00,1.454461999999999922e+00,1.868436193719286501e-03,9.161861177952000668e-02
-5.521374000000000004e-01,1.622878000000000043e+00,1.454917000000000016e+00,1.841116696464465373e-03,0.000000000000000000e+00
-5.521374000000000004e-01,1.622878000000000043e+00,1.454917000000000016e+00,1.841116696464465373e-03,8.840172810398284897e-02
-5.525506000000000029e-01,1.623598000000000097e+00,1.455408000000000035e+00,1.915427106417843216e-03,1.760082098552061824e-01
-5.533590000000000453e-01,1.625083999999999973e+00,1.456487000000000087e+00,2.145088485354338607e-03,0.000000000000000000e+00
-5.533590000000000453e-01,1.625083999999999973e+00,1.456487000000000087e+00,2.145088485354338607e-03,1.014225472388008698e-01
-5.538355999999999835e-01,1.625979000000000063e+00,1.456930000000000058e+00,2.156909152004306534e-03,9.950408856215788023e-02
-5.543236999999999748e-01,1.626964000000000077e+00,1.457370000000000054e+00,2.118141829528906537e-03,0.000000000000000000e+00
-5.543236999999999748e-01,1.626964000000000077e+00,1.457370000000000054e+00,2.118141829528906537e-03,3.083525663150439300e-01
-5.559629999999999850e-01,1.629788999999999932e+00,1.458677999999999919e+00,2.167106183369783574e-03,0.000000000000000000e+00
-5.559629999999999850e-01,1.629788999999999932e+00,1.458677999999999919e+00,2.167106183369783574e-03,2.320678673442480855e-01
-5.570182999999999662e-01,1.631731999999999960e+00,1.459656999999999982e+00,2.148583682335912081e-03,1.112811343891039195e-01
-5.575413999999999648e-01,1.632738000000000023e+00,1.460091000000000028e+00,2.300890003889912144e-03,0.000000000000000000e+00
-5.575413999999999648e-01,1.632738000000000023e+00,1.460091000000000028e+00,2.300890003889912144e-03,1.101380020437017077e-01
-5.579872000000000165e-01,1.633680000000000021e+00,1.460569000000000006e+00,2.242082076998885409e-03,2.308671925029900651e-01
-5.591464000000000434e-01,1.635920999999999959e+00,1.461325999999999903e+00,2.241403899345175473e-03,0.000000000000000000e+00
-5.591464000000000434e-01,1.635920999999999959e+00,1.461325999999999903e+00,2.241403899345175473e-03,1.164339345062848363e-01
-5.595871999999999513e-01,1.636988000000000110e+00,1.461856000000000044e+00,2.332006906079028830e-03,2.205508504032511197e-01
-5.606560999999999906e-01,1.639070000000000027e+00,1.462415000000000020e+00,2.194532651841825648e-03,0.000000000000000000e+00
-5.606560999999999906e-01,1.639070000000000027e+00,1.462415000000000020e+00,2.194532651841825648e-03,1.065121220216640879e-01
-5.611519999999999841e-01,1.640033000000000074e+00,1.462652000000000063e+00,2.197943468335875235e-03,9.712164784250799932e-02
-5.616316999999999560e-01,1.640943000000000040e+00,1.462906000000000040e+00,2.090667357567991755e-03,0.000000000000000000e+00
-5.616316999999999560e-01,1.640943000000000040e+00,1.462906000000000040e+00,2.090667357567991755e-03,2.096770547376289873e-01
-5.624875999999999765e-01,1.642883000000000093e+00,1.463424000000000058e+00,2.121726947559526497e-03,1.868748682964509189e-01
-5.632295999999999969e-01,1.644749000000000017e+00,1.463786999999999949e+00,2.092381717086960052e-03,0.000000000000000000e+00
-5.632295999999999969e-01,1.644749000000000017e+00,1.463786999999999949e+00,2.092381717086960052e-03,1.828986870673669496e-01
-5.640218000000000176e-01,1.646468999999999960e+00,1.464002000000000026e+00,1.897883033803580977e-03,9.232080990855519309e-02
-5.644953000000000332e-01,1.647405999999999926e+00,1.464075999999999933e+00,1.749718160161716071e-03,0.000000000000000000e+00
-5.644953000000000332e-01,1.647405999999999926e+00,1.464075999999999933e+00,1.749718160161716071e-03,1.517780868869077759e-01
-5.650827999999999962e-01,1.648862000000000050e+00,1.464266000000000068e+00,1.862203490491877575e-03,6.823107804776641638e-02
-5.652751999999999777e-01,1.649612000000000078e+00,1.464347000000000065e+00,1.704922625810469192e-03,0.000000000000000000e+00
-5.652751999999999777e-01,1.649612000000000078e+00,1.464347000000000065e+00,1.704922625810469192e-03,7.640831170131873185e-02
-5.655088000000000337e-01,1.650409000000000015e+00,1.464426999999999923e+00,1.885988398691846582e-03,1.440303092116045069e-01
-5.657786999999999678e-01,1.651956999999999898e+00,1.464423000000000030e+00,1.992347913894591729e-03,0.000000000000000000e+00
-5.657786999999999678e-01,1.651956999999999898e+00,1.464423000000000030e+00,1.992347913894591729e-03,6.241787843404556640e-02
-5.659437000000000495e-01,1.652617000000000003e+00,1.464393000000000056e+00,2.227638258335542295e-03,1.465328706104169210e-01
-5.663232999999999739e-01,1.654158999999999935e+00,1.464577000000000018e+00,2.335628609175684472e-03,0.000000000000000000e+00
-5.663232999999999739e-01,1.654158999999999935e+00,1.464577000000000018e+00,2.335628609175684472e-03,5.963517493853518620e-02
-5.664768000000000026e-01,1.654787999999999926e+00,1.464512999999999954e+00,2.542291724015914404e-03,7.678544972287820736e-02
-5.667037999999999798e-01,1.655588999999999977e+00,1.464420000000000055e+00,2.474528401534318960e-03,1.467484126581796167e-01
-5.671300999999999704e-01,1.657283999999999979e+00,1.464414000000000105e+00,2.774233270653429437e-03,9.117938097234061512e-02
-5.673462999999999701e-01,1.658206000000000069e+00,1.464350000000000041e+00,2.980740907895368646e-03,0.000000000000000000e+00
-5.673462999999999701e-01,1.658206000000000069e+00,1.464350000000000041e+00,2.980740907895368646e-03,6.776840554050823917e-02
-5.675434999999999786e-01,1.658987999999999907e+00,1.464318000000000008e+00,3.131257312965503910e-03,1.397603802174425258e-01
-5.679146999999999945e-01,1.660393000000000008e+00,1.464247999999999994e+00,3.402406113326241367e-03,0.000000000000000000e+00
-5.679146999999999945e-01,1.660393000000000008e+00,1.464247999999999994e+00,3.402406113326241367e-03,7.908026175828899995e-02
-5.683055000000000190e-01,1.661248999999999976e+00,1.464207999999999954e+00,3.318197072206470997e-03,1.744570668631554300e-01
-5.689695000000000169e-01,1.662840000000000096e+00,1.464056999999999942e+00,3.438448517863844020e-03,0.000000000000000000e+00
-5.689695000000000169e-01,1.662840000000000096e+00,1.464056999999999942e+00,3.438448517863844020e-03,8.598752349372536241e-02
-5.692734999999999879e-01,1.663758999999999988e+00,1.463897000000000004e+00,3.587910814108915408e-03,8.907215431743956136e-02
-5.696044000000000107e-01,1.664619000000000071e+00,1.463786000000000032e+00,3.701181703186166416e-03,0.000000000000000000e+00
-5.696044000000000107e-01,1.664619000000000071e+00,1.463786000000000032e+00,3.701181703186166416e-03,1.658609913084490295e-01
-5.704529000000000405e-01,1.666284000000000098e+00,1.463497999999999966e+00,3.793478219259975928e-03,8.815509139313087994e-02
-5.708792000000000311e-01,1.667130000000000001e+00,1.463327000000000044e+00,3.803512704067052701e-03,2.001469792039609341e-01
-5.718240999999999463e-01,1.669032999999999989e+00,1.462822999999999984e+00,4.092409589716116194e-03,9.684980705408431645e-02
-5.723409999999999886e-01,1.669996999999999954e+00,1.462666000000000022e+00,4.159911614445699693e-03,1.089590088809705842e-01
-5.729526999999999815e-01,1.670998999999999901e+00,1.462479000000000084e+00,4.235409284827107088e-03,0.000000000000000000e+00
-5.729526999999999815e-01,1.670998999999999901e+00,1.462479000000000084e+00,4.235409284827107088e-03,1.858783485327521190e-01
-5.740602000000000205e-01,1.673019999999999952e+00,1.462517000000000067e+00,4.095208053322823075e-03,1.241589909782211121e-01
-5.746812999999999505e-01,1.674082999999999988e+00,1.462480999999999920e+00,3.933720886133316823e-03,0.000000000000000000e+00
-5.746812999999999505e-01,1.674082999999999988e+00,1.462480999999999920e+00,3.933720886133316823e-03,1.050005310526068852e-01
-5.753464999999999829e-01,1.675138999999999934e+00,1.462560000000000082e+00,3.742810419991827401e-03,2.539687687046255360e-01
-5.765951000000000271e-01,1.677467999999999959e+00,1.462477999999999945e+00,3.602554976679870225e-03,0.000000000000000000e+00
-5.765951000000000271e-01,1.677467999999999959e+00,1.462477999999999945e+00,3.602554976679870225e-03,1.105404040140601507e-01
-5.771813000000000082e-01,1.678584000000000076e+00,1.462436999999999987e+00,3.546021614429302905e-03,2.338283498646787362e-01
-5.783435999999999577e-01,1.680720999999999909e+00,1.462523999999999935e+00,3.212495274704802849e-03,0.000000000000000000e+00
-5.783435999999999577e-01,1.680720999999999909e+00,1.462523999999999935e+00,3.212495274704802849e-03,1.149767696716456761e-01
-5.790001999999999649e-01,1.681858000000000075e+00,1.462536000000000058e+00,3.121391178625219053e-03,1.316387509127969757e-01
-5.796797000000000200e-01,1.683048000000000100e+00,1.462525000000000075e+00,3.039873589476891572e-03,2.352543905863954121e-01
-5.810537000000000063e-01,1.685348000000000068e+00,1.462360000000000104e+00,2.898513965810740542e-03,7.126839837491319440e-02
-5.814135000000000275e-01,1.686115999999999948e+00,1.462361000000000022e+00,2.793156245182216307e-03,0.000000000000000000e+00
-5.814135000000000275e-01,1.686115999999999948e+00,1.462361000000000022e+00,2.793156245182216307e-03,2.385145605151944848e-01
-5.825960999999999501e-01,1.688390999999999975e+00,1.461916999999999911e+00,3.124627947452439033e-03,1.058770839335061165e-01
-5.830969999999999764e-01,1.689546999999999910e+00,1.461970999999999909e+00,2.785924487490762120e-03,0.000000000000000000e+00
-5.830969999999999764e-01,1.689546999999999910e+00,1.461970999999999909e+00,2.785924487490762120e-03,1.255366210109080949e-01
-5.837164000000000241e-01,1.690747999999999918e+00,1.461748000000000047e+00,2.879530024153267864e-03,2.128045357097044787e-01
-5.848261999999999627e-01,1.692989999999999995e+00,1.461341000000000001e+00,2.997408922719802925e-03,0.000000000000000000e+00
-5.848261999999999627e-01,1.692989999999999995e+00,1.461341000000000001e+00,2.997408922719802925e-03,1.163151455172981297e-01
-5.853340999999999683e-01,1.694158000000000053e+00,1.460968000000000044e+00,3.186974284489881275e-03,1.030889185579278444e-01
-5.858145000000000158e-01,1.695181000000000049e+00,1.460641999999999996e+00,3.401439473223121304e-03,0.000000000000000000e+00
-5.858145000000000158e-01,1.695181000000000049e+00,1.460641999999999996e+00,3.401439473223121304e-03,1.770712968273763510e-01
-5.863922000000000301e-01,1.696974999999999900e+00,1.459918999999999967e+00,3.679858591033044381e-03,9.568869217669181970e-02
-5.868077000000000432e-01,1.697937000000000030e+00,1.459470999999999963e+00,3.819182531642222392e-03,2.162262864424453479e-01
-5.873933000000000071e-01,1.699842000000000075e+00,1.458677999999999919e+00,4.089297685422368586e-03,8.962035047282863875e-02
-5.876639000000000168e-01,1.700727000000000100e+00,1.458242999999999956e+00,4.330719525667768230e-03,8.992057143032666788e-02
-5.878913000000000055e-01,1.701618000000000075e+00,1.457789999999999919e+00,4.437613350665018698e-03,0.000000000000000000e+00
-5.878913000000000055e-01,1.701618000000000075e+00,1.457789999999999919e+00,4.437613350665018698e-03,1.972058863783889282e-01
-5.882477999999999874e-01,1.703646999999999911e+00,1.456884999999999986e+00,4.687919363641042218e-03,7.374923449574319334e-02
-5.882277000000000200e-01,1.704504000000000019e+00,1.456696999999999909e+00,4.584974352163880863e-03,0.000000000000000000e+00
-5.882277000000000200e-01,1.704504000000000019e+00,1.456696999999999909e+00,4.584974352163880863e-03,1.932635111909256076e-01
-5.885359999999999481e-01,1.706488999999999923e+00,1.456050000000000066e+00,4.556524644945924955e-03,9.581556212281064355e-02
-5.887236999999999609e-01,1.707446000000000019e+00,1.455557999999999907e+00,4.747711870996478879e-03,0.000000000000000000e+00
-5.887236999999999609e-01,1.707446000000000019e+00,1.455557999999999907e+00,4.747711870996478879e-03,9.917346393361102519e-02
-5.888571999999999695e-01,1.708418999999999910e+00,1.455103999999999953e+00,4.819430879263793266e-03,1.774549219231069952e-01
-5.890071000000000057e-01,1.710252000000000105e+00,1.454256999999999911e+00,5.028971585722100297e-03,0.000000000000000000e+00
-5.890071000000000057e-01,1.710252000000000105e+00,1.454256999999999911e+00,5.028971585722100297e-03,1.011789851619627478e-01
-5.891144000000000380e-01,1.711195999999999939e+00,1.453694999999999959e+00,5.336386282869715753e-03,8.232781557970179909e-02
-5.891530999999999851e-01,1.712058000000000080e+00,1.453230999999999939e+00,5.416512830225812640e-03,0.000000000000000000e+00
-5.891530999999999851e-01,1.712058000000000080e+00,1.453230999999999939e+00,5.416512830225812640e-03,2.469859428020501069e-01
-5.893452000000000135e-01,1.714483999999999897e+00,1.451810000000000045e+00,6.022503798255204356e-03,0.000000000000000000e+00
-5.893452000000000135e-01,1.714483999999999897e+00,1.451810000000000045e+00,6.022503798255204356e-03,1.778659238920295427e-01
-5.896472999999999853e-01,1.716024999999999912e+00,1.450828999999999924e+00,6.365479420279420049e-03,7.651711131515738507e-02
-5.894561000000000384e-01,1.716752000000000056e+00,1.450385000000000035e+00,6.585070372440880379e-03,0.000000000000000000e+00
-5.894561000000000384e-01,1.716752000000000056e+00,1.450385000000000035e+00,6.585070372440880379e-03,6.490519932947978743e-02
-5.894854000000000482e-01,1.717370999999999981e+00,1.450191999999999926e+00,6.559823552505077496e-03,1.744544132881395981e-01
-5.902958000000000371e-01,1.719043000000000099e+00,1.449478000000000044e+00,6.426601431549845873e-03,0.000000000000000000e+00
-5.902958000000000371e-01,1.719043000000000099e+00,1.449478000000000044e+00,6.426601431549845873e-03,8.384535712993959611e-02
-5.906322000000000516e-01,1.719899999999999984e+00,1.449217999999999895e+00,6.307677261877046339e-03,1.781881869418732445e-01
-5.911058999999999619e-01,1.721665000000000001e+00,1.448900000000000077e+00,5.877571655028996159e-03,0.000000000000000000e+00
-5.911058999999999619e-01,1.721665000000000001e+00,1.448900000000000077e+00,5.877571655028996159e-03,8.687610615661203739e-02
-5.914711999999999748e-01,1.722514000000000101e+00,1.448690000000000033e+00,5.605243232010549866e-03,8.237281238488622370e-02
-5.918261999999999690e-01,1.723314999999999930e+00,1.448490000000000055e+00,5.461984452559331613e-03,0.000000000000000000e+00
-5.918261999999999690e-01,1.723314999999999930e+00,1.448490000000000055e+00,5.461984452559331613e-03,2.669431477174941114e-01
-5.931556000000000051e-01,1.725883000000000056e+00,1.448144000000000098e+00,4.338892259551919463e-03,0.000000000000000000e+00
-5.931556000000000051e-01,1.725883000000000056e+00,1.448144000000000098e+00,4.338892259551919463e-03,8.982438418999494356e-02
-5.937097000000000069e-01,1.726739000000000024e+00,1.448050000000000059e+00,4.019181908050435334e-03,1.605763513060288472e-01
-5.945394000000000512e-01,1.728264999999999940e+00,1.447821999999999942e+00,3.347283945230926025e-03,8.258019436626404253e-02
-5.949583000000000510e-01,1.729133000000000031e+00,1.447626000000000079e+00,3.067618822474462055e-03,0.000000000000000000e+00
-5.949583000000000510e-01,1.729133000000000031e+00,1.447626000000000079e+00,3.067618822474462055e-03,2.056688496153376289e-01
-5.958590999999999749e-01,1.731006999999999962e+00,1.447106999999999921e+00,2.526485743082696259e-03,8.158875659923817136e-02
-5.961623000000000339e-01,1.731835000000000013e+00,1.446811000000000069e+00,2.368456334830651606e-03,0.000000000000000000e+00
-5.961623000000000339e-01,1.731835000000000013e+00,1.446811000000000069e+00,2.368456334830651606e-03,8.784051705833842427e-02
-5.964483999999999897e-01,1.732674000000000047e+00,1.446582999999999952e+00,2.153131849190951467e-03,1.867414472332107334e-01
-5.972096999999999545e-01,1.734548999999999896e+00,1.445915999999999979e+00,1.734488769061501073e-03,0.000000000000000000e+00
-5.972096999999999545e-01,1.734548999999999896e+00,1.445915999999999979e+00,1.734488769061501073e-03,9.287589299351858840e-02
-5.974962999999999802e-01,1.735513000000000083e+00,1.445785000000000098e+00,1.356905114589695418e-03,1.948033281860563071e-01
-5.981258999999999881e-01,1.737532999999999994e+00,1.445103999999999944e+00,1.036327168417371276e-03,0.000000000000000000e+00
-5.981258999999999881e-01,1.737532999999999994e+00,1.445103999999999944e+00,1.036327168417371276e-03,1.897451799821320284e-01
-5.986456999999999473e-01,1.739470999999999989e+00,1.444296000000000024e+00,9.330346403000769687e-04,0.000000000000000000e+00
-5.986456999999999473e-01,1.739470999999999989e+00,1.444296000000000024e+00,9.330346403000769687e-04,2.020573137811455533e-01
-5.992431999999999759e-01,1.741460000000000008e+00,1.443294999999999995e+00,1.093967645773842980e-03,1.382309745002420209e-01
-5.996405999999999681e-01,1.742761000000000005e+00,1.442644000000000037e+00,8.827829234867921697e-04,0.000000000000000000e+00
-5.996405999999999681e-01,1.742761000000000005e+00,1.442644000000000037e+00,8.827829234867921697e-04,1.139461603851553706e-01
-6.001488999999999852e-01,1.743861000000000105e+00,1.442032999999999898e+00,9.686576485012793076e-04,2.489613900438581717e-01
-6.004226000000000285e-01,1.746037000000000061e+00,1.440652000000000044e+00,1.028545910497036774e-03,0.000000000000000000e+00
-6.004226000000000285e-01,1.746037000000000061e+00,1.440652000000000044e+00,1.028545910497036774e-03,1.104813770377040538e-01
-6.005985999999999825e-01,1.746934999999999905e+00,1.439785000000000093e+00,8.524401738538384338e-04,2.546457380971841600e-01
-6.007576000000000027e-01,1.748663000000000078e+00,1.437780999999999976e+00,4.265071628942789178e-04,0.000000000000000000e+00
-6.007576000000000027e-01,1.748663000000000078e+00,1.437780999999999976e+00,4.265071628942789178e-04,1.205998238813281165e-01
-6.008805999999999869e-01,1.749530000000000030e+00,1.436644000000000032e+00,5.020125596038095030e-04,1.204887467224002029e-01
-6.009020999999999946e-01,1.750383000000000022e+00,1.435723000000000082e+00,1.082945778882706900e-03,0.000000000000000000e+00
-6.009020999999999946e-01,1.750383000000000022e+00,1.435723000000000082e+00,1.082945778882706900e-03,2.560297005165137474e-01
-6.012108000000000452e-01,1.752146999999999899e+00,1.433415000000000106e+00,1.189691846656102748e-03,1.159514160285875228e-01
-6.011876999999999915e-01,1.752834000000000003e+00,1.432352999999999987e+00,1.848679052729317431e-03,2.741668196638303856e-01
-6.013391000000000153e-01,1.754334999999999978e+00,1.429767000000000010e+00,2.483544845578604388e-03,1.112027319976860995e-01
-6.013302999999999843e-01,1.754996000000000000e+00,1.428684000000000065e+00,3.025765027228687759e-03,1.259824496287795248e-01
-6.014481000000000410e-01,1.755705999999999989e+00,1.427513000000000032e+00,3.259287382235594339e-03,0.000000000000000000e+00
-6.014481000000000410e-01,1.755705999999999989e+00,1.427513000000000032e+00,3.259287382235594339e-03,2.337990337634845150e-01
-6.018004000000000131e-01,1.757041999999999993e+00,1.425230999999999915e+00,3.911898050818938058e-03,1.347242355040023654e-01
-6.020767999999999676e-01,1.757843000000000044e+00,1.424029999999999907e+00,4.045974003871155925e-03,0.000000000000000000e+00
-6.020767999999999676e-01,1.757843000000000044e+00,1.424029999999999907e+00,4.045974003871155925e-03,1.156558213756551101e-01
-6.023965000000000014e-01,1.758566999999999991e+00,1.422903999999999947e+00,4.144185204596978998e-03,2.690266599675191217e-01
-6.028902999999999901e-01,1.759934000000000109e+00,1.420506999999999964e+00,4.697507888231687058e-03,0.000000000000000000e+00
-6.028902999999999901e-01,1.759934000000000109e+00,1.420506999999999964e+00,4.697507888231687058e-03,1.223183057929820849e-01
-6.031501000000000223e-01,1.760640999999999901e+00,1.419259999999999966e+00,4.864253181116352624e-03,2.647355271473670890e-01
-6.035270999999999830e-01,1.761986000000000052e+00,1.416732000000000102e+00,5.454684958821983190e-03,0.000000000000000000e+00
-6.035270999999999830e-01,1.761986000000000052e+00,1.416732000000000102e+00,5.454684958821983190e-03,1.409014543716577417e-01
-6.037396999999999903e-01,1.762636000000000092e+00,1.415276999999999896e+00,5.858087175862084980e-03,1.530580971745851282e-01
-6.039314000000000071e-01,1.763268000000000058e+00,1.413826999999999945e+00,6.185839125777493723e-03,2.781954863650522580e-01
-6.043638999999999539e-01,1.764283999999999963e+00,1.410851000000000077e+00,7.043694130923139167e-03,1.179771501926762806e-01
-6.044078000000000506e-01,1.764753000000000016e+00,1.409589999999999899e+00,7.486611679524909219e-03,0.000000000000000000e+00
-6.044078000000000506e-01,1.764753000000000016e+00,1.409589999999999899e+00,7.486611679524909219e-03,2.387595705504123034e-01
-6.045768000000000253e-01,1.765535000000000077e+00,1.407111000000000001e+00,8.239595356569292053e-03,1.197560460433971935e-01
-6.047158000000000255e-01,1.766072000000000086e+00,1.405796999999999963e+00,8.563465854430612340e-03,0.000000000000000000e+00
-6.047158000000000255e-01,1.766072000000000086e+00,1.405796999999999963e+00,8.563465854430612340e-03,1.324626273673080723e-01
-6.048578999999999484e-01,1.766569000000000056e+00,1.404446000000000083e+00,8.891938473133903856e-03,2.548307273381295035e-01
-6.050720000000000542e-01,1.767433999999999950e+00,1.401680999999999955e+00,9.632515370348451039e-03,0.000000000000000000e+00
-6.050720000000000542e-01,1.767433999999999950e+00,1.401680999999999955e+00,9.632515370348451039e-03,1.432837481241615030e-01
-6.052853999999999735e-01,1.767967000000000066e+00,1.400227000000000110e+00,9.919992310480832756e-03,1.215315293900302435e-01
-6.054753999999999969e-01,1.768443999999999905e+00,1.398875000000000091e+00,1.020490002106833570e-02,0.000000000000000000e+00
-6.054753999999999969e-01,1.768443999999999905e+00,1.398875000000000091e+00,1.020490002106833570e-02,2.422495847095050281e-01
-6.058826000000000489e-01,1.769382000000000010e+00,1.396306999999999965e+00,1.056213734099301776e-02,1.127030151256132179e-01
-6.059763000000000233e-01,1.769825999999999899e+00,1.395105000000000040e+00,1.079643423774728252e-02,0.000000000000000000e+00
-6.059763000000000233e-01,1.769825999999999899e+00,1.395105000000000040e+00,1.079643423774728252e-02,3.336203414329523276e-01
-6.066498999999999642e-01,1.771466999999999903e+00,1.391737000000000002e+00,1.082612217786234343e-02,1.100563855269847263e-01
-6.069052000000000335e-01,1.772032000000000052e+00,1.390644999999999909e+00,1.078579963470491405e-02,0.000000000000000000e+00
-6.069052000000000335e-01,1.772032000000000052e+00,1.390644999999999909e+00,1.078579963470491405e-02,2.551613085717783780e-01
-6.076534000000000102e-01,1.773263000000000034e+00,1.388114999999999988e+00,1.056116447178054481e-02,1.312525399046037544e-01
-6.080896999999999553e-01,1.773775000000000102e+00,1.386776999999999926e+00,1.052145363578619285e-02,0.000000000000000000e+00
-6.080896999999999553e-01,1.773775000000000102e+00,1.386776999999999926e+00,1.052145363578619285e-02,2.513028497057193666e-01
-6.087749000000000077e-01,1.774950999999999945e+00,1.384397000000000100e+00,1.025040397447821335e-02,9.855029453402765205e-02
-6.089814000000000060e-01,1.775490000000000013e+00,1.383431999999999995e+00,1.010892159876609214e-02,0.000000000000000000e+00
-6.089814000000000060e-01,1.775490000000000013e+00,1.383431999999999995e+00,1.010892159876609214e-02,1.176249188469191548e-01
-6.092303000000000024e-01,1.775860999999999912e+00,1.382228999999999930e+00,1.019304525448616085e-02,2.094528885115506389e-01
-6.099303000000000363e-01,1.776677000000000062e+00,1.379977999999999927e+00,1.000074943441739937e-02,0.000000000000000000e+00
-6.099303000000000363e-01,1.776677000000000062e+00,1.379977999999999927e+00,1.000074943441739937e-02,1.300505428360428928e-01
-6.103760999999999770e-01,1.777185000000000015e+00,1.378729000000000093e+00,9.844484445617234653e-03,1.124126634721824558e-01
-6.107097000000000220e-01,1.777628999999999904e+00,1.377512000000000070e+00,9.750771598186521241e-03,0.000000000000000000e+00
-6.107097000000000220e-01,1.777628999999999904e+00,1.377512000000000070e+00,9.750771598186521241e-03,3.401864389160460522e-01
-6.121271000000000351e-01,1.778955999999999982e+00,1.374349000000000043e+00,9.016411703111027950e-03,0.000000000000000000e+00
-6.121271000000000351e-01,1.778955999999999982e+00,1.374349000000000043e+00,9.016411703111027950e-03,2.122267320006235025e-01
-6.129164999999999752e-01,1.779695999999999945e+00,1.372301999999999911e+00,8.692929115666403819e-03,1.085828921169545713e-01
-6.133317999999999826e-01,1.780083000000000082e+00,1.371261000000000063e+00,8.438533393901924765e-03,0.000000000000000000e+00
-6.133317999999999826e-01,1.780083000000000082e+00,1.371261000000000063e+00,8.438533393901924765e-03,1.066806457448107176e-01
-6.138255999999999712e-01,1.780434000000000072e+00,1.370328999999999908e+00,8.196229453230265138e-03,2.092078819725280703e-01
-6.149272999999999545e-01,1.781458999999999904e+00,1.368476000000000026e+00,7.322452542693633215e-03,0.000000000000000000e+00
-6.149272999999999545e-01,1.781458999999999904e+00,1.368476000000000026e+00,7.322452542693633215e-03,1.243988728312828973e-01
-6.154931000000000152e-01,1.781822000000000017e+00,1.367296999999999985e+00,7.115836325408252810e-03,2.465945007548150381e-01
-6.165321000000000273e-01,1.782489999999999908e+00,1.364907000000000092e+00,6.643834582528476349e-03,0.000000000000000000e+00
-6.165321000000000273e-01,1.782489999999999908e+00,1.364907000000000092e+00,6.643834582528476349e-03,1.045936587533311396e-01
-6.168690000000000007e-01,1.782793999999999990e+00,1.363860000000000072e+00,6.534991330522058918e-03,1.167356150601085996e-01
-6.173332000000000264e-01,1.782982000000000067e+00,1.362689000000000039e+00,6.408205930679614255e-03,0.000000000000000000e+00
-6.173332000000000264e-01,1.782982000000000067e+00,1.362689000000000039e+00,6.408205930679614255e-03,2.459631227212407401e-01
-6.181079999999999908e-01,1.783497000000000110e+00,1.360171999999999937e+00,6.189516589362905642e-03,2.562550352257108033e-01
-6.190388000000000002e-01,1.783690999999999915e+00,1.357407000000000030e+00,6.153571077025200495e-03,0.000000000000000000e+00
-6.190388000000000002e-01,1.783690999999999915e+00,1.357407000000000030e+00,6.153571077025200495e-03,2.922852674147076169e-01
-6.198339000000000487e-01,1.783962999999999965e+00,1.354632000000000058e+00,6.084947966909765200e-03,1.473221752185040756e-01
-6.202946000000000293e-01,1.784092000000000011e+00,1.353096000000000076e+00,6.062023064951117118e-03,0.000000000000000000e+00
-6.202946000000000293e-01,1.784092000000000011e+00,1.353096000000000076e+00,6.062023064951117118e-03,3.389548293372364740e-01
-6.213851000000000235e-01,1.784518000000000049e+00,1.349944000000000033e+00,5.647808622819890968e-03,1.423816702780068000e-01
-6.221501999999999866e-01,1.784683000000000019e+00,1.348521999999999998e+00,5.411784741653990170e-03,0.000000000000000000e+00
-6.221501999999999866e-01,1.784683000000000019e+00,1.348521999999999998e+00,5.411784741653990170e-03,1.484457814712591694e-01
-6.225743000000000249e-01,1.784690000000000110e+00,1.346959000000000017e+00,5.405237567396897064e-03,3.239399345376436368e-01
-6.235251000000000543e-01,1.784912999999999972e+00,1.343558999999999948e+00,5.131676564243025512e-03,0.000000000000000000e+00
-6.235251000000000543e-01,1.784912999999999972e+00,1.343558999999999948e+00,5.131676564243025512e-03,1.620626915513316557e-01
-6.240744999999999765e-01,1.785098999999999991e+00,1.341887000000000052e+00,4.887187898986498392e-03,3.419073224550150392e-01
-6.254798999999999776e-01,1.785225000000000062e+00,1.338433999999999902e+00,4.565018467651597682e-03,0.000000000000000000e+00
-6.254798999999999776e-01,1.785225000000000062e+00,1.338433999999999902e+00,4.565018467651597682e-03,1.616778972440595930e-01
-6.260459000000000440e-01,1.785374000000000017e+00,1.336770000000000014e+00,4.330157359727184949e-03,1.520969983286796778e-01
-6.265739999999999643e-01,1.785355000000000025e+00,1.335117000000000109e+00,4.184580085265363590e-03,3.559228485047454260e-01
-6.274271000000000154e-01,1.785450999999999899e+00,1.331329999999999902e+00,3.646853944155351371e-03,1.815809233142414159e-01
-6.278373999999999899e-01,1.785285000000000011e+00,1.329398999999999997e+00,3.544109196963343787e-03,0.000000000000000000e+00
-6.278373999999999899e-01,1.785285000000000011e+00,1.329398999999999997e+00,3.544109196963343787e-03,1.727285831343677303e-01
-6.283703000000000483e-01,1.785236999999999963e+00,1.327504000000000017e+00,3.308634348186584567e-03,3.976185925657707565e-01
-6.295650000000000412e-01,1.784955999999999987e+00,1.323339000000000043e+00,2.804016504944229111e-03,0.000000000000000000e+00
-6.295650000000000412e-01,1.784955999999999987e+00,1.323339000000000043e+00,2.804016504944229111e-03,1.855846829136958975e-01
-6.299403000000000086e-01,1.784812000000000065e+00,1.321260000000000101e+00,2.462292630862504203e-03,4.003105083710592482e-01
-6.310362999999999944e-01,1.784491999999999967e+00,1.317247999999999974e+00,1.824060580134302103e-03,0.000000000000000000e+00
-6.310362999999999944e-01,1.784491999999999967e+00,1.317247999999999974e+00,1.824060580134302103e-03,1.871676039786220602e-01
-6.317186000000000190e-01,1.784224999999999950e+00,1.315244000000000080e+00,1.603780374615069396e-03,1.975475031513215241e-01
-6.321347000000000493e-01,1.783997000000000055e+00,1.313241000000000103e+00,1.252148829013604962e-03,0.000000000000000000e+00
-6.321347000000000493e-01,1.783997000000000055e+00,1.313241000000000103e+00,1.252148829013604962e-03,3.508666468079737477e-01
-6.324511000000000438e-01,1.782882000000000078e+00,1.309409000000000045e+00,1.069827761838348023e-03,1.741030122920021184e-01
-6.325939000000000423e-01,1.782485000000000097e+00,1.307557000000000080e+00,1.008257848965123278e-03,3.692388403360805094e-01
-6.326260999999999690e-01,1.781449999999999978e+00,1.303663999999999934e+00,1.640464644544405159e-03,1.775620264980400653e-01
-6.328181999999999974e-01,1.780920000000000059e+00,1.301717999999999931e+00,1.928855020471959784e-03,1.933039569654666501e-01
-6.330654999999999477e-01,1.780261000000000093e+00,1.299730000000000052e+00,2.218927725276320217e-03,0.000000000000000000e+00
-6.330654999999999477e-01,1.780261000000000093e+00,1.299730000000000052e+00,2.218927725276320217e-03,3.968010827193916290e-01
-6.335684999999999789e-01,1.778928000000000065e+00,1.295641999999999960e+00,2.902183309165755083e-03,1.987570462257500503e-01
-6.338251000000000301e-01,1.778089000000000031e+00,1.293658999999999892e+00,3.256395958724921970e-03,0.000000000000000000e+00
-6.338251000000000301e-01,1.778089000000000031e+00,1.293658999999999892e+00,3.256395958724921970e-03,1.899004538316851898e-01
-6.340084000000000275e-01,1.777360999999999969e+00,1.291727999999999987e+00,3.678540701147632250e-03,3.687631341624641457e-01
-6.343377000000000043e-01,1.775997999999999966e+00,1.287957000000000019e+00,4.584712287592307076e-03,0.000000000000000000e+00
-6.343377000000000043e-01,1.775997999999999966e+00,1.287957000000000019e+00,4.584712287592307076e-03,1.829779924303013838e-01
-6.346424000000000509e-01,1.775180999999999898e+00,1.286059999999999981e+00,4.927275835591102444e-03,4.226591931629963272e-01
-6.355345000000000022e-01,1.773684999999999956e+00,1.282014999999999905e+00,5.576093382467714465e-03,0.000000000000000000e+00
-6.355345000000000022e-01,1.773684999999999956e+00,1.282014999999999905e+00,5.576093382467714465e-03,1.720900341090007279e-01
-6.359257999999999855e-01,1.773039999999999949e+00,1.280203999999999898e+00,5.918496430682399986e-03,1.791713698295683277e-01
-6.363792000000000337e-01,1.772475999999999940e+00,1.278483000000000036e+00,6.227026468548175174e-03,3.266471129653231165e-01
-6.371354999999999658e-01,1.771003000000000105e+00,1.275144000000000055e+00,6.911115033769872976e-03,1.592093708883796643e-01
-6.375899000000000427e-01,1.770369999999999999e+00,1.273503000000000052e+00,7.272969036782686060e-03,0.000000000000000000e+00
-6.375899000000000427e-01,1.770369999999999999e+00,1.273503000000000052e+00,7.272969036782686060e-03,3.280097698214656798e-01
-6.387140999999999513e-01,1.769085000000000019e+00,1.270358000000000098e+00,7.764287540399216619e-03,1.518418541323778848e-01
-6.393385000000000318e-01,1.768480999999999970e+00,1.268858999999999959e+00,7.990754388041230311e-03,0.000000000000000000e+00
-6.393385000000000318e-01,1.768480999999999970e+00,1.268858999999999959e+00,7.990754388041230311e-03,1.631594405713861773e-01
-6.399228999999999612e-01,1.767813000000000079e+00,1.267316000000000109e+00,8.296054119881320771e-03,2.988344033851582648e-01
-6.409340000000000037e-01,1.766590000000000105e+00,1.264297999999999922e+00,9.130939099567051895e-03,0.000000000000000000e+00
-6.409340000000000037e-01,1.766590000000000105e+00,1.264297999999999922e+00,9.130939099567051895e-03,1.621684866543756098e-01
-6.416022999999999588e-01,1.765995999999999899e+00,1.262677999999999967e+00,9.545448477677674973e-03,1.548140323889973247e-01
-6.422495999999999761e-01,1.765277999999999903e+00,1.261292999999999997e+00,9.795037325605163853e-03,0.000000000000000000e+00
-6.422495999999999761e-01,1.765277999999999903e+00,1.261292999999999997e+00,9.795037325605163853e-03,2.958737313399427138e-01
-6.433248999999999773e-01,1.763910000000000089e+00,1.258399999999999963e+00,1.067073007108716720e-02,1.458490494419725503e-01
-6.436914999999999720e-01,1.763188999999999895e+00,1.256944000000000061e+00,1.114237718846388010e-02,0.000000000000000000e+00
-6.436914999999999720e-01,1.763188999999999895e+00,1.256944000000000061e+00,1.114237718846388010e-02,4.197742790768024257e-01
-6.450765000000000526e-01,1.761017000000000055e+00,1.252911000000000108e+00,1.241774325753274011e-02,1.247701963716811580e-01
-6.455488000000000337e-01,1.760420000000000096e+00,1.251708000000000043e+00,1.280944018917306963e-02,0.000000000000000000e+00
-6.455488000000000337e-01,1.760420000000000096e+00,1.251708000000000043e+00,1.280944018917306963e-02,2.640920818525754332e-01
-6.465372999999999815e-01,1.758985999999999938e+00,1.249249000000000054e+00,1.359867689005062920e-02,1.121279595582050786e-01
-6.468544000000000516e-01,1.758327999999999891e+00,1.248199999999999976e+00,1.394768081402773981e-02,0.000000000000000000e+00
-6.468544000000000516e-01,1.758327999999999891e+00,1.248199999999999976e+00,1.394768081402773981e-02,2.452267238743021105e-01
-6.474925999999999737e-01,1.756779000000000091e+00,1.246113999999999944e+00,1.456517432645433076e-02,1.032265737905707220e-01
-6.477298999999999696e-01,1.756032999999999955e+00,1.245233999999999952e+00,1.483588844660149904e-02,0.000000000000000000e+00
-6.477298999999999696e-01,1.756032999999999955e+00,1.245233999999999952e+00,1.483588844660149904e-02,1.083197905109503090e-01
-6.480555999999999539e-01,1.755287000000000042e+00,1.244304000000000077e+00,1.506729007784752584e-02,2.289155293584214934e-01
-6.488007999999999553e-01,1.753660999999999914e+00,1.242561000000000027e+00,1.543365572247869764e-02,0.000000000000000000e+00
-6.488007999999999553e-01,1.753660999999999914e+00,1.242561000000000027e+00,1.543365572247869764e-02,1.135120429080076071e-01
-6.491295999999999733e-01,1.752911000000000108e+00,1.241632000000000069e+00,1.572651804564504513e-02,1.052126841191729778e-01
-6.493096000000000423e-01,1.752073999999999909e+00,1.240717000000000070e+00,1.602114352472991388e-02,0.000000000000000000e+00
-6.493096000000000423e-01,1.752073999999999909e+00,1.240717000000000070e+00,1.602114352472991388e-02,3.457269935914140113e-01
-6.499201999999999479e-01,1.749352999999999936e+00,1.237927000000000000e+00,1.688648212654138975e-02,0.000000000000000000e+00
-6.499201999999999479e-01,1.749352999999999936e+00,1.237927000000000000e+00,1.688648212654138975e-02,1.980608340956641900e-01
-6.503670000000000284e-01,1.747759999999999980e+00,1.236536999999999997e+00,1.721885023716736643e-02,1.054510625865969775e-01
-6.505398999999999488e-01,1.746912000000000020e+00,1.235778999999999961e+00,1.746726887524209862e-02,0.000000000000000000e+00
-6.505398999999999488e-01,1.746912000000000020e+00,1.235778999999999961e+00,1.746726887524209862e-02,1.029996990021098957e-01
-6.507559000000000538e-01,1.746105999999999936e+00,1.235103999999999980e+00,1.761913939470357432e-02,1.757103540864586311e-01
-6.512369999999999548e-01,1.744507999999999948e+00,1.233992999999999896e+00,1.777518706202565330e-02,0.000000000000000000e+00
-6.512369999999999548e-01,1.744507999999999948e+00,1.233992999999999896e+00,1.777518706202565330e-02,9.220146824294019050e-02
-6.515024000000000370e-01,1.743745000000000100e+00,1.233473000000000042e+00,1.782999613039781481e-02,1.817857960064913903e-01
-6.524353000000000513e-01,1.742231000000000085e+00,1.232409000000000088e+00,1.784654582825471666e-02,0.000000000000000000e+00
-6.524353000000000513e-01,1.742231000000000085e+00,1.232409000000000088e+00,1.784654582825471666e-02,1.069459272764031188e-01
-6.529713000000000322e-01,1.741457000000000033e+00,1.231718000000000091e+00,1.799747036224801089e-02,9.177907015177981520e-02
-6.534227999999999703e-01,1.740582999999999991e+00,1.231359000000000092e+00,1.781804639375472385e-02,0.000000000000000000e+00
-6.534227999999999703e-01,1.740582999999999991e+00,1.231359000000000092e+00,1.781804639375472385e-02,1.652281299487067256e-01
-6.542369999999999575e-01,1.739015999999999895e+00,1.230996999999999897e+00,1.731224780783824704e-02,1.750594728924076970e-01
-6.551263000000000503e-01,1.737257999999999969e+00,1.230668000000000095e+00,1.671633626007799217e-02,0.000000000000000000e+00
-6.551263000000000503e-01,1.737257999999999969e+00,1.230668000000000095e+00,1.671633626007799217e-02,1.797323515834837182e-01
-6.561728000000000005e-01,1.735606999999999900e+00,1.230512999999999968e+00,1.597194166061228701e-02,8.403321183069750733e-02
-6.565446999999999811e-01,1.734730000000000105e+00,1.230404000000000053e+00,1.564110424778257860e-02,0.000000000000000000e+00
-6.565446999999999811e-01,1.734730000000000105e+00,1.230404000000000053e+00,1.564110424778257860e-02,1.931407492418933391e-01
-6.575765999999999556e-01,1.733022000000000062e+00,1.230142999999999986e+00,1.501394072320788239e-02,9.433894770175628441e-02
-6.581234999999999724e-01,1.732094999999999940e+00,1.230126999999999970e+00,1.455990676103384451e-02,0.000000000000000000e+00
-6.581234999999999724e-01,1.732094999999999940e+00,1.230126999999999970e+00,1.455990676103384451e-02,9.245853151041821816e-02
-6.585326000000000235e-01,1.731171999999999933e+00,1.230118000000000045e+00,1.418821499837088357e-02,2.161571201025960509e-01
-6.596205000000000540e-01,1.729144999999999932e+00,1.229599000000000109e+00,1.372366591294011014e-02,0.000000000000000000e+00
-6.596205000000000540e-01,1.729144999999999932e+00,1.229599000000000109e+00,1.372366591294011014e-02,9.850531001461017289e-02
-6.600827999999999696e-01,1.728180000000000049e+00,1.229498999999999898e+00,1.337701424085364736e-02,2.044638500719721252e-01
-6.611892999999999798e-01,1.726145999999999958e+00,1.229214000000000029e+00,1.275216138385954281e-02,0.000000000000000000e+00
-6.611892999999999798e-01,1.726145999999999958e+00,1.229214000000000029e+00,1.275216138385954281e-02,1.032372722521225500e-01
-6.616410999999999820e-01,1.725130999999999970e+00,1.229028999999999927e+00,1.255004022463687176e-02,9.918963153701701452e-02
-6.620359000000000105e-01,1.724026000000000058e+00,1.228901000000000021e+00,1.224688164391253206e-02,2.078319634209222222e-01
-6.627969999999999695e-01,1.721919999999999895e+00,1.228531999999999957e+00,1.186615073897171607e-02,1.218960819809480206e-01
-6.632029999999999870e-01,1.720730000000000093e+00,1.228361000000000036e+00,1.165764158867487431e-02,0.000000000000000000e+00
-6.632029999999999870e-01,1.720730000000000093e+00,1.228361000000000036e+00,1.165764158867487431e-02,1.020495856744962487e-01
-6.637132000000000032e-01,1.719640999999999975e+00,1.228185000000000082e+00,1.143089697311633519e-02,2.309322822599229330e-01
-6.649091000000000307e-01,1.717586999999999975e+00,1.227824000000000026e+00,1.100333840432067729e-02,0.000000000000000000e+00
-6.649091000000000307e-01,1.717586999999999975e+00,1.227824000000000026e+00,1.100333840432067729e-02,9.698263589976417742e-02
-6.653913999999999662e-01,1.716544000000000070e+00,1.227707000000000104e+00,1.075776501927793935e-02,2.220622029364275329e-01
-6.664004000000000039e-01,1.714461999999999930e+00,1.227668999999999899e+00,1.013378504261875507e-02,0.000000000000000000e+00
-6.664004000000000039e-01,1.714461999999999930e+00,1.227668999999999899e+00,1.013378504261875507e-02,1.002916449484134165e-01
-6.670011999999999608e-01,1.713489999999999958e+00,1.227608000000000033e+00,9.886401600683712362e-03,1.052169784957816823e-01
-6.676478000000000135e-01,1.712604999999999933e+00,1.227581000000000033e+00,9.547261022932063829e-03,0.000000000000000000e+00
-6.676478000000000135e-01,1.712604999999999933e+00,1.227581000000000033e+00,9.547261022932063829e-03,2.203190116555784894e-01
-6.689547999999999606e-01,1.710504000000000024e+00,1.227149999999999963e+00,9.272432313045054011e-03,1.058989653597905561e-01
-6.695263000000000186e-01,1.709502000000000077e+00,1.227068000000000048e+00,9.095121114641540466e-03,2.224346267350831852e-01
-6.705240999999999563e-01,1.707289999999999974e+00,1.227090999999999932e+00,8.518642932415989785e-03,9.864721875325434264e-02
-6.711768999999999652e-01,1.706390000000000073e+00,1.226922000000000068e+00,8.389856523802934410e-03,1.119692142825893244e-01
-6.717400999999999511e-01,1.705306999999999906e+00,1.226852000000000054e+00,8.196306197916131825e-03,0.000000000000000000e+00
-6.717400999999999511e-01,1.705306999999999906e+00,1.226852000000000054e+00,8.196306197916131825e-03,2.150867680516371783e-01
-6.730962000000000334e-01,1.703262000000000054e+00,1.226807999999999899e+00,7.689110339304692718e-03,1.238422921388440262e-01
-6.739429999999999588e-01,1.702231999999999967e+00,1.226590000000000069e+00,7.665669304763933663e-03,0.000000000000000000e+00
-6.739429999999999588e-01,1.702231999999999967e+00,1.226590000000000069e+00,7.665669304763933663e-03,1.126861263158732557e-01
-6.746999999999999664e-01,1.701192999999999955e+00,1.226564999999999905e+00,7.384889375610327947e-03,2.427901179762519401e-01
-6.760148999999999742e-01,1.699038000000000048e+00,1.226442999999999950e+00,7.094914914218574883e-03,0.000000000000000000e+00
-6.760148999999999742e-01,1.699038000000000048e+00,1.226442999999999950e+00,7.094914914218574883e-03,1.199161361124697206e-01
-6.765056000000000402e-01,1.697761000000000076e+00,1.226418000000000008e+00,6.902134763245363486e-03,2.538310742108615403e-01
-6.775755999999999446e-01,1.695359999999999978e+00,1.226148999999999933e+00,6.848567506420661331e-03,0.000000000000000000e+00
-6.775755999999999446e-01,1.695359999999999978e+00,1.226148999999999933e+00,6.848567506420661331e-03,1.280754931281520015e-01
-6.783850000000000158e-01,1.694220999999999977e+00,1.226140999999999925e+00,6.652612976117046155e-03,1.127343340058141047e-01
-6.790798000000000112e-01,1.693273999999999946e+00,1.226158999999999999e+00,6.539874892534268923e-03,2.432297573169615867e-01
-6.804645000000000277e-01,1.690874999999999906e+00,1.226032000000000011e+00,6.346250364585435955e-03,1.093217211183527549e-01
-6.812097999999999764e-01,1.689888000000000057e+00,1.225870000000000015e+00,6.410200976568589462e-03,0.000000000000000000e+00
-6.812097999999999764e-01,1.689888000000000057e+00,1.225870000000000015e+00,6.410200976568589462e-03,2.310143810791664976e-01
-6.824713000000000029e-01,1.687707999999999986e+00,1.225776999999999894e+00,6.354499416948773682e-03,1.084003658980043500e-01
-6.831791000000000391e-01,1.686725000000000030e+00,1.225527000000000033e+00,6.470983310131523357e-03,0.000000000000000000e+00
-6.831791000000000391e-01,1.686725000000000030e+00,1.225527000000000033e+00,6.470983310131523357e-03,1.166700171656526869e-01
-6.838140000000000329e-01,1.685561000000000087e+00,1.225408000000000053e+00,6.542467519980464663e-03,2.217312805097583772e-01
-6.850711999999999913e-01,1.683527999999999913e+00,1.225022000000000055e+00,6.836113401633831660e-03,0.000000000000000000e+00
-6.850711999999999913e-01,1.683527999999999913e+00,1.225022000000000055e+00,6.836113401633831660e-03,1.142030846465744848e-01
-6.856877999999999584e-01,1.682393000000000027e+00,1.224849999999999994e+00,7.049811699613027678e-03,1.025469983409138808e-01
-6.863046000000000424e-01,1.681407000000000096e+00,1.224722000000000088e+00,7.103356111022390840e-03,0.000000000000000000e+00
-6.863046000000000424e-01,1.681407000000000096e+00,1.224722000000000088e+00,7.103356111022390840e-03,2.020617825865949901e-01
-6.874856999999999774e-01,1.679556999999999967e+00,1.224515999999999938e+00,7.321785847728666703e-03,9.238230847590229999e-02
-6.880254999999999566e-01,1.678655000000000008e+00,1.224437999999999915e+00,7.452694834085197770e-03,2.161480270211969812e-01
-6.894057000000000102e-01,1.676887999999999934e+00,1.224224999999999897e+00,7.732455884775707618e-03,8.972369835151818018e-02
-6.899368999999999641e-01,1.676012999999999975e+00,1.224207999999999963e+00,7.769548713406806972e-03,9.036192363157531660e-02
-6.905693999999999999e-01,1.675202000000000080e+00,1.224266000000000076e+00,7.799173107451694634e-03,0.000000000000000000e+00
-6.905693999999999999e-01,1.675202000000000080e+00,1.224266000000000076e+00,7.799173107451694634e-03,1.869722447214099970e-01
-6.918826000000000143e-01,1.673535999999999913e+00,1.224491999999999914e+00,7.732857971668826227e-03,9.173801935093965632e-02
-6.925668999999999853e-01,1.672744999999999926e+00,1.224533000000000094e+00,7.762507316582656011e-03,0.000000000000000000e+00
-6.925668999999999853e-01,1.672744999999999926e+00,1.224533000000000094e+00,7.762507316582656011e-03,1.830864651861913162e-01
-6.938031000000000059e-01,1.671222999999999903e+00,1.224914000000000058e+00,7.593392835880369285e-03,9.304213484119343291e-02
-6.945478999999999958e-01,1.670474999999999932e+00,1.225027000000000088e+00,7.686067696813419017e-03,0.000000000000000000e+00
-6.945478999999999958e-01,1.670474999999999932e+00,1.225027000000000088e+00,7.686067696813419017e-03,9.961912586295371130e-02
-6.952002000000000459e-01,1.669648999999999939e+00,1.225297999999999998e+00,7.508100732542186823e-03,1.920907346235107560e-01
-6.965662999999999716e-01,1.668080999999999925e+00,1.225989999999999913e+00,7.175922422239655943e-03,0.000000000000000000e+00
-6.965662999999999716e-01,1.668080999999999925e+00,1.225989999999999913e+00,7.175922422239655943e-03,1.014038415453434594e-01
-6.971855000000000135e-01,1.667186999999999975e+00,1.226385000000000058e+00,6.998450157713415921e-03,1.082817599185988827e-01
-6.979009999999999936e-01,1.666347999999999940e+00,1.226809000000000038e+00,6.768838819177129887e-03,0.000000000000000000e+00
-6.979009999999999936e-01,1.666347999999999940e+00,1.226809000000000038e+00,6.768838819177129887e-03,3.104097133718063950e-01
-6.999222999999999972e-01,1.663756999999999930e+00,1.228129999999999944e+00,6.188969171841170527e-03,0.000000000000000000e+00
-6.999222999999999972e-01,1.663756999999999930e+00,1.228129999999999944e+00,6.188969171841170527e-03,2.342790511590259195e-01
-7.013091999999999659e-01,1.661834999999999951e+00,1.229092999999999991e+00,5.790726151356120725e-03,1.254151451547647067e-01
-7.020545000000000258e-01,1.660849000000000020e+00,1.229676999999999909e+00,5.600816734191662975e-03,0.000000000000000000e+00
-7.020545000000000258e-01,1.660849000000000020e+00,1.229676999999999909e+00,5.600816734191662975e-03,1.196183447692036605e-01
-7.027562000000000531e-01,1.659958999999999962e+00,1.230323999999999973e+00,5.332059542053217520e-03,2.546826983610088191e-01
-7.042800999999999645e-01,1.657977999999999952e+00,1.231538000000000022e+00,5.018523038703588506e-03,0.000000000000000000e+00
-7.042800999999999645e-01,1.657977999999999952e+00,1.231538000000000022e+00,5.018523038703588506e-03,1.248689798283593860e-01
-7.050296999999999814e-01,1.656946999999999948e+00,1.232180000000000053e+00,4.812061430405801567e-03,2.859845960171588652e-01
-7.065072000000000019e-01,1.654859999999999998e+00,1.233699000000000101e+00,4.386631177794646404e-03,0.000000000000000000e+00
-7.065072000000000019e-01,1.654859999999999998e+00,1.233699000000000101e+00,4.386631177794646404e-03,1.311572607056519235e-01
-7.072201000000000182e-01,1.653904999999999959e+00,1.234491000000000005e+00,4.254505701018681044e-03,1.368590287578980713e-01
-7.080045000000000366e-01,1.652838000000000029e+00,1.235438999999999954e+00,4.048123171298083182e-03,2.683115896088354990e-01
-7.088950000000000529e-01,1.651156000000000068e+00,1.237487000000000004e+00,3.719058279995178431e-03,0.000000000000000000e+00
-7.088950000000000529e-01,1.651156000000000068e+00,1.237487000000000004e+00,3.719058279995178431e-03,2.604981163407898426e-01
-7.104681000000000468e-01,1.649518000000000040e+00,1.239597000000000060e+00,4.339138942232686168e-03,0.000000000000000000e+00
-7.104681000000000468e-01,1.649518000000000040e+00,1.239597000000000060e+00,4.339138942232686168e-03,2.616622529146034881e-01
-7.117788999999999922e-01,1.648161999999999905e+00,1.241740000000000066e+00,5.267697527383285484e-03,1.281349188965987262e-01
-7.125234999999999763e-01,1.647639999999999993e+00,1.242963999999999958e+00,6.079463545412435929e-03,0.000000000000000000e+00
-7.125234999999999763e-01,1.647639999999999993e+00,1.242963999999999958e+00,6.079463545412435929e-03,2.545739862739047066e-01
-7.136592999999999964e-01,1.646481000000000083e+00,1.245217999999999936e+00,7.324435080605144754e-03,1.404415463209019999e-01
-7.142792000000000030e-01,1.645996999999999932e+00,1.246532999999999891e+00,8.250052445893737638e-03,0.000000000000000000e+00
-7.142792000000000030e-01,1.645996999999999932e+00,1.246532999999999891e+00,8.250052445893737638e-03,1.304520401160164655e-01
-7.147472000000000270e-01,1.645493000000000094e+00,1.247778999999999971e+00,8.975819236147904515e-03,2.477085336318538833e-01
-7.159672000000000258e-01,1.644392999999999994e+00,1.249924999999999953e+00,1.032797890441303906e-02,0.000000000000000000e+00
-7.159672000000000258e-01,1.644392999999999994e+00,1.249924999999999953e+00,1.032797890441303906e-02,1.274606540515259012e-01
-7.165639000000000314e-01,1.643949000000000105e+00,1.251100000000000101e+00,1.110779861223644589e-02,1.198156109139105890e-01
-7.171387999999999652e-01,1.643647000000000080e+00,1.252302999999999944e+00,1.203577538175244592e-02,0.000000000000000000e+00
-7.171387999999999652e-01,1.643647000000000080e+00,1.252302999999999944e+00,1.203577538175244592e-02,2.426514331396087409e-01
-7.183703999999999645e-01,1.642817999999999889e+00,1.254639999999999977e+00,1.360265762599351634e-02,1.238022081381165568e-01
-7.191125999999999907e-01,1.642473000000000072e+00,1.255716000000000054e+00,1.438150295518533274e-02,2.695028050599535541e-01
-7.209326999999999819e-01,1.641766999999999976e+00,1.257911000000000001e+00,1.595080681219596466e-02,1.320050361237660452e-01
-7.218997000000000330e-01,1.641366000000000103e+00,1.258901999999999965e+00,1.663875218428348401e-02,0.000000000000000000e+00
-7.218997000000000330e-01,1.641366000000000103e+00,1.258901999999999965e+00,1.663875218428348401e-02,1.312259292220948614e-01
-7.227582999999999647e-01,1.640981000000000023e+00,1.259981000000000018e+00,1.733467191526847154e-02,2.681850762874989358e-01
-7.246500999999999637e-01,1.640141000000000071e+00,1.262048999999999976e+00,1.863627205881049700e-02,0.000000000000000000e+00
-7.246500999999999637e-01,1.640141000000000071e+00,1.262048999999999976e+00,1.863627205881049700e-02,1.310497062552423708e-01
-7.254287999999999847e-01,1.639704999999999968e+00,1.263166000000000011e+00,1.930416044172851911e-02,2.702642459870824854e-01
-7.269560999999999940e-01,1.638617999999999908e+00,1.265441999999999956e+00,2.042794970524441922e-02,0.000000000000000000e+00
-7.269560999999999940e-01,1.638617999999999908e+00,1.265441999999999956e+00,2.042794970524441922e-02,1.293763186793552844e-01
-7.276920999999999529e-01,1.638093000000000021e+00,1.266526000000000041e+00,2.094276745346710517e-02,1.308798153139008047e-01
-7.284718000000000027e-01,1.637431999999999999e+00,1.267522999999999955e+00,2.129499453956259364e-02,2.360961636060947277e-01
-7.298982000000000525e-01,1.636279000000000039e+00,1.269495999999999958e+00,2.203225853969595013e-02,0.000000000000000000e+00
-7.298982000000000525e-01,1.636279000000000039e+00,1.269495999999999958e+00,2.203225853969595013e-02,1.347053087518001735e-01
-7.306962000000000179e-01,1.635607000000000033e+00,1.270532999999999912e+00,2.234433945521771547e-02,1.098492028586209868e-01
-7.314551000000000247e-01,1.634937000000000085e+00,1.271360000000000046e+00,2.249110658037983476e-02,2.559066625505272419e-01
-7.327801999999999927e-01,1.633350999999999997e+00,1.273041000000000089e+00,2.258156557925078758e-02,1.229579639884830627e-01
-7.334804999999999797e-01,1.632662999999999975e+00,1.273957000000000006e+00,2.273150556034511313e-02,0.000000000000000000e+00
-7.334804999999999797e-01,1.632662999999999975e+00,1.273957000000000006e+00,2.273150556034511313e-02,2.720645636616209617e-01
-7.349175999999999487e-01,1.630743999999999971e+00,1.275470000000000104e+00,2.234247011858807308e-02,1.342492793283357744e-01
-7.357148999999999495e-01,1.629653000000000018e+00,1.276035000000000030e+00,2.189917109481548385e-02,0.000000000000000000e+00
-7.357148999999999495e-01,1.629653000000000018e+00,1.276035000000000030e+00,2.189917109481548385e-02,1.289678615593508049e-01
-7.364165999999999768e-01,1.628565000000000040e+00,1.276585999999999999e+00,2.143522766755691714e-02,2.892835416040622776e-01
-7.381191000000000280e-01,1.626176000000000066e+00,1.277279000000000053e+00,2.003269215457571112e-02,0.000000000000000000e+00
-7.381191000000000280e-01,1.626176000000000066e+00,1.277279000000000053e+00,2.003269215457571112e-02,1.437544646019716099e-01
-7.390516000000000307e-01,1.624956000000000067e+00,1.277598000000000011e+00,1.925031707894698033e-02,2.788222112867095315e-01
-7.407403000000000182e-01,1.622478000000000087e+00,1.278108999999999940e+00,1.756081874201782106e-02,0.000000000000000000e+00
-7.407403000000000182e-01,1.622478000000000087e+00,1.278108999999999940e+00,1.756081874201782106e-02,1.288458081931688759e-01
-7.414359999999999840e-01,1.621277999999999997e+00,1.278337000000000057e+00,1.671963265146708330e-02,1.299647014294114389e-01
-7.420434999999999670e-01,1.620014999999999983e+00,1.278551999999999911e+00,1.579322917613747504e-02,0.000000000000000000e+00
-7.420434999999999670e-01,1.620014999999999983e+00,1.278551999999999911e+00,1.579322917613747504e-02,4.113458966840871089e-01
-7.439590000000000369e-01,1.615731000000000028e+00,1.278472000000000053e+00,1.218411575823229523e-02,0.000000000000000000e+00
-7.439590000000000369e-01,1.615731000000000028e+00,1.278472000000000053e+00,1.218411575823229523e-02,1.441605580166457345e-01
-7.447106999999999477e-01,1.614268000000000036e+00,1.278488000000000069e+00,1.094261827717684168e-02,2.803895039622730789e-01
-7.462647000000000030e-01,1.611634000000000011e+00,1.278556999999999944e+00,8.716185417945145064e-03,0.000000000000000000e+00
-7.462647000000000030e-01,1.611634000000000011e+00,1.278556999999999944e+00,8.716185417945145064e-03,1.332137264955979283e-01
-7.469778000000000251e-01,1.610217000000000009e+00,1.278585000000000083e+00,7.465582964511330299e-03,2.808966689139759665e-01
-7.485962000000000449e-01,1.607885999999999926e+00,1.279301999999999939e+00,5.775038809393263917e-03,0.000000000000000000e+00
-7.485962000000000449e-01,1.607885999999999926e+00,1.279301999999999939e+00,5.775038809393263917e-03,1.121971562726849503e-01
-7.494013000000000480e-01,1.606878000000000029e+00,1.279646000000000061e+00,5.038812145734260749e-03,1.334913521589348451e-01
-7.502214999999999856e-01,1.605876000000000081e+00,1.280154000000000014e+00,4.437356983610783907e-03,2.414020179776141528e-01
-7.519890999999999659e-01,1.604001999999999928e+00,1.281128999999999962e+00,3.164733758153916252e-03,0.000000000000000000e+00
-7.519890999999999659e-01,1.604001999999999928e+00,1.281128999999999962e+00,3.164733758153916252e-03,1.211260499369748583e-01
-7.528040000000000287e-01,1.603278999999999899e+00,1.281876999999999933e+00,2.846166588588725302e-03,2.501754629162960541e-01
-7.546298999999999646e-01,1.601790000000000047e+00,1.283255000000000035e+00,2.126871319567937013e-03,0.000000000000000000e+00
-7.546298999999999646e-01,1.601790000000000047e+00,1.283255000000000035e+00,2.126871319567937013e-03,2.512940355848700680e-01
-7.562972999999999502e-01,1.600619999999999932e+00,1.285090000000000066e+00,1.670941064190991938e-03,0.000000000000000000e+00
-7.562972999999999502e-01,1.600619999999999932e+00,1.285090000000000066e+00,1.670941064190991938e-03,2.578355719354248898e-01
-7.579917999999999934e-01,1.599352000000000107e+00,1.286942999999999948e+00,1.493843218011835054e-03,1.308497296519482433e-01
-7.588224000000000080e-01,1.598912000000000111e+00,1.288102999999999998e+00,1.221538783665996773e-03,0.000000000000000000e+00
-7.588224000000000080e-01,1.598912000000000111e+00,1.288102999999999998e+00,1.221538783665996773e-03,1.298659993379406852e-01
-7.596760000000000179e-01,1.598290999999999906e+00,1.289050000000000029e+00,9.256983093858182606e-04,2.640749499506588327e-01
-7.612185000000000201e-01,1.597042999999999990e+00,1.291139000000000037e+00,7.536881583254879989e-04,0.000000000000000000e+00
-7.612185000000000201e-01,1.597042999999999990e+00,1.291139000000000037e+00,7.536881583254879989e-04,1.299384334614627767e-01
-7.620150999999999453e-01,1.596324000000000076e+00,1.292162000000000033e+00,2.478149309463445449e-04,2.707629544797365284e-01
-7.636374999999999691e-01,1.595205999999999902e+00,1.294362999999999930e+00,1.166695607260176968e-03,0.000000000000000000e+00
-7.636374999999999691e-01,1.595205999999999902e+00,1.294362999999999930e+00,1.166695607260176968e-03,1.289788923509963547e-01
-7.644891999999999799e-01,1.594532000000000060e+00,1.295355999999999952e+00,1.134565225097219432e-03,1.441914670848979396e-01
-7.654079999999999773e-01,1.593925999999999954e+00,1.296480000000000077e+00,1.382770349696581117e-03,0.000000000000000000e+00
-7.654079999999999773e-01,1.593925999999999954e+00,1.296480000000000077e+00,1.382770349696581117e-03,2.769129858683491152e-01
-7.672976999999999714e-01,1.592978000000000005e+00,1.298828000000000094e+00,2.051701732708661064e-03,1.575213575302899238e-01
-7.682278000000000162e-01,1.592527000000000026e+00,1.300100999999999951e+00,2.141891969731433976e-03,2.877559833756577201e-01
-7.701280000000000348e-01,1.591671000000000058e+00,1.302637999999999963e+00,2.469957588704572125e-03,1.397527808699195739e-01
-7.709745999999999544e-01,1.591256000000000004e+00,1.303924000000000083e+00,2.757400870384936996e-03,0.000000000000000000e+00
-7.709745999999999544e-01,1.591256000000000004e+00,1.303924000000000083e+00,2.757400870384936996e-03,1.499686327450244772e-01
-7.719549999999999468e-01,1.590991999999999962e+00,1.305207000000000006e+00,2.965529768860816328e-03,3.187516165497183418e-01
-7.741299000000000374e-01,1.590389999999999970e+00,1.307852999999999932e+00,3.187854256392549501e-03,0.000000000000000000e+00
-7.741299000000000374e-01,1.590389999999999970e+00,1.307852999999999932e+00,3.187854256392549501e-03,1.540308930154698774e-01
-7.752031999999999812e-01,1.590254999999999974e+00,1.309141000000000110e+00,3.211437939615300642e-03,1.633861413349253500e-01
-7.762911000000000117e-01,1.589922999999999975e+00,1.310616000000000003e+00,3.459179540006649799e-03,2.971492670735476072e-01
-7.783921000000000312e-01,1.589614000000000082e+00,1.313258999999999954e+00,3.793262585163294492e-03,0.000000000000000000e+00
-7.783921000000000312e-01,1.589614000000000082e+00,1.313258999999999954e+00,3.793262585163294492e-03,1.445474888270819047e-01
-7.795153000000000221e-01,1.589488999999999930e+00,1.314360999999999891e+00,3.942555967897069281e-03,3.135062328838162937e-01
-7.817148999999999903e-01,1.589523999999999937e+00,1.316980000000000040e+00,3.957006954757681660e-03,0.000000000000000000e+00
-7.817148999999999903e-01,1.589523999999999937e+00,1.316980000000000040e+00,3.957006954757681660e-03,1.509900426169984433e-01
-7.827954000000000301e-01,1.589558000000000026e+00,1.318224999999999980e+00,4.040547116418659671e-03,1.613710541885624017e-01
-7.839521999999999879e-01,1.589577999999999935e+00,1.319552000000000058e+00,4.191740618168108071e-03,2.971342074634342745e-01
-7.861797999999999842e-01,1.589862000000000108e+00,1.322092000000000045e+00,4.265193665005106993e-03,1.574626616507261434e-01
-7.873284999999999867e-01,1.589971999999999941e+00,1.323466999999999949e+00,4.332041792273052735e-03,0.000000000000000000e+00
-7.873284999999999867e-01,1.589971999999999941e+00,1.323466999999999949e+00,4.332041792273052735e-03,3.163140538679972136e-01
-7.894858999999999627e-01,1.590144999999999920e+00,1.326154999999999973e+00,4.583149524071781535e-03,1.764151460882488476e-01
-7.907788999999999513e-01,1.590327000000000046e+00,1.327568999999999999e+00,4.758851798490791422e-03,0.000000000000000000e+00
-7.907788999999999513e-01,1.590327000000000046e+00,1.327568999999999999e+00,4.758851798490791422e-03,1.753804516178438244e-01
-7.919850000000000501e-01,1.590654000000000012e+00,1.329018000000000033e+00,4.796880454003306198e-03,3.493299905592067156e-01
-7.945113000000000314e-01,1.591034999999999977e+00,1.331846000000000085e+00,5.265725485628691520e-03,0.000000000000000000e+00
-7.945113000000000314e-01,1.591034999999999977e+00,1.331846000000000085e+00,5.265725485628691520e-03,1.831565573483002751e-01
-7.956505000000000383e-01,1.591488000000000014e+00,1.333423999999999943e+00,5.213255682392691805e-03,1.668194830189121403e-01
-7.967440999999999551e-01,1.592160999999999937e+00,1.334829000000000043e+00,5.010476848564373968e-03,0.000000000000000000e+00
-7.967440999999999551e-01,1.592160999999999937e+00,1.334829000000000043e+00,5.010476848564373968e-03,3.510973753459448177e-01
-7.989551999999999765e-01,1.593120000000000092e+00,1.338028999999999913e+00,4.901994900038121952e-03,1.963546523415244105e-01
-8.001947000000000365e-01,1.593706000000000067e+00,1.339674999999999949e+00,4.900438143676535963e-03,4.213667138669320855e-01
-8.028203999999999896e-01,1.595123999999999986e+00,1.343172000000000033e+00,4.777940246591545412e-03,1.962005373867771740e-01
-8.040928999999999993e-01,1.595970000000000111e+00,1.344808000000000003e+00,4.665791504128671829e-03,0.000000000000000000e+00
-8.040928999999999993e-01,1.595970000000000111e+00,1.344808000000000003e+00,4.665791504128671829e-03,2.250447543708262721e-01
-8.054023000000000154e-01,1.596665000000000001e+00,1.346624999999999961e+00,4.676774017418403387e-03,4.181238333719836109e-01
-8.075744999999999729e-01,1.598297999999999996e+00,1.350540999999999991e+00,4.335364368769994113e-03,0.000000000000000000e+00
-8.075744999999999729e-01,1.598297999999999996e+00,1.350540999999999991e+00,4.335364368769994113e-03,2.075403825301808947e-01
-8.084432999999999758e-01,1.599183999999999939e+00,1.352435000000000054e+00,4.058475497030844190e-03,4.287298142669180301e-01
-8.102787000000000184e-01,1.601067999999999936e+00,1.356308000000000069e+00,3.608970628863717584e-03,2.239807298928027379e-01
-8.114576000000000011e-01,1.602103999999999973e+00,1.358181000000000083e+00,3.455871729390398456e-03,0.000000000000000000e+00
-8.114576000000000011e-01,1.602103999999999973e+00,1.358181000000000083e+00,3.455871729390398456e-03,2.155850429914452082e-01
-8.124061000000000199e-01,1.603097999999999912e+00,1.360090000000000021e+00,3.325140581990501231e-03,4.472626699319984245e-01
-8.146299999999999653e-01,1.605266999999999999e+00,1.363852999999999982e+00,3.348829988219789201e-03,0.000000000000000000e+00
-8.146299999999999653e-01,1.605266999999999999e+00,1.363852999999999982e+00,3.348829988219789201e-03,2.115650147325683350e-01
-8.156459000000000348e-01,1.606309999999999905e+00,1.365644000000000080e+00,3.449986979685719206e-03,2.148181965250841874e-01
-8.165934000000000248e-01,1.607407999999999948e+00,1.367620000000000058e+00,3.535247397283547682e-03,4.380427296352157329e-01
-8.187562999999999924e-01,1.609790999999999972e+00,1.371153000000000066e+00,3.630715864674738565e-03,2.211731197534127225e-01
-8.196215999999999502e-01,1.611075999999999953e+00,1.373002999999999973e+00,3.764203235745937782e-03,0.000000000000000000e+00
-8.196215999999999502e-01,1.611075999999999953e+00,1.373002999999999973e+00,3.764203235745937782e-03,4.640101242701771267e-01
-8.218358000000000052e-01,1.613480999999999943e+00,1.376559000000000088e+00,4.369914662782473785e-03,2.087987257190201951e-01
-8.227704000000000129e-01,1.614795999999999898e+00,1.378311999999999982e+00,4.588671364349397770e-03,0.000000000000000000e+00
-8.227704000000000129e-01,1.614795999999999898e+00,1.378311999999999982e+00,4.588671364349397770e-03,2.190802492050518691e-01
-8.238651999999999642e-01,1.616201999999999916e+00,1.380065000000000097e+00,4.754332938488905515e-03,4.338304806875010189e-01
-8.256647999999999765e-01,1.619002000000000052e+00,1.383429999999999938e+00,5.275783013922960042e-03,0.000000000000000000e+00
-8.256647999999999765e-01,1.619002000000000052e+00,1.383429999999999938e+00,5.275783013922960042e-03,2.101660973575156244e-01
-8.264983000000000191e-01,1.620492999999999961e+00,1.385113000000000039e+00,5.595208236518092390e-03,4.645680909178310225e-01
-8.280205999999999955e-01,1.623742000000000019e+00,1.388692999999999955e+00,6.496844837303688072e-03,0.000000000000000000e+00
-8.280205999999999955e-01,1.623742000000000019e+00,1.388692999999999955e+00,6.496844837303688072e-03,2.235614531146198070e-01
-8.289739999999999887e-01,1.625383000000000022e+00,1.390393999999999908e+00,6.835409322783765618e-03,2.226097161200530639e-01
-8.297255000000000047e-01,1.627045000000000075e+00,1.392001000000000044e+00,7.223505005189580393e-03,0.000000000000000000e+00
-8.297255000000000047e-01,1.627045000000000075e+00,1.392001000000000044e+00,7.223505005189580393e-03,6.764417104386434287e-01
-8.321165999999999840e-01,1.632487999999999939e+00,1.396922999999999915e+00,8.631558535977093549e-03,0.000000000000000000e+00
-8.321165999999999840e-01,1.632487999999999939e+00,1.396922999999999915e+00,8.631558535977093549e-03,2.078839123430809566e-01
-8.328807000000000293e-01,1.634277999999999897e+00,1.398449999999999971e+00,9.066107842398628616e-03,4.998061262214484324e-01
-8.347911999999999555e-01,1.638223999999999902e+00,1.401261000000000090e+00,9.625597955452046967e-03,0.000000000000000000e+00
-8.347911999999999555e-01,1.638223999999999902e+00,1.401261000000000090e+00,9.625597955452046967e-03,2.129709153361665774e-01
-8.354460999999999693e-01,1.640128999999999948e+00,1.402619999999999978e+00,1.008651995685326021e-02,4.256230094908444728e-01
-8.369552999999999576e-01,1.643833000000000100e+00,1.404978999999999978e+00,1.073896793225494022e-02,1.988389070093578848e-01
-8.375179999999999847e-01,1.645740999999999898e+00,1.406069999999999931e+00,1.110687769852543305e-02,0.000000000000000000e+00
-8.375179999999999847e-01,1.645740999999999898e+00,1.406069999999999931e+00,1.110687769852543305e-02,2.108116607534105125e-01
-8.383197999999999483e-01,1.647766999999999982e+00,1.407089000000000034e+00,1.129046850267962157e-02,4.265031782092998380e-01
-8.393996000000000235e-01,1.651661000000000046e+00,1.409396000000000093e+00,1.228384596980940623e-02,0.000000000000000000e+00
-8.393996000000000235e-01,1.651661000000000046e+00,1.409396000000000093e+00,1.228384596980940623e-02,1.905099136572246110e-01
-8.400623999999999869e-01,1.653459000000000012e+00,1.410201000000000038e+00,1.248792677909345110e-02,3.547533816606780466e-01
-8.413173999999999930e-01,1.657010000000000094e+00,1.411683999999999939e+00,1.290037221323476861e-02,0.000000000000000000e+00
-8.413173999999999930e-01,1.657010000000000094e+00,1.411683999999999939e+00,1.290037221323476861e-02,3.738935958234234636e-01
-8.427843999999999891e-01,1.660659000000000107e+00,1.412767000000000106e+00,1.294533630154127979e-02,0.000000000000000000e+00
-8.427843999999999891e-01,1.660659000000000107e+00,1.412767000000000106e+00,1.294533630154127979e-02,3.343866200598147875e-01
-8.440018000000000242e-01,1.664285999999999932e+00,1.413872999999999935e+00,1.320255503340155012e-02,1.764667343775059294e-01
-8.447000999999999538e-01,1.665874999999999995e+00,1.414101000000000052e+00,1.302599397512542272e-02,0.000000000000000000e+00
-8.447000999999999538e-01,1.665874999999999995e+00,1.414101000000000052e+00,1.302599397512542272e-02,1.490573333320259208e-01
-8.452617999999999521e-01,1.667535999999999907e+00,1.414368999999999987e+00,1.298475831927563967e-02,3.340214114477627616e-01
-8.468434999999999713e-01,1.670622999999999969e+00,1.414657000000000053e+00,1.252026505470244661e-02,0.000000000000000000e+00
-8.468434999999999713e-01,1.670622999999999969e+00,1.414657000000000053e+00,1.252026505470244661e-02,1.368815612319371489e-01
-8.474275999999999476e-01,1.672199999999999909e+00,1.414887000000000006e+00,1.249997316837129883e-02,3.188009765943195517e-01
-8.487449000000000243e-01,1.675245000000000095e+00,1.414967000000000086e+00,1.203265478811728004e-02,0.000000000000000000e+00
-8.487449000000000243e-01,1.675245000000000095e+00,1.414967000000000086e+00,1.203265478811728004e-02,1.358010967441814210e-01
-8.494817999999999536e-01,1.676598999999999950e+00,1.414809999999999901e+00,1.163116969569256282e-02,1.436401863597596418e-01
-8.501767999999999548e-01,1.678082999999999991e+00,1.414781999999999984e+00,1.139572088505149024e-02,0.000000000000000000e+00
-8.501767999999999548e-01,1.678082999999999991e+00,1.414781999999999984e+00,1.139572088505149024e-02,2.917226292242215968e-01
-8.518421999999999938e-01,1.680932000000000093e+00,1.414347000000000021e+00,1.039117924058671587e-02,1.356394861696058884e-01
-8.523439999999999905e-01,1.682392000000000110e+00,1.414260000000000073e+00,1.024117856694250518e-02,2.631670798179759907e-01
-8.536464999999999748e-01,1.684925000000000006e+00,1.413877999999999968e+00,9.539126270261844356e-03,1.654653279873087302e-01
-8.546314000000000410e-01,1.686504999999999921e+00,1.413575000000000026e+00,8.980321199155356579e-03,0.000000000000000000e+00
-8.546314000000000410e-01,1.686504999999999921e+00,1.413575000000000026e+00,8.980321199155356579e-03,1.401165031124244342e-01
-8.553153999999999479e-01,1.687939000000000078e+00,1.413397000000000014e+00,8.707273723158251780e-03,3.228875380816131346e-01
-8.569955999999999685e-01,1.691211000000000020e+00,1.413254000000000010e+00,8.241439913024947023e-03,1.424258217397738058e-01
-8.576679000000000386e-01,1.692603000000000080e+00,1.413083000000000089e+00,7.949874024159279615e-03,0.000000000000000000e+00
-8.576679000000000386e-01,1.692603000000000080e+00,1.413083000000000089e+00,7.949874024159279615e-03,1.554951408731506113e-01
-8.582627999999999924e-01,1.694347999999999965e+00,1.412924999999999986e+00,7.827706643072376846e-03,3.227004928129417749e-01
-8.595045000000000046e-01,1.697464000000000084e+00,1.412690000000000001e+00,7.629156328847899217e-03,0.000000000000000000e+00
-8.595045000000000046e-01,1.697464000000000084e+00,1.412690000000000001e+00,7.629156328847899217e-03,1.708019311966054443e-01
-8.599501000000000506e-01,1.699187000000000003e+00,1.412676000000000043e+00,7.788282208548867082e-03,2.799489799659208300e-01
-8.609917000000000264e-01,1.702199000000000018e+00,1.412462000000000106e+00,7.700642645909557341e-03,0.000000000000000000e+00
-8.609917000000000264e-01,1.702199000000000018e+00,1.412462000000000106e+00,7.700642645909557341e-03,1.509716340371818899e-01
-8.615486999999999451e-01,1.703824000000000005e+00,1.412333999999999978e+00,7.696983757290899383e-03,1.766538984694777659e-01
-8.622425000000000228e-01,1.705611999999999906e+00,1.412144000000000066e+00,7.628337683270253536e-03,2.805897845228199627e-01
-8.630067999999999628e-01,1.708720999999999934e+00,1.412150000000000016e+00,8.089622365104597035e-03,1.646616178647320183e-01
-8.637122999999999884e-01,1.710366999999999971e+00,1.412007999999999930e+00,8.032173775510494454e-03,0.000000000000000000e+00
-8.637122999999999884e-01,1.710366999999999971e+00,1.412007999999999930e+00,8.032173775510494454e-03,3.168092950585384981e-01
-8.644372999999999641e-01,1.713560999999999890e+00,1.411621000000000015e+00,8.282747355799282424e-03,1.674196159026641317e-01
-8.649974000000000274e-01,1.715371999999999897e+00,1.411372000000000071e+00,8.354437757862593142e-03,0.000000000000000000e+00
-8.649974000000000274e-01,1.715371999999999897e+00,1.411372000000000071e+00,8.354437757862593142e-03,1.567261470076991015e-01
-8.652689000000000075e-01,1.717058999999999891e+00,1.411434999999999995e+00,8.827384776931308102e-03,2.992205240283872802e-01
-8.663564000000000265e-01,1.720574000000000048e+00,1.410957000000000017e+00,9.012378057427404554e-03,0.000000000000000000e+00
-8.663564000000000265e-01,1.720574000000000048e+00,1.410957000000000017e+00,9.012378057427404554e-03,1.324951391133846468e-01
-8.666789999999999772e-01,1.722015999999999991e+00,1.410644000000000009e+00,9.078759113447267687e-03,1.728997960782374110e-01
-8.672037000000000218e-01,1.723691000000000084e+00,1.410238000000000103e+00,9.083028966704907031e-03,0.000000000000000000e+00
-8.672037000000000218e-01,1.723691000000000084e+00,1.410238000000000103e+00,9.083028966704907031e-03,3.094875280566569131e-01
-8.685644000000000142e-01,1.726833999999999980e+00,1.409378000000000020e+00,8.883969054426085407e-03,1.707402069577093617e-01
-8.690347999999999962e-01,1.728537999999999908e+00,1.409192999999999918e+00,9.145856856522419781e-03,0.000000000000000000e+00
-8.690347999999999962e-01,1.728537999999999908e+00,1.409192999999999918e+00,9.145856856522419781e-03,4.850101753193545306e-01
-8.708818000000000392e-01,1.733641999999999905e+00,1.408115000000000006e+00,9.361578928791735102e-03,0.000000000000000000e+00
-8.708818000000000392e-01,1.733641999999999905e+00,1.408115000000000006e+00,9.361578928791735102e-03,1.695322930333192368e-01
-8.717424999999999757e-01,1.735289999999999999e+00,1.407580999999999971e+00,9.216928210634920196e-03,3.212981063376412205e-01
-8.725171000000000454e-01,1.738599000000000006e+00,1.406722000000000028e+00,9.634817266559831880e-03,1.633652123836485670e-01
-8.732535999999999632e-01,1.740256999999999943e+00,1.406293999999999933e+00,9.724650412225650797e-03,0.000000000000000000e+00
-8.732535999999999632e-01,1.740256999999999943e+00,1.406293999999999933e+00,9.724650412225650797e-03,3.104782557485821770e-01
-8.739867000000000052e-01,1.743479000000000001e+00,1.405534999999999979e+00,1.022434141106413549e-02,1.517862461743353653e-01
-8.746002000000000498e-01,1.745114999999999972e+00,1.405076999999999909e+00,1.037400807836574498e-02,0.000000000000000000e+00
-8.746002000000000498e-01,1.745114999999999972e+00,1.405076999999999909e+00,1.037400807836574498e-02,1.381331358312109236e-01
-8.749403999999999515e-01,1.746498000000000106e+00,1.404401999999999928e+00,1.038729153388891734e-02,2.933478025265685019e-01
-8.754684999999999828e-01,1.749457000000000040e+00,1.402935999999999961e+00,1.048221472829099186e-02,0.000000000000000000e+00
-8.754684999999999828e-01,1.749457000000000040e+00,1.402935999999999961e+00,1.048221472829099186e-02,1.348980865845246790e-01
-8.757376999999999523e-01,1.750720999999999972e+00,1.402099999999999902e+00,1.036838060692206465e-02,1.398909649540491240e-01
-8.758911999999999809e-01,1.752129000000000048e+00,1.401367000000000029e+00,1.050385616095357404e-02,0.000000000000000000e+00
-8.758911999999999809e-01,1.752129000000000048e+00,1.401367000000000029e+00,1.050385616095357404e-02,4.161885754486422950e-01
-8.765444999999999487e-01,1.755724000000000062e+00,1.398333999999999966e+00,9.966326314645685552e-03,0.000000000000000000e+00
-8.765444999999999487e-01,1.755724000000000062e+00,1.398333999999999966e+00,9.966326314645685552e-03,2.944054124478525103e-01
-8.769801000000000402e-01,1.757889000000000035e+00,1.396209000000000033e+00,9.564813098539876046e-03,1.387395673592290435e-01
-8.770653999999999950e-01,1.758810999999999902e+00,1.394924999999999971e+00,9.254890945332584773e-03,0.000000000000000000e+00
-8.770653999999999950e-01,1.758810999999999902e+00,1.394924999999999971e+00,9.254890945332584773e-03,1.540981196118111629e-01
-8.773634000000000155e-01,1.759854999999999947e+00,1.393542000000000058e+00,8.895970568746200749e-03,2.878729258925843970e-01
-8.772562000000000415e-01,1.761520999999999892e+00,1.390857999999999928e+00,8.634378553202148865e-03,0.000000000000000000e+00
-8.772562000000000415e-01,1.761520999999999892e+00,1.390857999999999928e+00,8.634378553202148865e-03,1.362588578284318619e-01
-8.772864000000000217e-01,1.762337000000000042e+00,1.389534999999999965e+00,8.570866254935964601e-03,2.392290769936509520e-01
-8.773978000000000055e-01,1.763946999999999932e+00,1.387046000000000001e+00,8.564306545774632781e-03,0.000000000000000000e+00
-8.773978000000000055e-01,1.763946999999999932e+00,1.387046000000000001e+00,8.564306545774632781e-03,1.469478920658590093e-01
-8.777422999999999753e-01,1.764955999999999969e+00,1.385752000000000095e+00,8.452775854120384708e-03,1.306010927331251181e-01
-8.776448000000000027e-01,1.765522000000000036e+00,1.384447999999999901e+00,8.663817108526738683e-03,0.000000000000000000e+00
-8.776448000000000027e-01,1.765522000000000036e+00,1.384447999999999901e+00,8.663817108526738683e-03,2.604039503727871296e-01
-8.778120999999999841e-01,1.767360999999999960e+00,1.382289000000000101e+00,9.003955166481012254e-03,1.177847767958708630e-01
-8.778740999999999906e-01,1.768013999999999974e+00,1.381116000000000010e+00,9.192511269506271898e-03,1.269428201531842548e-01
-8.779445000000000165e-01,1.768936999999999982e+00,1.380001999999999951e+00,9.402219631555137902e-03,2.477212935330603827e-01
-8.781455000000000233e-01,1.770402999999999949e+00,1.377887000000000084e+00,9.787570241893519749e-03,1.114694080866080322e-01
-8.781527999999999556e-01,1.771155999999999953e+00,1.376862000000000030e+00,1.005151107843992031e-02,0.000000000000000000e+00
-8.781527999999999556e-01,1.771155999999999953e+00,1.376862000000000030e+00,1.005151107843992031e-02,2.512344589451068755e-01
-8.785410000000000164e-01,1.772661999999999960e+00,1.374605000000000077e+00,1.034142121809177896e-02,1.108848845985952181e-01
-8.786551999999999696e-01,1.773447999999999913e+00,1.373690999999999995e+00,1.050584069410915623e-02,0.000000000000000000e+00
-8.786551999999999696e-01,1.773447999999999913e+00,1.373690999999999995e+00,1.050584069410915623e-02,1.409824275984959407e-01
-8.789453999999999878e-01,1.774259000000000031e+00,1.372500999999999971e+00,1.060542676369039330e-02,2.528821001519065970e-01
-8.796538999999999886e-01,1.775563999999999920e+00,1.370027000000000106e+00,1.064635410880172654e-02,0.000000000000000000e+00
-8.796538999999999886e-01,1.775563999999999920e+00,1.370027000000000106e+00,1.064635410880172654e-02,1.426257845246045597e-01
-8.799013999999999447e-01,1.776305999999999941e+00,1.368848000000000065e+00,1.078984287234991887e-02,2.549340982577542603e-01
-8.803779999999999939e-01,1.777403000000000066e+00,1.366336999999999913e+00,1.114904759385307656e-02,0.000000000000000000e+00
-8.803779999999999939e-01,1.777403000000000066e+00,1.366336999999999913e+00,1.114904759385307656e-02,1.068539925678673314e-01
-8.808061999999999836e-01,1.778164999999999996e+00,1.365486999999999895e+00,1.101428119533919350e-02,1.218873216786557218e-01
-8.809886000000000106e-01,1.778539000000000092e+00,1.364224000000000103e+00,1.129768920664753901e-02,2.214394611299499438e-01
-8.813609999999999500e-01,1.780043999999999960e+00,1.362228999999999912e+00,1.154644544611035765e-02,1.129062827547616249e-01
-8.814933000000000352e-01,1.780555000000000110e+00,1.361115999999999993e+00,1.179075045321543308e-02,0.000000000000000000e+00
-8.814933000000000352e-01,1.780555000000000110e+00,1.361115999999999993e+00,1.179075045321543308e-02,9.373246121482131654e-02
-8.815441000000000527e-01,1.781185999999999936e+00,1.360254000000000074e+00,1.198261877429136237e-02,2.340982201144356234e-01
-8.820390999999999648e-01,1.782270000000000021e+00,1.357995000000000063e+00,1.226540298930291033e-02,0.000000000000000000e+00
-8.820390999999999648e-01,1.782270000000000021e+00,1.357995000000000063e+00,1.226540298930291033e-02,9.990987385652280728e-02
-8.821219999999999617e-01,1.782815999999999956e+00,1.356940999999999953e+00,1.252470910839856288e-02,2.148152345982241307e-01
-8.826663000000000148e-01,1.783841999999999928e+00,1.355029999999999957e+00,1.261282287991078756e-02,0.000000000000000000e+00
-8.826663000000000148e-01,1.783841999999999928e+00,1.355029999999999957e+00,1.261282287991078756e-02,9.881529498357036201e-02
-8.827504999999999935e-01,1.784553000000000056e+00,1.354158999999999891e+00,1.277295068337775709e-02,1.076884469937553213e-01
-8.830402000000000529e-01,1.785066000000000042e+00,1.353204000000000073e+00,1.276156156158005615e-02,0.000000000000000000e+00
-8.830402000000000529e-01,1.785066000000000042e+00,1.353204000000000073e+00,1.276156156158005615e-02,1.962877119751349209e-01
-8.836405000000000509e-01,1.786049999999999915e+00,1.351285999999999987e+00,1.280033283200085990e-02,1.071419017299607979e-01
-8.841084999999999638e-01,1.786723999999999979e+00,1.350451999999999986e+00,1.255355854927215145e-02,2.067002245682008355e-01
-8.848627000000000020e-01,1.787808999999999982e+00,1.348500999999999950e+00,1.241203413667560027e-02,1.090608984031534029e-01
-8.853756999999999877e-01,1.788451000000000013e+00,1.347630000000000106e+00,1.215260371319659520e-02,1.063971864248295929e-01
-8.858194000000000345e-01,1.789104000000000028e+00,1.346778999999999948e+00,1.193414320175521619e-02,0.000000000000000000e+00
-8.858194000000000345e-01,1.789104000000000028e+00,1.346778999999999948e+00,1.193414320175521619e-02,1.973377739499239669e-01
-8.865591999999999917e-01,1.790610000000000035e+00,1.345429999999999904e+00,1.140191111173912038e-02,1.043075436291397984e-01
-8.870711000000000013e-01,1.791245999999999894e+00,1.344564000000000092e+00,1.108213610320675502e-02,0.000000000000000000e+00
-8.870711000000000013e-01,1.791245999999999894e+00,1.344564000000000092e+00,1.108213610320675502e-02,1.091438306163845656e-01
-8.875507999999999731e-01,1.791989999999999972e+00,1.343849999999999989e+00,1.075327850890137570e-02,2.291969468822077083e-01
-8.888428000000000440e-01,1.793317000000000050e+00,1.342170000000000085e+00,9.851742973200079689e-03,0.000000000000000000e+00
-8.888428000000000440e-01,1.793317000000000050e+00,1.342170000000000085e+00,9.851742973200079689e-03,1.059025112005400893e-01
-8.893280000000000074e-01,1.794092000000000020e+00,1.341380000000000017e+00,9.522477612995397175e-03,2.301467088237623138e-01
-8.905918999999999919e-01,1.795425999999999966e+00,1.339668999999999999e+00,8.641523071773876685e-03,0.000000000000000000e+00
-8.905918999999999919e-01,1.795425999999999966e+00,1.339668999999999999e+00,8.641523071773876685e-03,1.044182961721440844e-01
-8.910386999999999613e-01,1.796178999999999970e+00,1.338861000000000079e+00,8.301717908963179154e-03,1.342660359573287776e-01
-8.916279999999999761e-01,1.797012000000000054e+00,1.337895999999999974e+00,7.874265426057288492e-03,2.292442099112725340e-01
-8.924921000000000104e-01,1.798362000000000016e+00,1.335828999999999933e+00,7.451638493646936708e-03,1.331197742821409180e-01
-8.931620000000000115e-01,1.799155000000000060e+00,1.334721999999999964e+00,6.991806362450230135e-03,0.000000000000000000e+00
-8.931620000000000115e-01,1.799155000000000060e+00,1.334721999999999964e+00,6.991806362450230135e-03,2.436234945854539591e-01
-8.939989000000000408e-01,1.800561999999999996e+00,1.332624999999999948e+00,6.588821928842828954e-03,1.422515506551059461e-01
-8.946296999999999722e-01,1.801255999999999968e+00,1.331301999999999985e+00,6.229362151135574115e-03,0.000000000000000000e+00
-8.946296999999999722e-01,1.801255999999999968e+00,1.331301999999999985e+00,6.229362151135574115e-03,1.263299268766662486e-01
-8.950641000000000291e-01,1.801800999999999986e+00,1.329970000000000097e+00,6.103306533347271044e-03,2.972794329455199502e-01
-8.961464999999999570e-01,1.803052000000000099e+00,1.327350999999999948e+00,5.655052233180541538e-03,0.000000000000000000e+00
-8.961464999999999570e-01,1.803052000000000099e+00,1.327350999999999948e+00,5.655052233180541538e-03,1.536623890772169654e-01
-8.968601000000000489e-01,1.803541000000000061e+00,1.325825999999999949e+00,5.283713021162302591e-03,1.634379309463183105e-01
-8.976661999999999697e-01,1.804100000000000037e+00,1.324240000000000084e+00,4.841961210088389055e-03,0.000000000000000000e+00
-8.976661999999999697e-01,1.804100000000000037e+00,1.324240000000000084e+00,4.841961210088389055e-03,3.367334170222952561e-01
-8.994415000000000049e-01,1.805058000000000051e+00,1.320969999999999978e+00,3.881398902457688319e-03,1.240505254608164354e-01
-9.001266999999999463e-01,1.805539000000000005e+00,1.319463999999999970e+00,3.544085197903776904e-03,0.000000000000000000e+00
-9.001266999999999463e-01,1.805539000000000005e+00,1.319463999999999970e+00,3.544085197903776904e-03,3.361006241563777031e-01
-9.014714000000000338e-01,1.806246999999999936e+00,1.315943000000000085e+00,3.152637164343460516e-03,3.280794758627709751e-01
-9.029074000000000266e-01,1.806939000000000073e+00,1.312556000000000056e+00,2.695856235039212432e-03,0.000000000000000000e+00
-9.029074000000000266e-01,1.806939000000000073e+00,1.312556000000000056e+00,2.695856235039212432e-03,3.361925559227103566e-01
-9.038844000000000323e-01,1.807358000000000020e+00,1.309042000000000039e+00,2.804685845152658265e-03,1.581861988750400683e-01
-9.045630000000000059e-01,1.807701000000000002e+00,1.307320000000000038e+00,2.631823253943956723e-03,0.000000000000000000e+00
-9.045630000000000059e-01,1.807701000000000002e+00,1.307320000000000038e+00,2.631823253943956723e-03,2.930315178049219815e-01
-9.056539999999999591e-01,1.808192999999999939e+00,1.304197999999999968e+00,2.351095115047466006e-03,1.486511568868151834e-01
-9.062734000000000067e-01,1.808442000000000105e+00,1.302720000000000100e+00,2.128130825395722469e-03,0.000000000000000000e+00
-9.062734000000000067e-01,1.808442000000000105e+00,1.302720000000000100e+00,2.128130825395722469e-03,1.342660007521889742e-01
-9.066950999999999761e-01,1.808532999999999946e+00,1.301250000000000018e+00,2.183822483628314239e-03,2.929052012817428552e-01
-9.076693000000000122e-01,1.808902000000000010e+00,1.298229000000000077e+00,2.261866609683191916e-03,0.000000000000000000e+00
-9.076693000000000122e-01,1.808902000000000010e+00,1.298229000000000077e+00,2.261866609683191916e-03,1.382129065170235871e-01
-9.082248000000000543e-01,1.809174999999999978e+00,1.296853999999999951e+00,1.912648206022315609e-03,2.735053412820498409e-01
-9.093318000000000234e-01,1.809839999999999893e+00,1.294164000000000092e+00,1.490627398111454404e-03,0.000000000000000000e+00
-9.093318000000000234e-01,1.809839999999999893e+00,1.294164000000000092e+00,1.490627398111454404e-03,1.297247063244625076e-01
-9.098570000000000269e-01,1.810025999999999913e+00,1.292863000000000095e+00,1.603108854694523496e-03,1.160284095784538394e-01
-9.103204999999999769e-01,1.810327000000000019e+00,1.291660000000000030e+00,1.237960419399560625e-03,2.515243788105319678e-01
-9.111411999999999844e-01,1.810705999999999927e+00,1.289069000000000020e+00,1.489391355554348182e-03,1.118515936797345872e-01
-9.114864000000000299e-01,1.810905999999999905e+00,1.287797999999999998e+00,1.157497943842686035e-03,0.000000000000000000e+00
-9.114864000000000299e-01,1.810905999999999905e+00,1.287797999999999998e+00,1.157497943842686035e-03,1.343771463369552444e-01
-9.116866999999999610e-01,1.811004000000000058e+00,1.286416999999999922e+00,1.044594950207940361e-03,2.550177720433672857e-01
-9.123611000000000359e-01,1.811334000000000000e+00,1.283738000000000046e+00,1.077806684893061698e-03,0.000000000000000000e+00
-9.123611000000000359e-01,1.811334000000000000e+00,1.283738000000000046e+00,1.077806684893061698e-03,1.327086671229369685e-01
-9.129216999999999471e-01,1.811245999999999912e+00,1.282405999999999935e+00,1.244816355933623438e-03,2.762741694464133091e-01
-9.135767999999999667e-01,1.811225000000000085e+00,1.279463999999999935e+00,1.515969656688370172e-03,0.000000000000000000e+00
-9.135767999999999667e-01,1.811225000000000085e+00,1.279463999999999935e+00,1.515969656688370172e-03,1.346616959853049744e-01
-9.140667999999999571e-01,1.811420999999999948e+00,1.278021000000000074e+00,1.498519722926540702e-03,1.208767111557791096e-01
-9.144151000000000362e-01,1.811490999999999962e+00,1.276750999999999969e+00,1.587295801040194748e-03,0.000000000000000000e+00
-9.144151000000000362e-01,1.811490999999999962e+00,1.276750999999999969e+00,1.587295801040194748e-03,2.523424600854569100e-01
-9.150603000000000486e-01,1.811490000000000045e+00,1.274202000000000057e+00,1.755226811554660635e-03,1.064609393676681087e-01
-9.152829999999999577e-01,1.811473000000000111e+00,1.273007999999999917e+00,1.808853216819885854e-03,8.274619486849421612e-02
-9.152675000000000116e-01,1.811492000000000102e+00,1.272065000000000001e+00,1.711143421808939162e-03,1.787337833202673476e-01
-9.156064999999999898e-01,1.811382999999999965e+00,1.270145999999999997e+00,1.734019896079652375e-03,7.303917952348365494e-02
-9.156748999999999583e-01,1.811420000000000030e+00,1.269317000000000029e+00,1.936716293110606535e-03,0.000000000000000000e+00
-9.156748999999999583e-01,1.811420000000000030e+00,1.269317000000000029e+00,1.936716293110606535e-03,1.438162553145018452e-01
-9.154134000000000437e-01,1.811282999999999976e+00,1.267776000000000014e+00,1.712644519449428495e-03,5.967516842972121760e-02
-9.152900999999999954e-01,1.811118000000000006e+00,1.267126999999999892e+00,1.703036960843719912e-03,0.000000000000000000e+00
-9.152900999999999954e-01,1.811118000000000006e+00,1.267126999999999892e+00,1.703036960843719912e-03,3.960411354110959792e-02
-9.152670000000000528e-01,1.811036000000000090e+00,1.266702999999999912e+00,1.547044937938209762e-03,4.736038608308152514e-02
-9.151048999999999989e-01,1.810850000000000071e+00,1.266248999999999958e+00,1.431156039710655388e-03,0.000000000000000000e+00
-9.151048999999999989e-01,1.810850000000000071e+00,1.266248999999999958e+00,1.431156039710655388e-03,4.153347210204692830e-02
-9.149353999999999543e-01,1.810589000000000004e+00,1.265978999999999965e+00,1.343672192166002911e-03,2.817487986939503156e-02
-9.146919000000000022e-01,1.810405000000000042e+00,1.265878000000000059e+00,1.362089574881210048e-03,0.000000000000000000e+00
-9.146919000000000022e-01,1.810405000000000042e+00,1.265878000000000059e+00,1.362089574881210048e-03,1.433259831395658837e-02
-9.146942999999999602e-01,1.810432000000000041e+00,1.266032000000000046e+00,1.303026189299407844e-03,2.148282928144672199e-02
-9.147992000000000345e-01,1.810516000000000014e+00,1.266237000000000057e+00,1.236961503038786154e-03,0.000000000000000000e+00
