-8.366730000000000000e-01,1.571728000000000014e+00,1.473349999999999937e+00,3.748090980752662605e-03,5.757470250026065078e-02
-8.367807999999999913e-01,1.571356999999999893e+00,1.472854000000000108e+00,3.396930068459003919e-03,0.000000000000000000e+00
-8.367807999999999913e-01,1.571356999999999893e+00,1.472854000000000108e+00,3.396930068459003919e-03,3.128607733362191723e-02
-8.368309000000000442e-01,1.571171000000000095e+00,1.472590999999999983e+00,3.176204898932034892e-03,4.607970530228513995e-02
-8.370646999999999949e-01,1.571339999999999959e+00,1.472151999999999905e+00,2.761926834657208417e-03,0.000000000000000000e+00
-8.370646999999999949e-01,1.571339999999999959e+00,1.472151999999999905e+00,2.761926834657208417e-03,8.284034882420185375e-02
-8.366961000000000537e-01,1.570813000000000015e+00,1.471516999999999964e+00,2.260591949025698034e-03,0.000000000000000000e+00
-8.366961000000000537e-01,1.570813000000000015e+00,1.471516999999999964e+00,2.260591949025698034e-03,1.278720177225213805e-01
-8.359649000000000107e-01,1.569762000000000102e+00,1.470820000000000016e+00,1.915005524796272200e-03,5.609618132871473095e-02
-8.358501999999999876e-01,1.569277999999999951e+00,1.470512999999999959e+00,1.846959200957132893e-03,0.000000000000000000e+00
-8.358501999999999876e-01,1.569277999999999951e+00,1.470512999999999959e+00,1.846959200957132893e-03,3.194896011239353739e-02
-8.357493999999999756e-01,1.569056000000000006e+00,1.470242000000000049e+00,1.653460495445964896e-03,7.454892314654248953e-02
-8.354304000000000174e-01,1.568532000000000037e+00,1.469708000000000014e+00,1.594091092127410039e-03,0.000000000000000000e+00
-8.354304000000000174e-01,1.568532000000000037e+00,1.469708000000000014e+00,1.594091092127410039e-03,1.930321902601908612e-02
-8.354802000000000062e-01,1.568349999999999911e+00,1.469576999999999911e+00,1.584056908699928157e-03,5.355925869401630818e-02
-8.353066000000000102e-01,1.568111999999999950e+00,1.469103000000000048e+00,1.692281244356249985e-03,0.000000000000000000e+00
-8.353066000000000102e-01,1.568111999999999950e+00,1.469103000000000048e+00,1.692281244356249985e-03,1.744936145056512344e-02
-8.351169000000000509e-01,1.568095000000000017e+00,1.469044999999999934e+00,1.833979105660581751e-03,1.121283709385221920e-02
-8.350851999999999720e-01,1.568028999999999895e+00,1.468947000000000003e+00,1.889479634714305752e-03,0.000000000000000000e+00
-8.350851999999999720e-01,1.568028999999999895e+00,1.468947000000000003e+00,1.889479634714305752e-03,3.636185120477054833e-02
-8.349602000000000412e-01,1.568353000000000108e+00,1.469173999999999980e+00,1.837138070477974680e-03,3.385681184849590603e-02
-8.349509000000000514e-01,1.568689000000000000e+00,1.469279999999999919e+00,1.732714506201100350e-03,7.941228043687434401e-02
-8.351307000000000036e-01,1.569574000000000025e+00,1.469354000000000049e+00,1.526134083231291388e-03,4.341434169615706468e-02
-8.351836000000000260e-01,1.570044999999999913e+00,1.469497999999999971e+00,1.430091217370426217e-03,0.000000000000000000e+00
-8.351836000000000260e-01,1.570044999999999913e+00,1.469497999999999971e+00,1.430091217370426217e-03,5.977181426891432087e-02
-8.352074999999999916e-01,1.570719999999999894e+00,1.469587999999999894e+00,1.360464935233468174e-03,1.364783542506094183e-01
-8.351994000000000362e-01,1.572208000000000050e+00,1.470047000000000104e+00,1.399755196454050866e-03,7.846152752616272763e-02
-8.351277999999999757e-01,1.572993000000000086e+00,1.470264000000000015e+00,1.291085760126008336e-03,0.000000000000000000e+00
-8.351277999999999757e-01,1.572993000000000086e+00,1.470264000000000015e+00,1.291085760126008336e-03,8.287914705754774458e-02
-8.352656000000000525e-01,1.573865999999999987e+00,1.470598000000000072e+00,1.164859922909177109e-03,1.927868224654211704e-01
-8.352319999999999744e-01,1.575854000000000088e+00,1.471289999999999987e+00,1.162977643809285982e-03,0.000000000000000000e+00
-8.352319999999999744e-01,1.575854000000000088e+00,1.471289999999999987e+00,1.162977643809285982e-03,8.282431354694827497e-02
-8.353279000000000121e-01,1.576791999999999971e+00,1.471576999999999913e+00,9.090122386414685148e-04,1.989250766318915731e-01
-8.352956999999999743e-01,1.578745999999999983e+00,1.472267999999999910e+00,9.289873465230469524e-04,0.000000000000000000e+00
-8.352956999999999743e-01,1.578745999999999983e+00,1.472267999999999910e+00,9.289873465230469524e-04,9.558201120087995994e-02
-8.353040000000000465e-01,1.579843000000000108e+00,1.472571999999999992e+00,9.512029226194569122e-04,1.129044567727462700e-01
-8.353013999999999717e-01,1.580985000000000085e+00,1.472849999999999993e+00,8.168915227862372968e-04,2.342212425214932336e-01
-8.354382999999999670e-01,1.583499999999999908e+00,1.473281000000000063e+00,6.644698714012315516e-04,9.790300052680529774e-02
-8.352289000000000518e-01,1.584624999999999950e+00,1.473505000000000065e+00,5.645127456488979647e-04,0.000000000000000000e+00
-8.352289000000000518e-01,1.584624999999999950e+00,1.473505000000000065e+00,5.645127456488979647e-04,2.275370684201098725e-01
-8.346974999999999811e-01,1.587059999999999915e+00,1.474231999999999987e+00,5.758563102023928765e-04,9.455471371997825614e-02
-8.343483999999999901e-01,1.588073999999999986e+00,1.474350000000000049e+00,4.958783721841080209e-04,0.000000000000000000e+00
-8.343483999999999901e-01,1.588073999999999986e+00,1.474350000000000049e+00,4.958783721841080209e-04,1.244743174341979702e-01
-8.339450000000000474e-01,1.589421999999999890e+00,1.474542999999999937e+00,5.276115995692616306e-04,2.009322340139689800e-01
-8.332378999999999758e-01,1.591585999999999945e+00,1.474814000000000069e+00,9.431098769496330542e-04,0.000000000000000000e+00
-8.332378999999999758e-01,1.591585999999999945e+00,1.474814000000000069e+00,9.431098769496330542e-04,1.127959253406717460e-01
-8.324447000000000374e-01,1.592649999999999899e+00,1.475014999999999965e+00,1.044546643286020735e-03,1.194556002816771073e-01
-8.320874999999999799e-01,1.593893999999999922e+00,1.475168000000000035e+00,1.270105570415231864e-03,0.000000000000000000e+00
-8.320874999999999799e-01,1.593893999999999922e+00,1.475168000000000035e+00,1.270105570415231864e-03,2.338762061461417963e-01
-8.307965000000000488e-01,1.596060999999999952e+00,1.475552999999999892e+00,1.616546120591699992e-03,1.157133289948896332e-01
-8.303393999999999497e-01,1.597280999999999951e+00,1.475767000000000051e+00,1.772173312630578260e-03,2.874319494235278438e-01
-8.288309999999999844e-01,1.599807999999999897e+00,1.476323000000000052e+00,2.164483284758655056e-03,1.282391928741005438e-01
-8.281043000000000154e-01,1.601042000000000076e+00,1.476617000000000068e+00,2.311724856032757510e-03,0.000000000000000000e+00
-8.281043000000000154e-01,1.601042000000000076e+00,1.476617000000000068e+00,2.311724856032757510e-03,1.298622833498886409e-01
-8.272644999999999582e-01,1.602084000000000064e+00,1.476817000000000046e+00,2.603320717852527534e-03,2.600118633343700969e-01
-8.254820999999999964e-01,1.604395000000000016e+00,1.477349999999999941e+00,3.110167630530604778e-03,1.237169460026148748e-01
-8.245732999999999535e-01,1.605450000000000044e+00,1.477573999999999943e+00,3.409605988967152543e-03,0.000000000000000000e+00
-8.245732999999999535e-01,1.605450000000000044e+00,1.477573999999999943e+00,3.409605988967152543e-03,2.753912931327763269e-01
-8.229684999999999917e-01,1.607912999999999926e+00,1.478194999999999926e+00,3.699640658226246645e-03,1.255235851514499290e-01
-8.219661999999999802e-01,1.608910999999999980e+00,1.478420000000000067e+00,4.025984600069798351e-03,0.000000000000000000e+00
-8.219661999999999802e-01,1.608910999999999980e+00,1.478420000000000067e+00,4.025984600069798351e-03,1.662324990481515163e-01
-8.209201999999999888e-01,1.610012999999999916e+00,1.478798999999999975e+00,4.203892316651329161e-03,2.381990766246026292e-01
-8.193432999999999966e-01,1.612319000000000058e+00,1.479279000000000011e+00,4.396892685749788018e-03,0.000000000000000000e+00
-8.193432999999999966e-01,1.612319000000000058e+00,1.479279000000000011e+00,4.396892685749788018e-03,1.286483422394961718e-01
-8.183312000000000364e-01,1.613361000000000045e+00,1.479489999999999972e+00,4.648267027613671963e-03,1.195715939717341414e-01
-8.176476999999999773e-01,1.614522000000000013e+00,1.479705000000000048e+00,4.670067425637446264e-03,2.569698928390462545e-01
-8.157012000000000151e-01,1.616503999999999941e+00,1.480083000000000037e+00,5.102417490758642642e-03,1.174087699697926590e-01
-8.147940999999999656e-01,1.617385999999999990e+00,1.480283000000000015e+00,5.263805338346000395e-03,0.000000000000000000e+00
-8.147940999999999656e-01,1.617385999999999990e+00,1.480283000000000015e+00,5.263805338346000395e-03,2.382564710352872983e-01
-8.128393000000000423e-01,1.619091999999999976e+00,1.480442000000000036e+00,5.824845052874731005e-03,1.323831933561617769e-01
-8.117353999999999958e-01,1.620004999999999917e+00,1.480636000000000063e+00,6.054066071657987144e-03,0.000000000000000000e+00
-8.117353999999999958e-01,1.620004999999999917e+00,1.480636000000000063e+00,6.054066071657987144e-03,1.422404766208557325e-01
-8.107161999999999979e-01,1.621169000000000082e+00,1.480498000000000092e+00,6.418685429275789757e-03,2.075797197056352961e-01
-8.087748999999999633e-01,1.622519000000000045e+00,1.480404999999999971e+00,7.133027955223569631e-03,0.000000000000000000e+00
-8.087748999999999633e-01,1.622519000000000045e+00,1.480404999999999971e+00,7.133027955223569631e-03,1.180769130834111308e-01
-8.077096999999999749e-01,1.623242999999999991e+00,1.480377999999999972e+00,7.488512135264399627e-03,2.459012747810356281e-01
-8.055426999999999449e-01,1.624827000000000021e+00,1.480304000000000064e+00,8.155909649450577767e-03,0.000000000000000000e+00
-8.055426999999999449e-01,1.624827000000000021e+00,1.480304000000000064e+00,8.155909649450577767e-03,1.046497541181320157e-01
-8.045814000000000021e-01,1.625428000000000095e+00,1.480169000000000068e+00,8.534836614722061954e-03,9.209332658982911923e-02
-8.038305999999999507e-01,1.626109000000000027e+00,1.480118999999999962e+00,8.712833910961547204e-03,2.432361915302758970e-01
-8.013622999999999719e-01,1.627370999999999901e+00,1.479988000000000081e+00,9.526027188707843901e-03,1.235248342826672230e-01
-8.000838999999999590e-01,1.627780000000000005e+00,1.479867000000000044e+00,1.003831170267189404e-02,0.000000000000000000e+00
-8.000838999999999590e-01,1.627780000000000005e+00,1.479867000000000044e+00,1.003831170267189404e-02,9.588565496532447385e-02
-7.992008000000000445e-01,1.628413000000000110e+00,1.479738999999999916e+00,1.030113543062124992e-02,2.374297584326184873e-01
-7.967277000000000386e-01,1.629159000000000024e+00,1.479516000000000053e+00,1.122777091679367026e-02,0.000000000000000000e+00
-7.967277000000000386e-01,1.629159000000000024e+00,1.479516000000000053e+00,1.122777091679367026e-02,6.154242896331101054e-02
-7.963356999999999797e-01,1.629723000000000033e+00,1.479370000000000074e+00,1.130105991710502432e-02,2.112534182173147479e-01
-7.943327000000000027e-01,1.630665999999999949e+00,1.478728999999999960e+00,1.227178411804901413e-02,9.362711352085452410e-02
-7.934079000000000548e-01,1.631180999999999992e+00,1.478585000000000038e+00,1.254649625393479406e-02,0.000000000000000000e+00
-7.934079000000000548e-01,1.631180999999999992e+00,1.478585000000000038e+00,1.254649625393479406e-02,9.041386778888832465e-02
-7.925980000000000247e-01,1.631739999999999968e+00,1.478517000000000081e+00,1.267625472921711342e-02,1.671008811521345339e-01
-7.908007999999999704e-01,1.632354000000000083e+00,1.478348999999999913e+00,1.317641782731564411e-02,0.000000000000000000e+00
-7.908007999999999704e-01,1.632354000000000083e+00,1.478348999999999913e+00,1.317641782731564411e-02,9.148922045077977072e-02
-7.899184000000000205e-01,1.632818000000000103e+00,1.478299999999999947e+00,1.332475492795266898e-02,2.141682349870117630e-01
-7.878256000000000148e-01,1.633796000000000026e+00,1.477948999999999957e+00,1.387920122665576780e-02,0.000000000000000000e+00
-7.878256000000000148e-01,1.633796000000000026e+00,1.477948999999999957e+00,1.387920122665576780e-02,2.394051270667234554e-01
-7.855482000000000298e-01,1.634408000000000083e+00,1.477667999999999981e+00,1.449971990108767442e-02,0.000000000000000000e+00
-7.855482000000000298e-01,1.634408000000000083e+00,1.477667999999999981e+00,1.449971990108767442e-02,1.842870781290717186e-01
-7.836239000000000399e-01,1.635183000000000053e+00,1.477335999999999983e+00,1.495954992638472668e-02,9.420390657211720475e-02
-7.826923999999999548e-01,1.635564000000000018e+00,1.477122999999999964e+00,1.520954470883328913e-02,0.000000000000000000e+00
-7.826923999999999548e-01,1.635564000000000018e+00,1.477122999999999964e+00,1.520954470883328913e-02,9.331271738883017974e-02
-7.817125000000000323e-01,1.635969000000000007e+00,1.477036999999999933e+00,1.532895883254952081e-02,2.082776165506480259e-01
-7.795223999999999487e-01,1.636535999999999991e+00,1.476803000000000088e+00,1.572910682270285687e-02,0.000000000000000000e+00
-7.795223999999999487e-01,1.636535999999999991e+00,1.476803000000000088e+00,1.572910682270285687e-02,1.065541354017198739e-01
-7.785149000000000097e-01,1.636929999999999996e+00,1.476553000000000004e+00,1.596077311066097099e-02,2.014012914523104769e-01
-7.764052999999999649e-01,1.637366000000000099e+00,1.476120000000000099e+00,1.648667607615305480e-02,0.000000000000000000e+00
-7.764052999999999649e-01,1.637366000000000099e+00,1.476120000000000099e+00,1.648667607615305480e-02,7.959642182489348738e-02
-7.755201000000000455e-01,1.637617000000000100e+00,1.475894999999999957e+00,1.669492003604681335e-02,1.094658768086932410e-01
-7.744693999999999745e-01,1.637734000000000023e+00,1.475646999999999931e+00,1.699646758153011000e-02,0.000000000000000000e+00
-7.744693999999999745e-01,1.637734000000000023e+00,1.475646999999999931e+00,1.699646758153011000e-02,1.879990703039504385e-01
-7.723984999999999879e-01,1.637993999999999950e+00,1.475152000000000019e+00,1.754187899399611145e-02,9.803043600466933294e-02
-7.713554000000000244e-01,1.638160000000000061e+00,1.474984000000000073e+00,1.770744036725796847e-02,2.093362741461428922e-01
-7.692227000000000370e-01,1.638603000000000032e+00,1.474917999999999951e+00,1.770689170040869176e-02,9.450875008129164256e-02
-7.681160000000000210e-01,1.638700000000000045e+00,1.474736999999999965e+00,1.787573024410464562e-02,0.000000000000000000e+00
-7.681160000000000210e-01,1.638700000000000045e+00,1.474736999999999965e+00,1.787573024410464562e-02,1.029869780991127248e-01
-7.670550000000000423e-01,1.638960999999999890e+00,1.474474999999999980e+00,1.801527196602921085e-02,1.778050035674939577e-01
-7.650658999999999654e-01,1.639164999999999983e+00,1.474131999999999998e+00,1.824251526955637109e-02,1.057258614638437316e-01
-7.639251000000000236e-01,1.639318999999999971e+00,1.474059000000000008e+00,1.822440569703170574e-02,0.000000000000000000e+00
-7.639251000000000236e-01,1.639318999999999971e+00,1.474059000000000008e+00,1.822440569703170574e-02,8.945946012515641754e-02
-7.629466000000000303e-01,1.639588000000000045e+00,1.473948999999999954e+00,1.816251850818051058e-02,2.206851389499451255e-01
-7.606675999999999993e-01,1.639785999999999966e+00,1.473715000000000108e+00,1.817166925298830185e-02,0.000000000000000000e+00
-7.606675999999999993e-01,1.639785999999999966e+00,1.473715000000000108e+00,1.817166925298830185e-02,9.242399014656607625e-02
-7.597144000000000119e-01,1.640060000000000073e+00,1.473532999999999982e+00,1.812060731018682799e-02,2.197793051072485238e-01
-7.573452000000000517e-01,1.640203999999999995e+00,1.473178000000000099e+00,1.814605103073381465e-02,0.000000000000000000e+00
-7.573452000000000517e-01,1.640203999999999995e+00,1.473178000000000099e+00,1.814605103073381465e-02,1.813975032167771673e-01
-7.552714000000000372e-01,1.640571999999999919e+00,1.472704999999999931e+00,1.809813877419450684e-02,0.000000000000000000e+00
-7.552714000000000372e-01,1.640571999999999919e+00,1.472704999999999931e+00,1.809813877419450684e-02,2.034037835395149374e-01
-7.531016000000000377e-01,1.640862999999999960e+00,1.472342000000000040e+00,1.791777565882540779e-02,9.803080542792091956e-02
-7.520130000000000425e-01,1.640943999999999958e+00,1.472097999999999907e+00,1.788631721204788499e-02,0.000000000000000000e+00
-7.520130000000000425e-01,1.640943999999999958e+00,1.472097999999999907e+00,1.788631721204788499e-02,2.129753603520326832e-01
-7.497935000000000016e-01,1.641329999999999956e+00,1.471486999999999989e+00,1.774173766461454443e-02,1.061379666392210930e-01
-7.486255000000000548e-01,1.641366000000000103e+00,1.471168999999999949e+00,1.772229050123031238e-02,0.000000000000000000e+00
-7.486255000000000548e-01,1.641366000000000103e+00,1.471168999999999949e+00,1.772229050123031238e-02,9.896226127664871364e-02
-7.474874999999999714e-01,1.641540999999999917e+00,1.470917000000000030e+00,1.756294705480820548e-02,2.554554116702794087e-01
-7.449426999999999577e-01,1.641534000000000049e+00,1.470145000000000035e+00,1.751091016166774622e-02,0.000000000000000000e+00
-7.449426999999999577e-01,1.641534000000000049e+00,1.470145000000000035e+00,1.751091016166774622e-02,1.066242249890633764e-01
-7.437150000000000150e-01,1.641593999999999998e+00,1.469826000000000077e+00,1.736960525429396759e-02,1.073786178637244765e-01
-7.425945000000000462e-01,1.641651999999999889e+00,1.469489000000000045e+00,1.725781391254411698e-02,0.000000000000000000e+00
-7.425945000000000462e-01,1.641651999999999889e+00,1.469489000000000045e+00,1.725781391254411698e-02,2.221944935491139139e-01
-7.402140999999999860e-01,1.641661000000000037e+00,1.468623000000000012e+00,1.713830085977018428e-02,1.166246718976500923e-01
-7.389554999999999874e-01,1.641658999999999979e+00,1.468191000000000024e+00,1.701584501839387836e-02,2.570648350129042803e-01
-7.364433000000000229e-01,1.641748999999999903e+00,1.467265999999999959e+00,1.669740195359755916e-02,1.153636446485583333e-01
-7.352383000000000113e-01,1.641677999999999971e+00,1.466741000000000072e+00,1.663418894446013624e-02,0.000000000000000000e+00
-7.352383000000000113e-01,1.641677999999999971e+00,1.466741000000000072e+00,1.663418894446013624e-02,1.283602868894099247e-01
-7.339900000000000313e-01,1.641448999999999936e+00,1.466145999999999949e+00,1.664721961890341245e-02,2.358726473436461857e-01
-7.317128000000000521e-01,1.641243999999999925e+00,1.464965000000000073e+00,1.657004050357148428e-02,0.000000000000000000e+00
-7.317128000000000521e-01,1.641243999999999925e+00,1.464965000000000073e+00,1.657004050357148428e-02,1.229574430386034811e-01
-7.305346000000000339e-01,1.641048999999999980e+00,1.464353999999999933e+00,1.653880586046055368e-02,2.378061816876385071e-01
-7.282608000000000414e-01,1.640597000000000083e+00,1.462944000000000022e+00,1.659267749008583662e-02,1.200691394812534035e-01
-7.271457000000000059e-01,1.640322999999999976e+00,1.462199000000000026e+00,1.664406905296896347e-02,0.000000000000000000e+00
-7.271457000000000059e-01,1.640322999999999976e+00,1.462199000000000026e+00,1.664406905296896347e-02,1.311900189430983688e-01
-7.260058000000000344e-01,1.639976000000000100e+00,1.461405999999999983e+00,1.672650214360429932e-02,2.585037640716428831e-01
-7.238455000000000306e-01,1.639202000000000048e+00,1.459553000000000100e+00,1.706385581426417275e-02,0.000000000000000000e+00
-7.238455000000000306e-01,1.639202000000000048e+00,1.459553000000000100e+00,1.706385581426417275e-02,1.368824803366333331e-01
-7.228339000000000292e-01,1.638708999999999971e+00,1.458469999999999933e+00,1.737856520429703622e-02,1.300807458562827090e-01
-7.217852999999999630e-01,1.638263000000000025e+00,1.457519000000000009e+00,1.752676370611524689e-02,2.817191003089632995e-01
-7.197280000000000344e-01,1.637313999999999936e+00,1.455441999999999902e+00,1.788790940719472977e-02,1.431638073418075863e-01
-7.187858000000000303e-01,1.636827999999999950e+00,1.454294999999999893e+00,1.815653726375173263e-02,0.000000000000000000e+00
-7.187858000000000303e-01,1.636827999999999950e+00,1.454294999999999893e+00,1.815653726375173263e-02,3.103410470203277205e-01
-7.166158999999999724e-01,1.635545999999999944e+00,1.452034000000000047e+00,1.844228223295581170e-02,1.563535217536006217e-01
-7.155652000000000124e-01,1.635021000000000058e+00,1.450796999999999892e+00,1.857510611678979406e-02,0.000000000000000000e+00
-7.155652000000000124e-01,1.635021000000000058e+00,1.450796999999999892e+00,1.857510611678979406e-02,1.690362179448392510e-01
-7.144570000000000087e-01,1.634276000000000062e+00,1.449524999999999952e+00,1.870207797438560443e-02,3.261355498912093531e-01
-7.122941000000000411e-01,1.632686000000000082e+00,1.446947999999999901e+00,1.890049429538816564e-02,0.000000000000000000e+00
-7.122941000000000411e-01,1.632686000000000082e+00,1.446947999999999901e+00,1.890049429538816564e-02,1.707354342620104326e-01
-7.112401000000000417e-01,1.631882000000000055e+00,1.445637000000000061e+00,1.896004531877497692e-02,2.965997602750410911e-01
-7.092452000000000201e-01,1.630492999999999970e+00,1.443078000000000083e+00,1.891045295835082352e-02,0.000000000000000000e+00
-7.092452000000000201e-01,1.630492999999999970e+00,1.443078000000000083e+00,1.891045295835082352e-02,1.698585289385433350e-01
-7.081678000000000139e-01,1.629580999999999946e+00,1.441750000000000087e+00,1.882846505931906958e-02,1.582689269167479318e-01
-7.072146000000000265e-01,1.628964000000000079e+00,1.440553999999999890e+00,1.867270481451471439e-02,0.000000000000000000e+00
-7.072146000000000265e-01,1.628964000000000079e+00,1.440553999999999890e+00,1.867270481451471439e-02,4.685650127090524864e-01
-7.046660999999999619e-01,1.627369000000000065e+00,1.436712999999999907e+00,1.824186905692509741e-02,0.000000000000000000e+00
-7.046660999999999619e-01,1.627369000000000065e+00,1.436712999999999907e+00,1.824186905692509741e-02,1.399966355043373023e-01
-7.038071000000000188e-01,1.626516999999999991e+00,1.435670000000000002e+00,1.800465240125453253e-02,2.969777977892479326e-01
-7.022559999999999913e-01,1.625431999999999988e+00,1.433221999999999996e+00,1.755957690720366324e-02,0.000000000000000000e+00
-7.022559999999999913e-01,1.625431999999999988e+00,1.433221999999999996e+00,1.755957690720366324e-02,1.404323284211481115e-01
-7.013688000000000144e-01,1.625080999999999998e+00,1.431918999999999942e+00,1.716342592520504057e-02,2.771872952905465870e-01
-6.997311000000000503e-01,1.624058000000000002e+00,1.429770999999999903e+00,1.634752415994550692e-02,0.000000000000000000e+00
-6.997311000000000503e-01,1.624058000000000002e+00,1.429770999999999903e+00,1.634752415994550692e-02,1.180687388345581235e-01
-6.990910000000000180e-01,1.623728000000000060e+00,1.428703000000000056e+00,1.604015634867692053e-02,1.146352696097179130e-01
-6.983519000000000254e-01,1.623412999999999995e+00,1.427742999999999984e+00,1.559254900938266374e-02,2.406846121030051799e-01
-6.969208999999999543e-01,1.622598999999999902e+00,1.425545000000000062e+00,1.477143892787693112e-02,0.000000000000000000e+00
-6.969208999999999543e-01,1.622598999999999902e+00,1.425545000000000062e+00,1.477143892787693112e-02,1.305777265774107354e-01
-6.961848999999999954e-01,1.622160000000000046e+00,1.424406999999999979e+00,1.431576266532807486e-02,2.753835046616260884e-01
-6.946160999999999586e-01,1.621191000000000049e+00,1.422034999999999938e+00,1.324227926151682472e-02,1.295852773706737682e-01
-6.939305999999999530e-01,1.620684000000000013e+00,1.420827000000000062e+00,1.277832371635647876e-02,1.416499502740254102e-01
-6.932814000000000476e-01,1.620152999999999954e+00,1.419529000000000041e+00,1.233009501017741545e-02,0.000000000000000000e+00
-6.932814000000000476e-01,1.620152999999999954e+00,1.419529000000000041e+00,1.233009501017741545e-02,2.934494958687282606e-01
-6.919400999999999469e-01,1.618999999999999995e+00,1.416685999999999890e+00,1.133705588810422597e-02,1.507776721967361011e-01
-6.912954000000000043e-01,1.618324000000000096e+00,1.415332000000000034e+00,1.078910307161816060e-02,0.000000000000000000e+00
-6.912954000000000043e-01,1.618324000000000096e+00,1.415332000000000034e+00,1.078910307161816060e-02,1.378343367413126797e-01
-6.906757000000000035e-01,1.617569999999999952e+00,1.414012000000000047e+00,1.023342145179215006e-02,2.854705116675923526e-01
-6.895095999999999448e-01,1.616341999999999945e+00,1.411569999999999991e+00,9.139090050984297400e-03,0.000000000000000000e+00
-6.895095999999999448e-01,1.616341999999999945e+00,1.411569999999999991e+00,9.139090050984297400e-03,1.189073487898467951e-01
-6.889883999999999453e-01,1.615812000000000026e+00,1.410435000000000105e+00,8.612689475419314789e-03,2.405759564367908332e-01
-6.879927999999999599e-01,1.614867999999999970e+00,1.408336999999999950e+00,7.559659222478234443e-03,0.000000000000000000e+00
-6.879927999999999599e-01,1.614867999999999970e+00,1.408336999999999950e+00,7.559659222478234443e-03,1.082805363541510524e-01
-6.876073000000000324e-01,1.614525999999999906e+00,1.407273999999999914e+00,7.134603117202855706e-03,1.179789970730943383e-01
-6.871032999999999724e-01,1.614011000000000084e+00,1.406277999999999917e+00,6.550380279800522773e-03,0.000000000000000000e+00
-6.871032999999999724e-01,1.614011000000000084e+00,1.406277999999999917e+00,6.550380279800522773e-03,2.713903548341263239e-01
-6.858286999999999578e-01,1.612975999999999965e+00,1.403496999999999995e+00,5.118490597822706115e-03,0.000000000000000000e+00
-6.858286999999999578e-01,1.612975999999999965e+00,1.403496999999999995e+00,5.118490597822706115e-03,1.139312769374998119e-01
-6.854588999999999821e-01,1.612610000000000099e+00,1.402624000000000093e+00,4.636658909171560185e-03,2.072301005512615646e-01
-6.845430999999999599e-01,1.611753999999999909e+00,1.400740000000000096e+00,3.510623129873053760e-03,0.000000000000000000e+00
-6.845430999999999599e-01,1.611753999999999909e+00,1.400740000000000096e+00,3.510623129873053760e-03,9.598970890353773766e-02
-6.842692000000000219e-01,1.611350999999999978e+00,1.399812999999999974e+00,3.168129872653525393e-03,1.852277141624672219e-01
-6.837307999999999719e-01,1.610559000000000074e+00,1.397928999999999977e+00,2.335766032803763582e-03,0.000000000000000000e+00
-6.837307999999999719e-01,1.610559000000000074e+00,1.397928999999999977e+00,2.335766032803763582e-03,9.990884585740356094e-02
-6.836410000000000542e-01,1.610187999999999953e+00,1.396908000000000039e+00,2.137211267048702568e-03,1.036502163524490178e-01
-6.834949999999999637e-01,1.609836999999999962e+00,1.395842999999999945e+00,1.957706505071715383e-03,1.910688720367132443e-01
-6.835329999999999462e-01,1.609185000000000088e+00,1.393763000000000085e+00,1.820914374703079411e-03,0.000000000000000000e+00
-6.835329999999999462e-01,1.609185000000000088e+00,1.393763000000000085e+00,1.820914374703079411e-03,1.064010798721305023e-01
-6.836560000000000414e-01,1.608751999999999960e+00,1.392692999999999959e+00,1.712241598022908083e-03,2.264081818775218469e-01
-6.838741000000000403e-01,1.607887999999999984e+00,1.390511000000000053e+00,1.539180590444115711e-03,0.000000000000000000e+00
-6.838741000000000403e-01,1.607887999999999984e+00,1.390511000000000053e+00,1.539180590444115711e-03,1.792412160719584757e-01
-6.842198000000000446e-01,1.607485000000000053e+00,1.388535999999999992e+00,1.917704972095548481e-03,0.000000000000000000e+00
-6.842198000000000446e-01,1.607485000000000053e+00,1.388535999999999992e+00,1.917704972095548481e-03,1.823115483320136010e-01
-6.845356999999999692e-01,1.606959000000000026e+00,1.386643999999999988e+00,1.949930329524646611e-03,8.210069411376472170e-02
-6.846963999999999828e-01,1.606741999999999893e+00,1.385747000000000062e+00,2.097675618392772987e-03,0.000000000000000000e+00
-6.846963999999999828e-01,1.606741999999999893e+00,1.385747000000000062e+00,2.097675618392772987e-03,1.830589009518707733e-01
-6.851833000000000506e-01,1.606244999999999923e+00,1.383872999999999909e+00,2.235891598445723365e-03,8.873073010577958719e-02
-6.855449999999999600e-01,1.606097000000000108e+00,1.382940000000000058e+00,2.373176866565224804e-03,0.000000000000000000e+00
-6.855449999999999600e-01,1.606097000000000108e+00,1.382940000000000058e+00,2.373176866565224804e-03,1.038662299758414120e-01
-6.860701999999999634e-01,1.606017000000000028e+00,1.381823999999999941e+00,2.633859352737045415e-03,2.283908018850404065e-01
-6.871068000000000175e-01,1.605715999999999921e+00,1.379702999999999902e+00,3.007019062127805169e-03,0.000000000000000000e+00
-6.871068000000000175e-01,1.605715999999999921e+00,1.379702999999999902e+00,3.007019062127805169e-03,1.185973822501366487e-01
-6.876801999999999637e-01,1.605598000000000081e+00,1.378482999999999903e+00,3.245258696930209286e-03,1.139513641341964867e-01
-6.881823999999999719e-01,1.605453000000000019e+00,1.377355000000000107e+00,3.439246975720024278e-03,0.000000000000000000e+00
-6.881823999999999719e-01,1.605453000000000019e+00,1.377355000000000107e+00,3.439246975720024278e-03,2.260373395597222168e-01
-6.894177999999999695e-01,1.605326999999999948e+00,1.375091999999999981e+00,3.950429288064762241e-03,1.233981132922669366e-01
-6.900925999999999449e-01,1.605202000000000018e+00,1.373863999999999974e+00,4.142560711685460556e-03,2.697956869775072763e-01
-6.916856999999999589e-01,1.605218999999999951e+00,1.371388999999999969e+00,4.773693303931432833e-03,1.294117500679344279e-01
-6.924445999999999657e-01,1.605104000000000086e+00,1.370203999999999978e+00,4.948195828784610235e-03,0.000000000000000000e+00
-6.924445999999999657e-01,1.605104000000000086e+00,1.370203999999999978e+00,4.948195828784610235e-03,1.355871253662921938e-01
-6.932433000000000067e-01,1.605051999999999923e+00,1.368959999999999955e+00,5.188107216509676468e-03,2.834318323392455152e-01
-6.949186000000000529e-01,1.604924000000000017e+00,1.366363999999999912e+00,5.653661772692089062e-03,0.000000000000000000e+00
-6.949186000000000529e-01,1.604924000000000017e+00,1.366363999999999912e+00,5.653661772692089062e-03,1.424139846148761712e-01
-6.957373999999999503e-01,1.604889000000000010e+00,1.365043999999999924e+00,5.852251943482962050e-03,2.891300325604205801e-01
-6.973968000000000389e-01,1.604510000000000103e+00,1.362217999999999929e+00,5.951962638491829598e-03,1.481708436358654679e-01
-6.982515000000000249e-01,1.604403999999999941e+00,1.360849999999999893e+00,6.068101374400269692e-03,0.000000000000000000e+00
-6.982515000000000249e-01,1.604403999999999941e+00,1.360849999999999893e+00,6.068101374400269692e-03,1.334596956834182557e-01
-6.990621000000000196e-01,1.604200000000000070e+00,1.359498000000000095e+00,6.029999681592025304e-03,3.171761174352730195e-01
-7.008413999999999477e-01,1.603917999999999955e+00,1.356730999999999909e+00,6.094712092461752190e-03,0.000000000000000000e+00
-7.008413999999999477e-01,1.603917999999999955e+00,1.356730999999999909e+00,6.094712092461752190e-03,1.478553775322751507e-01
-7.017676999999999943e-01,1.603787999999999991e+00,1.355326999999999948e+00,6.097789124756708597e-03,1.469924190113828522e-01
-7.027423000000000419e-01,1.603671999999999986e+00,1.353966999999999921e+00,6.085566932505163083e-03,3.023654300728179090e-01
-7.046518000000000503e-01,1.603440999999999894e+00,1.351286999999999905e+00,6.061549231838162660e-03,1.455089396506903110e-01
-7.055420999999999498e-01,1.603313999999999906e+00,1.349976999999999983e+00,5.999648107180775326e-03,0.000000000000000000e+00
-7.055420999999999498e-01,1.603313999999999906e+00,1.349976999999999983e+00,5.999648107180775326e-03,2.872878786134566154e-01
-7.075200000000000378e-01,1.603237999999999941e+00,1.347542999999999935e+00,5.980041267416055621e-03,1.270017000295520504e-01
-7.084736999999999840e-01,1.603221999999999925e+00,1.346538000000000013e+00,5.942399819096506886e-03,0.000000000000000000e+00
-7.084736999999999840e-01,1.603221999999999925e+00,1.346538000000000013e+00,5.942399819096506886e-03,1.265961138314953827e-01
-7.094082999999999917e-01,1.603264999999999940e+00,1.345522000000000107e+00,5.957849713612990185e-03,2.317690216146733317e-01
-7.112872999999999557e-01,1.603385000000000060e+00,1.343665000000000109e+00,5.942433831352385808e-03,0.000000000000000000e+00
-7.112872999999999557e-01,1.603385000000000060e+00,1.343665000000000109e+00,5.942433831352385808e-03,1.212852496391284562e-01
-7.123372999999999511e-01,1.603550999999999949e+00,1.342778999999999945e+00,5.966549563189769805e-03,2.525626206441600741e-01
-7.146373000000000308e-01,1.604076000000000057e+00,1.341123999999999983e+00,6.079922354767397508e-03,0.000000000000000000e+00
-7.146373000000000308e-01,1.604076000000000057e+00,1.341123999999999983e+00,6.079922354767397508e-03,1.273225457797649562e-01
-7.157626000000000266e-01,1.604444999999999899e+00,1.340397999999999978e+00,6.226861730438402673e-03,1.269128672985932738e-01
-7.169216000000000477e-01,1.604805000000000037e+00,1.339607999999999910e+00,6.357293232972670641e-03,2.316366346948972310e-01
-7.190801999999999472e-01,1.605412000000000061e+00,1.338208999999999982e+00,6.509524459589943399e-03,1.282268832561909710e-01
-7.202089000000000407e-01,1.605836999999999959e+00,1.337636999999999965e+00,6.677718105011635694e-03,0.000000000000000000e+00
-7.202089000000000407e-01,1.605836999999999959e+00,1.337636999999999965e+00,6.677718105011635694e-03,1.286187071298260931e-01
-7.214312999999999976e-01,1.606163000000000007e+00,1.337026999999999965e+00,6.726559849581434727e-03,2.505821945434629217e-01
-7.238940999999999848e-01,1.607250999999999985e+00,1.336065000000000058e+00,7.262770259343221367e-03,0.000000000000000000e+00
-7.238940999999999848e-01,1.607250999999999985e+00,1.336065000000000058e+00,7.262770259343221367e-03,1.316344752484746583e-01
-7.251655999999999658e-01,1.607690000000000063e+00,1.335561999999999916e+00,7.413610853693507544e-03,2.477355191091167586e-01
-7.276217999999999853e-01,1.608775999999999984e+00,1.334680000000000089e+00,7.904971049282836712e-03,0.000000000000000000e+00
-7.276217999999999853e-01,1.608775999999999984e+00,1.334680000000000089e+00,7.904971049282836712e-03,1.400521755498658205e-01
-7.289267000000000385e-01,1.609237999999999946e+00,1.334217999999999904e+00,8.047589079966653916e-03,1.239709963775886131e-01
-7.301636000000000237e-01,1.609742000000000006e+00,1.333755999999999942e+00,8.229382582551292291e-03,2.365269839754958470e-01
-7.324753000000000513e-01,1.610667000000000071e+00,1.332715000000000094e+00,8.447547114399515597e-03,0.000000000000000000e+00
-7.324753000000000513e-01,1.610667000000000071e+00,1.332715000000000094e+00,8.447547114399515597e-03,1.215907707946061178e-01
-7.336103999999999958e-01,1.611064000000000052e+00,1.332152000000000003e+00,8.455503649103494543e-03,2.293429767957624044e-01
-7.359156999999999504e-01,1.611968000000000067e+00,1.331312999999999969e+00,8.626037612368894769e-03,1.337793988250756128e-01
-7.371571000000000096e-01,1.612619999999999942e+00,1.330907999999999980e+00,8.840279466170669273e-03,1.231371514210992946e-01
-7.383243999999999918e-01,1.613091000000000053e+00,1.330435000000000034e+00,8.860190742867793748e-03,0.000000000000000000e+00
-7.383243999999999918e-01,1.613091000000000053e+00,1.330435000000000034e+00,8.860190742867793748e-03,2.609573466454158108e-01
-7.406234999999999902e-01,1.614081000000000099e+00,1.329372999999999916e+00,8.827544918605637406e-03,1.189275970756394629e-01
-7.417447999999999819e-01,1.614495999999999931e+00,1.328869000000000078e+00,8.732452642871958715e-03,0.000000000000000000e+00
-7.417447999999999819e-01,1.614495999999999931e+00,1.328869000000000078e+00,8.732452642871958715e-03,1.252022066037660475e-01
-7.428706000000000476e-01,1.614927999999999919e+00,1.328370999999999968e+00,8.634704184857592765e-03,2.326430481506890635e-01
-7.450647000000000242e-01,1.615903000000000089e+00,1.327547999999999950e+00,8.577480122390427827e-03,0.000000000000000000e+00
-7.450647000000000242e-01,1.615903000000000089e+00,1.327547999999999950e+00,8.577480122390427827e-03,1.208587984874270049e-01
-7.461598000000000397e-01,1.616381000000000068e+00,1.327153999999999945e+00,8.523232896618524596e-03,2.228313008118565641e-01
-7.482938999999999563e-01,1.617510000000000003e+00,1.326357000000000008e+00,8.475955129659437995e-03,0.000000000000000000e+00
-7.482938999999999563e-01,1.617510000000000003e+00,1.326357000000000008e+00,8.475955129659437995e-03,1.124487189431908618e-01
-7.493676999999999699e-01,1.617936999999999959e+00,1.325944999999999929e+00,8.315172508132365192e-03,1.092790679380459262e-01
-7.503891000000000311e-01,1.618292999999999981e+00,1.325441000000000091e+00,8.038274706054799462e-03,0.000000000000000000e+00
-7.503891000000000311e-01,1.618292999999999981e+00,1.325441000000000091e+00,8.038274706054799462e-03,3.526787623525671211e-01
-7.536642999999999537e-01,1.620346999999999982e+00,1.324324000000000057e+00,7.978972683873640850e-03,0.000000000000000000e+00
-7.536642999999999537e-01,1.620346999999999982e+00,1.324324000000000057e+00,7.978972683873640850e-03,1.387781782647244389e-01
-7.547656999999999838e-01,1.620964999999999989e+00,1.323776000000000064e+00,7.745029954751774665e-03,2.253507545873203177e-01
-7.568753000000000286e-01,1.621936000000000044e+00,1.322969000000000062e+00,7.276803828605109964e-03,0.000000000000000000e+00
-7.568753000000000286e-01,1.621936000000000044e+00,1.322969000000000062e+00,7.276803828605109964e-03,9.123492799238934470e-02
-7.577616999999999825e-01,1.622411000000000048e+00,1.322699999999999987e+00,7.154975471656090970e-03,2.510051293224987989e-01
-7.600417000000000423e-01,1.623591999999999924e+00,1.321741000000000055e+00,6.554651999915723018e-03,0.000000000000000000e+00
-7.600417000000000423e-01,1.623591999999999924e+00,1.321741000000000055e+00,6.554651999915723018e-03,1.180238562776439182e-01
-7.611301000000000316e-01,1.624436999999999909e+00,1.321469000000000005e+00,6.547891367455636359e-03,1.316010046086630025e-01
-7.622379999999999711e-01,1.625078000000000022e+00,1.320977000000000068e+00,6.225983501423643963e-03,2.602984353091873371e-01
-7.645353999999999761e-01,1.626425000000000010e+00,1.319990999999999914e+00,5.532104435926553029e-03,0.000000000000000000e+00
-7.645353999999999761e-01,1.626425000000000010e+00,1.319990999999999914e+00,5.532104435926553029e-03,1.398297973977640773e-01
-7.658262000000000125e-01,1.627030999999999894e+00,1.319444999999999979e+00,5.020679377335256037e-03,2.644782794400138415e-01
-7.681379000000000401e-01,1.628467000000000109e+00,1.318486000000000047e+00,4.240344666415703061e-03,0.000000000000000000e+00
-7.681379000000000401e-01,1.628467000000000109e+00,1.318486000000000047e+00,4.240344666415703061e-03,2.315692960558068392e-01
-7.701310999999999574e-01,1.630007999999999901e+00,1.317690000000000028e+00,3.660575584522311743e-03,0.000000000000000000e+00
-7.701310999999999574e-01,1.630007999999999901e+00,1.317690000000000028e+00,3.660575584522311743e-03,2.755075460390188913e-01
-7.724277999999999977e-01,1.631837999999999900e+00,1.317048999999999914e+00,3.203478929226587224e-03,1.412246665174734794e-01
-7.736775999999999653e-01,1.632946999999999926e+00,1.316869000000000067e+00,3.168320408355335734e-03,0.000000000000000000e+00
-7.736775999999999653e-01,1.632946999999999926e+00,1.316869000000000067e+00,3.168320408355335734e-03,2.836729550614573991e-01
-7.758745999999999698e-01,1.635076999999999892e+00,1.316405999999999965e+00,2.806068644919295155e-03,1.459217183608415846e-01
-7.770521999999999707e-01,1.636246000000000089e+00,1.316268999999999911e+00,2.743870567282453033e-03,0.000000000000000000e+00
-7.770521999999999707e-01,1.636246000000000089e+00,1.316268999999999911e+00,2.743870567282453033e-03,1.489389366317230290e-01
-7.780580999999999747e-01,1.637521999999999922e+00,1.316286999999999985e+00,2.872549496527460923e-03,2.864961964191272137e-01
-7.801439999999999486e-01,1.640025000000000066e+00,1.316022999999999943e+00,2.636730930527362085e-03,0.000000000000000000e+00
-7.801439999999999486e-01,1.640025000000000066e+00,1.316022999999999943e+00,2.636730930527362085e-03,1.349013227483449873e-01
-7.811158000000000268e-01,1.641205000000000025e+00,1.315854999999999997e+00,2.488529276500461591e-03,1.347672829928062421e-01
-7.820291999999999799e-01,1.642441999999999958e+00,1.315854999999999997e+00,2.511896892788311603e-03,0.000000000000000000e+00
-7.820291999999999799e-01,1.642441999999999958e+00,1.315854999999999997e+00,2.511896892788311603e-03,2.747717990563677271e-01
-7.838129999999999820e-01,1.645000000000000018e+00,1.315533000000000063e+00,2.185996468432779057e-03,1.317520494281762267e-01
-7.844843999999999706e-01,1.646339999999999915e+00,1.315630999999999995e+00,2.180088383529372488e-03,2.875096357848971329e-01
-7.861287999999999609e-01,1.649011000000000005e+00,1.315606000000000053e+00,2.012512173876223904e-03,1.399604674239724456e-01
-7.868853000000000097e-01,1.650339000000000000e+00,1.315606000000000053e+00,1.959079436878527567e-03,0.000000000000000000e+00
-7.868853000000000097e-01,1.650339000000000000e+00,1.315606000000000053e+00,1.959079436878527567e-03,1.405142332457282039e-01
-7.876229000000000147e-01,1.651761999999999952e+00,1.315644000000000036e+00,1.936236039330027549e-03,2.818623881076054438e-01
-7.889327999999999896e-01,1.654684000000000044e+00,1.315909999999999913e+00,1.797615042215572638e-03,0.000000000000000000e+00
-7.889327999999999896e-01,1.654684000000000044e+00,1.315909999999999913e+00,1.797615042215572638e-03,1.394893544393683016e-01
-7.895501000000000325e-01,1.656142000000000003e+00,1.316071999999999909e+00,1.805202359847722475e-03,3.060574928127590133e-01
-7.905607000000000051e-01,1.659130999999999911e+00,1.316513999999999962e+00,1.917869244761014839e-03,1.405575267735380274e-01
-7.911605999999999916e-01,1.660601999999999911e+00,1.316734000000000071e+00,1.870227903224680943e-03,0.000000000000000000e+00
-7.911605999999999916e-01,1.660601999999999911e+00,1.316734000000000071e+00,1.870227903224680943e-03,1.483099103098866889e-01
-7.914925000000000432e-01,1.662123000000000017e+00,1.317174999999999985e+00,2.086740781697704085e-03,2.910965957792116532e-01
-7.923021000000000091e-01,1.665140999999999982e+00,1.317743000000000109e+00,2.286905866012137536e-03,0.000000000000000000e+00
-7.923021000000000091e-01,1.665140999999999982e+00,1.317743000000000109e+00,2.286905866012137536e-03,1.472911445671148400e-01
-7.925257999999999470e-01,1.666735999999999995e+00,1.318222999999999923e+00,2.508053117459697456e-03,1.474705720286469124e-01
-7.928475999999999857e-01,1.668292000000000108e+00,1.318556999999999979e+00,2.575590466281538985e-03,2.877356011819631187e-01
-7.931578000000000239e-01,1.671313999999999966e+00,1.319347999999999965e+00,3.008009640942035413e-03,1.317567934205970959e-01
-7.933248999999999995e-01,1.672773999999999983e+00,1.319665000000000088e+00,3.148101866204573284e-03,0.000000000000000000e+00
-7.933248999999999995e-01,1.672773999999999983e+00,1.319665000000000088e+00,3.148101866204573284e-03,2.867907431893583214e-01
-7.936900000000000066e-01,1.675886999999999905e+00,1.320605000000000029e+00,3.467900028835971694e-03,1.429012421526243137e-01
-7.939658000000000548e-01,1.677434000000000092e+00,1.321039999999999992e+00,3.564517191710545128e-03,0.000000000000000000e+00
-7.939658000000000548e-01,1.677434000000000092e+00,1.321039999999999992e+00,3.564517191710545128e-03,1.453046006800412515e-01
-7.941122000000000458e-01,1.679019999999999957e+00,1.321495000000000086e+00,3.714801819747574722e-03,3.019667719384627746e-01
-7.941489000000000464e-01,1.682361999999999913e+00,1.322332000000000063e+00,3.950566067034051894e-03,0.000000000000000000e+00
-7.941489000000000464e-01,1.682361999999999913e+00,1.322332000000000063e+00,3.950566067034051894e-03,1.458593477468839161e-01
-7.942605000000000359e-01,1.683953999999999951e+00,1.322804000000000091e+00,4.058512663525969642e-03,2.954028985367168625e-01
-7.940873999999999988e-01,1.687149000000000010e+00,1.323854000000000086e+00,4.441896932617974900e-03,0.000000000000000000e+00
-7.940873999999999988e-01,1.687149000000000010e+00,1.323854000000000086e+00,4.441896932617974900e-03,1.584801704833213587e-01
-7.940167999999999671e-01,1.688785999999999898e+00,1.324405999999999972e+00,4.639684481729426137e-03,1.714669812762434908e-01
-7.937433999999999878e-01,1.690506000000000064e+00,1.325088999999999961e+00,4.953759522827036292e-03,3.001173028215427530e-01
-7.931913999999999909e-01,1.693710999999999967e+00,1.326160999999999923e+00,5.420551471022044300e-03,1.579120804446725035e-01
-7.929589999999999694e-01,1.695402999999999993e+00,1.326734999999999998e+00,5.566120189144347676e-03,0.000000000000000000e+00
-7.929589999999999694e-01,1.695402999999999993e+00,1.326734999999999998e+00,5.566120189144347676e-03,1.712598970044971747e-01
-7.928975000000000328e-01,1.697148000000000101e+00,1.327399999999999913e+00,5.639228975666796956e-03,3.541793874516065976e-01
-7.922310999999999659e-01,1.700601999999999947e+00,1.328999000000000041e+00,6.199657965565590935e-03,0.000000000000000000e+00
-7.922310999999999659e-01,1.700601999999999947e+00,1.328999000000000041e+00,6.199657965565590935e-03,1.745021342628525485e-01
-7.920007999999999493e-01,1.702479000000000076e+00,1.329622000000000082e+00,6.187689815270355255e-03,3.653877446271702190e-01
-7.915349000000000412e-01,1.706156999999999924e+00,1.331086999999999909e+00,6.274410828914387013e-03,0.000000000000000000e+00
-7.915349000000000412e-01,1.706156999999999924e+00,1.331086999999999909e+00,6.274410828914387013e-03,2.035746527767932912e-01
-7.914567000000000130e-01,1.708142000000000049e+00,1.331825000000000037e+00,6.114942388117846836e-03,1.649841308450176458e-01
-7.911529999999999951e-01,1.709881999999999902e+00,1.332475999999999994e+00,6.133498519605339039e-03,4.183603096722700032e-01
-7.908568000000000264e-01,1.714175999999999922e+00,1.333995000000000042e+00,5.762133668182331525e-03,0.000000000000000000e+00
-7.908568000000000264e-01,1.714175999999999922e+00,1.333995000000000042e+00,5.762133668182331525e-03,1.859070480237229872e-01
-7.905349999999999877e-01,1.716066000000000091e+00,1.334656999999999982e+00,5.708764388201651233e-03,4.133424307397725039e-01
-7.897874999999999757e-01,1.720221000000000000e+00,1.336254000000000053e+00,5.670230228130176270e-03,1.883892952331857329e-01
-7.894666000000000183e-01,1.722218000000000027e+00,1.336975999999999942e+00,5.692699799743470082e-03,2.214128633496070531e-01
-7.889061000000000545e-01,1.724344000000000099e+00,1.337982000000000005e+00,5.949109415702425775e-03,0.000000000000000000e+00
-7.889061000000000545e-01,1.724344000000000099e+00,1.337982000000000005e+00,5.949109415702425775e-03,3.939925960275877381e-01
-7.877591000000000454e-01,1.728504000000000040e+00,1.339242000000000044e+00,5.919929189610336970e-03,2.091001257409787206e-01
-7.868876000000000204e-01,1.730528000000000066e+00,1.340151000000000092e+00,6.198551257350453508e-03,0.000000000000000000e+00
-7.868876000000000204e-01,1.730528000000000066e+00,1.340151000000000092e+00,6.198551257350453508e-03,2.217829493246617489e-01
-7.862120000000000219e-01,1.732752999999999988e+00,1.340819999999999901e+00,6.278162821239810856e-03,4.072209856521710192e-01
-7.841394000000000419e-01,1.736647999999999969e+00,1.342276999999999942e+00,6.639492827016215369e-03,0.000000000000000000e+00
-7.841394000000000419e-01,1.736647999999999969e+00,1.342276999999999942e+00,6.639492827016215369e-03,2.176174139226379201e-01
-7.829766000000000226e-01,1.738493999999999984e+00,1.342902999999999958e+00,6.696291660314629413e-03,4.041734828441346794e-01
-7.803248999999999880e-01,1.741991999999999985e+00,1.344303999999999943e+00,7.025761094714229674e-03,0.000000000000000000e+00
-7.803248999999999880e-01,1.741991999999999985e+00,1.344303999999999943e+00,7.025761094714229674e-03,1.881507831309790768e-01
-7.794486999999999943e-01,1.743854000000000015e+00,1.344908999999999910e+00,7.268310882866750242e-03,2.022701787307975285e-01
-7.779485999999999901e-01,1.745405000000000095e+00,1.345380999999999938e+00,7.248055281246062673e-03,0.000000000000000000e+00
-7.779485999999999901e-01,1.745405000000000095e+00,1.345380999999999938e+00,7.248055281246062673e-03,5.881481313206754491e-01
-7.735526999999999820e-01,1.750278000000000000e+00,1.346783000000000063e+00,7.334728017452458310e-03,0.000000000000000000e+00
-7.735526999999999820e-01,1.750278000000000000e+00,1.346783000000000063e+00,7.334728017452458310e-03,4.370393453631428171e-01
-7.702059999999999462e-01,1.753246000000000082e+00,1.347612999999999950e+00,7.327747637575958081e-03,1.807835316677086079e-01
-7.687342000000000342e-01,1.754648999999999903e+00,1.347960000000000047e+00,7.346135463629789239e-03,0.000000000000000000e+00
-7.687342000000000342e-01,1.754648999999999903e+00,1.347960000000000047e+00,7.346135463629789239e-03,2.008197990009695511e-01
-7.669270000000000254e-01,1.755964000000000080e+00,1.348465000000000025e+00,7.459139031416471034e-03,3.707896421858034031e-01
-7.638466000000000422e-01,1.758561000000000041e+00,1.348827999999999916e+00,7.351593160669324216e-03,0.000000000000000000e+00
-7.638466000000000422e-01,1.758561000000000041e+00,1.348827999999999916e+00,7.351593160669324216e-03,1.913252499087758907e-01
-7.620683000000000318e-01,1.759876999999999914e+00,1.349374000000000073e+00,7.583229217160859098e-03,2.065988060354799205e-01
-7.604370000000000296e-01,1.761277999999999899e+00,1.349415000000000031e+00,7.514613874977155682e-03,3.588550124364940919e-01
-7.569985000000000186e-01,1.763487000000000027e+00,1.349663999999999975e+00,7.403614619900237247e-03,0.000000000000000000e+00
-7.569985000000000186e-01,1.763487000000000027e+00,1.349663999999999975e+00,7.403614619900237247e-03,1.779705020505251978e-01
-7.555458999999999925e-01,1.764777999999999958e+00,1.349650999999999934e+00,7.410221303038108318e-03,3.570014860640605137e-01
-7.520312999999999581e-01,1.766829999999999901e+00,1.349653999999999909e+00,7.262588547480784175e-03,0.000000000000000000e+00
-7.520312999999999581e-01,1.766829999999999901e+00,1.349653999999999909e+00,7.262588547480784175e-03,3.536908293341398113e-01
-7.486131000000000313e-01,1.768958000000000030e+00,1.349382999999999999e+00,7.134467030549629038e-03,0.000000000000000000e+00
-7.486131000000000313e-01,1.768958000000000030e+00,1.349382999999999999e+00,7.134467030549629038e-03,3.771140141961761838e-01
-7.451130999999999727e-01,1.771122000000000085e+00,1.349221000000000004e+00,7.299848875833073007e-03,1.410846847387556280e-01
-7.438645000000000396e-01,1.772105000000000041e+00,1.348972999999999978e+00,7.429494801128933186e-03,0.000000000000000000e+00
-7.438645000000000396e-01,1.772105000000000041e+00,1.348972999999999978e+00,7.429494801128933186e-03,3.701030609106121805e-01
-7.403986000000000178e-01,1.773703999999999947e+00,1.348422000000000009e+00,7.293959103943543909e-03,1.725152693311802488e-01
-7.387245000000000061e-01,1.774591000000000030e+00,1.347887999999999975e+00,7.248014572281201266e-03,0.000000000000000000e+00
-7.387245000000000061e-01,1.774591000000000030e+00,1.347887999999999975e+00,7.248014572281201266e-03,1.589855224656906985e-01
-7.370014000000000287e-01,1.774942000000000020e+00,1.347190000000000110e+00,6.764732829166319669e-03,3.454270111099467799e-01
-7.336055999999999688e-01,1.776383999999999963e+00,1.346421000000000090e+00,6.839498519628412626e-03,0.000000000000000000e+00
-7.336055999999999688e-01,1.776383999999999963e+00,1.346421000000000090e+00,6.839498519628412626e-03,1.726257558546037685e-01
-7.318430000000000213e-01,1.776758000000000060e+00,1.345873000000000097e+00,6.602649111530954976e-03,1.673409093719354923e-01
-7.303834000000000160e-01,1.777425999999999950e+00,1.345191999999999943e+00,6.713472570882984825e-03,0.000000000000000000e+00
-7.303834000000000160e-01,1.777425999999999950e+00,1.345191999999999943e+00,6.713472570882984825e-03,3.213638145854685324e-01
-7.269835000000000047e-01,1.778192999999999913e+00,1.344052999999999942e+00,6.496425294729314855e-03,1.702578502060891619e-01
-7.254066000000000125e-01,1.778626000000000040e+00,1.343352000000000102e+00,6.547190851044579034e-03,3.255222308678260568e-01
-7.219942000000000304e-01,1.778964999999999907e+00,1.341925000000000034e+00,6.265957009906750717e-03,1.566114468504380408e-01
-7.203627000000000224e-01,1.779029999999999889e+00,1.341199000000000030e+00,6.118024815248565389e-03,0.000000000000000000e+00
-7.203627000000000224e-01,1.779029999999999889e+00,1.341199000000000030e+00,6.118024815248565389e-03,1.725405092235887949e-01
-7.185766999999999571e-01,1.778966000000000047e+00,1.340365000000000029e+00,5.929168555539668373e-03,3.463891778660847520e-01
-7.151992000000000349e-01,1.779444999999999943e+00,1.338754999999999917e+00,6.282329265487384372e-03,0.000000000000000000e+00
-7.151992000000000349e-01,1.779444999999999943e+00,1.338754999999999917e+00,6.282329265487384372e-03,1.706559866333993147e-01
-7.135289000000000215e-01,1.779412999999999911e+00,1.337933000000000039e+00,6.315922957889819403e-03,3.511283640974617870e-01
-7.101448000000000205e-01,1.779217000000000048e+00,1.336141000000000023e+00,6.444721785306103609e-03,1.636898435284439290e-01
-7.085327999999999626e-01,1.779111000000000109e+00,1.335207000000000033e+00,6.636395147970094305e-03,0.000000000000000000e+00
-7.085327999999999626e-01,1.779111000000000109e+00,1.335207000000000033e+00,6.636395147970094305e-03,1.831397479200164990e-01
-7.068427000000000460e-01,1.778928000000000065e+00,1.334340000000000082e+00,6.719951732713595575e-03,3.198233403426888888e-01
-7.039387000000000283e-01,1.778597999999999901e+00,1.332154999999999978e+00,7.460595572070691586e-03,0.000000000000000000e+00
-7.039387000000000283e-01,1.778597999999999901e+00,1.332154999999999978e+00,7.460595572070691586e-03,1.644937637897090632e-01
-7.023833000000000437e-01,1.778364000000000056e+00,1.331131000000000064e+00,7.746890279331510379e-03,1.656968918161415560e-01
-7.009511000000000491e-01,1.778181999999999929e+00,1.330043000000000086e+00,8.156500632011112403e-03,3.397497025062232723e-01
-6.980674000000000046e-01,1.777452999999999950e+00,1.327557000000000098e+00,9.114500411980740527e-03,1.668160330137064551e-01
-6.966430999999999596e-01,1.777118999999999893e+00,1.326341999999999910e+00,9.606635933561803037e-03,0.000000000000000000e+00
-6.966430999999999596e-01,1.777118999999999893e+00,1.326341999999999910e+00,9.606635933561803037e-03,3.160877167116868947e-01
-6.938157000000000352e-01,1.776426000000000061e+00,1.324213000000000084e+00,1.028931197942789533e-02,1.665944553302004527e-01
-6.923795000000000366e-01,1.776172000000000084e+00,1.322994000000000003e+00,1.078436959724579820e-02,0.000000000000000000e+00
-6.923795000000000366e-01,1.776172000000000084e+00,1.322994000000000003e+00,1.078436959724579820e-02,1.519958216192664746e-01
-6.910899000000000347e-01,1.775891000000000108e+00,1.321868999999999961e+00,1.119500015899953585e-02,3.067430067719636999e-01
-6.885816999999999632e-01,1.775203000000000086e+00,1.319526999999999894e+00,1.207251822322097899e-02,0.000000000000000000e+00
-6.885816999999999632e-01,1.775203000000000086e+00,1.319526999999999894e+00,1.207251822322097899e-02,1.594530389213979216e-01
-6.873126000000000513e-01,1.774774000000000074e+00,1.318295999999999912e+00,1.249903093403646401e-02,3.403144567426014677e-01
-6.849201000000000317e-01,1.773824000000000067e+00,1.315862000000000087e+00,1.331627379712497020e-02,0.000000000000000000e+00
-6.849201000000000317e-01,1.773824000000000067e+00,1.315862000000000087e+00,1.331627379712497020e-02,1.669308406449353521e-01
-6.835579999999999989e-01,1.773304999999999909e+00,1.314635999999999916e+00,1.361963979883456730e-02,1.648617855839783486e-01
-6.824109999999999898e-01,1.772850999999999955e+00,1.313326999999999911e+00,1.406290262214744853e-02,0.000000000000000000e+00
-6.824109999999999898e-01,1.772850999999999955e+00,1.313326999999999911e+00,1.406290262214744853e-02,4.918021165314762633e-01
-6.788499000000000061e-01,1.771605000000000096e+00,1.309504999999999919e+00,1.513048648953499616e-02,0.000000000000000000e+00
-6.788499000000000061e-01,1.771605000000000096e+00,1.309504999999999919e+00,1.513048648953499616e-02,1.652593808293613131e-01
-6.776556999999999720e-01,1.771047999999999956e+00,1.308272000000000101e+00,1.534927141235040322e-02,3.067132736446667174e-01
-6.753516000000000519e-01,1.769976999999999911e+00,1.305870000000000086e+00,1.571238274610192026e-02,0.000000000000000000e+00
-6.753516000000000519e-01,1.769976999999999911e+00,1.305870000000000086e+00,1.571238274610192026e-02,1.611142028582786268e-01
-6.741804999999999604e-01,1.769385999999999903e+00,1.304699999999999971e+00,1.579996490502419068e-02,3.036849931450940621e-01
-6.720066000000000095e-01,1.768393000000000104e+00,1.302400999999999920e+00,1.599380618739659754e-02,1.511314279444996578e-01
-6.708766999999999925e-01,1.767841999999999913e+00,1.301333999999999991e+00,1.593980953117063448e-02,0.000000000000000000e+00
-6.708766999999999925e-01,1.767841999999999913e+00,1.301333999999999991e+00,1.593980953117063448e-02,1.247522690665461981e-01
-6.698625000000000274e-01,1.767509999999999915e+00,1.300391999999999992e+00,1.590524022735898338e-02,2.876088391109923315e-01
-6.678842999999999863e-01,1.766397999999999913e+00,1.298224999999999962e+00,1.587035965692028261e-02,0.000000000000000000e+00
-6.678842999999999863e-01,1.766397999999999913e+00,1.298224999999999962e+00,1.587035965692028261e-02,1.392785290367448692e-01
-6.667731000000000074e-01,1.765821000000000085e+00,1.297139000000000042e+00,1.573607804664169108e-02,2.957723757173859602e-01
-6.648380999999999874e-01,1.764582000000000095e+00,1.295085000000000042e+00,1.545595628908155890e-02,0.000000000000000000e+00
-6.648380999999999874e-01,1.764582000000000095e+00,1.295085000000000042e+00,1.545595628908155890e-02,2.893636239473448279e-01
-6.629353000000000051e-01,1.763362000000000096e+00,1.292880999999999947e+00,1.519418712040897755e-02,0.000000000000000000e+00
-6.629353000000000051e-01,1.763362000000000096e+00,1.292880999999999947e+00,1.519418712040897755e-02,2.846269366054486327e-01
-6.610226999999999631e-01,1.762150000000000105e+00,1.290756000000000014e+00,1.477835707005355388e-02,1.415396351742465031e-01
-6.601346000000000158e-01,1.761465000000000058e+00,1.289593999999999907e+00,1.461140319100119427e-02,0.000000000000000000e+00
-6.601346000000000158e-01,1.761465000000000058e+00,1.289593999999999907e+00,1.461140319100119427e-02,1.423446077675595001e-01
-6.592955999999999817e-01,1.760790000000000077e+00,1.288475000000000037e+00,1.443700925953855102e-02,3.021569606958022236e-01
-6.573934999999999640e-01,1.759427000000000074e+00,1.286153000000000102e+00,1.387393416302669207e-02,0.000000000000000000e+00
-6.573934999999999640e-01,1.759427000000000074e+00,1.286153000000000102e+00,1.387393416302669207e-02,1.578734285039763985e-01
-6.565398999999999541e-01,1.758577999999999975e+00,1.284918999999999922e+00,1.358416930989895383e-02,3.093932588389239347e-01
-6.547174000000000049e-01,1.756871999999999989e+00,1.282423000000000091e+00,1.285041839163216480e-02,0.000000000000000000e+00
-6.547174000000000049e-01,1.756871999999999989e+00,1.282423000000000091e+00,1.285041839163216480e-02,1.542084143121612849e-01
-6.538353000000000081e-01,1.756000000000000005e+00,1.281174999999999953e+00,1.245162975718440770e-02,1.677129789942544968e-01
-6.529863000000000195e-01,1.755058000000000007e+00,1.279856000000000105e+00,1.203739262008179066e-02,0.000000000000000000e+00
-6.529863000000000195e-01,1.755058000000000007e+00,1.279856000000000105e+00,1.203739262008179066e-02,3.074437996037153176e-01
-6.517617999999999467e-01,1.753352000000000022e+00,1.277045999999999903e+00,1.163117443597159323e-02,1.459975229567371247e-01
-6.511369000000000185e-01,1.752631999999999968e+00,1.275770000000000071e+00,1.137907556702209833e-02,3.240681769191323669e-01
-6.502611999999999837e-01,1.750793000000000044e+00,1.272683999999999926e+00,1.108135155339826962e-02,1.566725110786148234e-01
-6.496526999999999719e-01,1.749975000000000058e+00,1.271311999999999998e+00,1.073708372929996734e-02,0.000000000000000000e+00
-6.496526999999999719e-01,1.749975000000000058e+00,1.271311999999999998e+00,1.073708372929996734e-02,1.333125827911963990e-01
-6.490839000000000469e-01,1.749198000000000031e+00,1.270221999999999962e+00,1.030256505730507352e-02,3.246843987930289055e-01
-6.479179999999999939e-01,1.747390999999999917e+00,1.267403000000000057e+00,9.446725009758660460e-03,1.361455085412308086e-01
-6.474562000000000372e-01,1.746626000000000012e+00,1.266134000000000093e+00,9.089791351290784499e-03,0.000000000000000000e+00
-6.474562000000000372e-01,1.746626000000000012e+00,1.266134000000000093e+00,9.089791351290784499e-03,1.570038544070883058e-01
-6.471198000000000228e-01,1.745876999999999901e+00,1.264718999999999927e+00,8.872411611844809379e-03,2.812990245054718952e-01
-6.463826000000000294e-01,1.744477999999999973e+00,1.261926000000000103e+00,8.352409151855574865e-03,0.000000000000000000e+00
-6.463826000000000294e-01,1.744477999999999973e+00,1.261926000000000103e+00,8.352409151855574865e-03,1.532239428703809359e-01
-6.460787999999999531e-01,1.743757000000000001e+00,1.260447000000000095e+00,8.124257763635941987e-03,3.005731219650576436e-01
-6.456165000000000376e-01,1.742283999999999944e+00,1.257387999999999950e+00,7.687688784023393763e-03,0.000000000000000000e+00
-6.456165000000000376e-01,1.742283999999999944e+00,1.257387999999999950e+00,7.687688784023393763e-03,1.636520141852186583e-01
-6.454163000000000538e-01,1.741505000000000081e+00,1.255794000000000077e+00,7.461595068080340530e-03,1.717522080383094563e-01
-6.452115000000000489e-01,1.740722000000000103e+00,1.254104000000000108e+00,7.204816600719346834e-03,3.747770863179671896e-01
-6.450983999999999607e-01,1.738828000000000040e+00,1.250482000000000093e+00,6.595976747230119716e-03,1.757346470044433562e-01
-6.448047000000000084e-01,1.738075000000000037e+00,1.248647000000000062e+00,6.354446733587463918e-03,0.000000000000000000e+00
-6.448047000000000084e-01,1.738075000000000037e+00,1.248647000000000062e+00,6.354446733587463918e-03,3.990136259491937620e-01
-6.450354999999999839e-01,1.736480000000000024e+00,1.244602999999999904e+00,6.126791506163780515e-03,1.890068843233814744e-01
-6.451535000000000464e-01,1.735702000000000078e+00,1.242696999999999941e+00,6.009921055222110405e-03,0.000000000000000000e+00
-6.451535000000000464e-01,1.735702000000000078e+00,1.242696999999999941e+00,6.009921055222110405e-03,2.111677314674837436e-01
-6.455045000000000366e-01,1.734907999999999895e+00,1.240563000000000082e+00,5.957364794101368578e-03,3.801096695216086285e-01
-6.459266999999999648e-01,1.733413000000000093e+00,1.236717999999999984e+00,5.763034360473756959e-03,0.000000000000000000e+00
-6.459266999999999648e-01,1.733413000000000093e+00,1.236717999999999984e+00,5.763034360473756959e-03,2.001359463677366002e-01
-6.462902999999999842e-01,1.732652000000000081e+00,1.234704000000000024e+00,5.670822629037112171e-03,1.944251148892909842e-01
-6.466334000000000248e-01,1.731872999999999996e+00,1.232758999999999938e+00,5.571815894302250237e-03,0.000000000000000000e+00
-6.466334000000000248e-01,1.731872999999999996e+00,1.232758999999999938e+00,5.571815894302250237e-03,3.819418033616629460e-01
-6.475777999999999812e-01,1.730458000000000052e+00,1.228750999999999927e+00,5.563041250970585799e-03,1.798520917556200027e-01
-6.480255000000000321e-01,1.729573999999999945e+00,1.226954000000000100e+00,5.398884792250921612e-03,3.433833550165737991e-01
-6.491826000000000541e-01,1.728283999999999931e+00,1.223440000000000083e+00,5.402781588218937697e-03,1.840072568140307119e-01
-6.496397999999999895e-01,1.727629000000000081e+00,1.221699000000000090e+00,5.454622722058868542e-03,0.000000000000000000e+00
-6.496397999999999895e-01,1.727629000000000081e+00,1.221699000000000090e+00,5.454622722058868542e-03,1.650361720216311778e-01
-6.501460000000000017e-01,1.726982999999999935e+00,1.220005999999999924e+00,5.560245080929475912e-03,3.583572001672181151e-01
-6.513991000000000087e-01,1.725891999999999982e+00,1.216463000000000072e+00,5.948464948203007960e-03,1.594803891979078569e-01
-6.517214999999999536e-01,1.725395000000000012e+00,1.214827000000000101e+00,6.378374925480643533e-03,0.000000000000000000e+00
-6.517214999999999536e-01,1.725395000000000012e+00,1.214827000000000101e+00,6.378374925480643533e-03,3.206068369111473859e-01
-6.526239000000000345e-01,1.724293999999999993e+00,1.211632000000000042e+00,7.126287181976229471e-03,1.572427049154839773e-01
-6.531169000000000002e-01,1.723894999999999955e+00,1.210037999999999947e+00,7.562038167055250802e-03,0.000000000000000000e+00
-6.531169000000000002e-01,1.723894999999999955e+00,1.210037999999999947e+00,7.562038167055250802e-03,1.922508983913214509e-01
-6.538283999999999763e-01,1.723362999999999978e+00,1.208137999999999934e+00,8.031236153918137541e-03,3.229571319263940254e-01
-6.551458999999999477e-01,1.722569000000000017e+00,1.204968000000000039e+00,8.857188106842911468e-03,0.000000000000000000e+00
-6.551458999999999477e-01,1.722569000000000017e+00,1.204968000000000039e+00,8.857188106842911468e-03,1.640050540505149923e-01
-6.559260000000000090e-01,1.722148000000000012e+00,1.203319999999999945e+00,9.241476765647372096e-03,1.736599387033858910e-01
-6.566269000000000133e-01,1.721581000000000028e+00,1.201753000000000071e+00,9.677139298366914041e-03,2.986025018828826205e-01
-6.582086000000000325e-01,1.720753999999999895e+00,1.198676999999999992e+00,1.052064775809929964e-02,1.618886473753914645e-01
-6.589622000000000535e-01,1.720229999999999926e+00,1.197168000000000010e+00,1.101293838582597523e-02,0.000000000000000000e+00
-6.589622000000000535e-01,1.720229999999999926e+00,1.197168000000000010e+00,1.101293838582597523e-02,3.009118068643749089e-01
-6.604828999999999839e-01,1.719419000000000031e+00,1.194201999999999986e+00,1.201117791892200581e-02,1.723578590332553728e-01
-6.615493000000000068e-01,1.719022000000000050e+00,1.192598000000000047e+00,1.242608605957639181e-02,0.000000000000000000e+00
-6.615493000000000068e-01,1.719022000000000050e+00,1.192598000000000047e+00,1.242608605957639181e-02,1.556176216608291529e-01
-6.624936999999999632e-01,1.718639000000000028e+00,1.191143999999999981e+00,1.286694796756413482e-02,3.122007355074906676e-01
-6.642578000000000094e-01,1.717789000000000010e+00,1.188357000000000108e+00,1.386951683549198650e-02,0.000000000000000000e+00
-6.642578000000000094e-01,1.717789000000000010e+00,1.188357000000000108e+00,1.386951683549198650e-02,1.313906080045719738e-01
-6.649713999999999903e-01,1.717425999999999897e+00,1.187014000000000014e+00,1.447196570753264862e-02,3.357745102186350805e-01
-6.671707999999999528e-01,1.716807999999999890e+00,1.184363999999999972e+00,1.523086936093945819e-02,0.000000000000000000e+00
-6.671707999999999528e-01,1.716807999999999890e+00,1.184363999999999972e+00,1.523086936093945819e-02,1.347626088213380868e-01
-6.682519999999999571e-01,1.716750999999999916e+00,1.183181000000000038e+00,1.548023702790108681e-02,1.750898855612139648e-01
-6.695389999999999953e-01,1.716676000000000091e+00,1.181890000000000107e+00,1.573127528237920972e-02,0.000000000000000000e+00
-6.695389999999999953e-01,1.716676000000000091e+00,1.181890000000000107e+00,1.573127528237920972e-02,4.331057295649961558e-01
-6.732972000000000401e-01,1.716388000000000025e+00,1.178693999999999908e+00,1.620596994443709166e-02,0.000000000000000000e+00
-6.732972000000000401e-01,1.716388000000000025e+00,1.178693999999999908e+00,1.620596994443709166e-02,1.513976110956668231e-01
-6.746394999999999476e-01,1.716490999999999989e+00,1.177737000000000034e+00,1.621457647334636348e-02,2.876544210728028683e-01
-6.773801000000000405e-01,1.716846000000000094e+00,1.175712000000000090e+00,1.631109898964491073e-02,1.497183069324963256e-01
-6.787834000000000367e-01,1.716916000000000109e+00,1.174879000000000007e+00,1.629267559365232820e-02,0.000000000000000000e+00
-6.787834000000000367e-01,1.716916000000000109e+00,1.174879000000000007e+00,1.629267559365232820e-02,3.040861975604868261e-01
-6.816936000000000107e-01,1.717622999999999900e+00,1.173127000000000031e+00,1.612323036770239859e-02,1.221487714837590222e-01
-6.826984999999999859e-01,1.717750000000000110e+00,1.172260999999999997e+00,1.635156404629228150e-02,0.000000000000000000e+00
-6.826984999999999859e-01,1.717750000000000110e+00,1.172260999999999997e+00,1.635156404629228150e-02,1.476824741046700862e-01
-6.841171000000000335e-01,1.718312000000000062e+00,1.171545999999999976e+00,1.612376869717500535e-02,3.395389822230587828e-01
-6.871003999999999445e-01,1.719079999999999941e+00,1.169812999999999992e+00,1.609992208956301241e-02,0.000000000000000000e+00
-6.871003999999999445e-01,1.719079999999999941e+00,1.169812999999999992e+00,1.609992208956301241e-02,1.590993568008135794e-01
-6.887626999999999500e-01,1.719678000000000040e+00,1.169132000000000060e+00,1.583497604197750541e-02,3.163574209359634737e-01
-6.916141999999999568e-01,1.720657000000000103e+00,1.167799000000000031e+00,1.559313967775563699e-02,0.000000000000000000e+00
-6.916141999999999568e-01,1.720657000000000103e+00,1.167799000000000031e+00,1.559313967775563699e-02,2.779338971491736587e-01
-6.944088999999999956e-01,1.722102000000000022e+00,1.166770000000000085e+00,1.500883186793678867e-02,0.000000000000000000e+00
-6.944088999999999956e-01,1.722102000000000022e+00,1.166770000000000085e+00,1.500883186793678867e-02,2.943484334707606731e-01
-6.970191000000000026e-01,1.723794999999999966e+00,1.165974000000000066e+00,1.426897366175986122e-02,1.509347024335630227e-01
-6.984278999999999904e-01,1.724714999999999998e+00,1.165607000000000060e+00,1.384953963458715465e-02,0.000000000000000000e+00
-6.984278999999999904e-01,1.724714999999999998e+00,1.165607000000000060e+00,1.384953963458715465e-02,1.576368735951824418e-01
-6.997472999999999610e-01,1.725646999999999931e+00,1.165318000000000076e+00,1.340477625922928753e-02,2.620712537969938638e-01
-7.022426000000000501e-01,1.727452999999999905e+00,1.164814000000000016e+00,1.257714717294827929e-02,0.000000000000000000e+00
-7.022426000000000501e-01,1.727452999999999905e+00,1.164814000000000016e+00,1.257714717294827929e-02,1.478940010618850498e-01
-7.034675999999999707e-01,1.728385999999999978e+00,1.164601999999999915e+00,1.215360261033742763e-02,2.802379290255425648e-01
-7.060007999999999839e-01,1.730536000000000074e+00,1.164285000000000014e+00,1.116809386645720333e-02,0.000000000000000000e+00
-7.060007999999999839e-01,1.730536000000000074e+00,1.164285000000000014e+00,1.116809386645720333e-02,1.433375448807739094e-01
-7.072903999999999858e-01,1.731535000000000046e+00,1.164168000000000092e+00,1.069103097180046542e-02,1.462742419768325308e-01
-7.085046999999999873e-01,1.732558999999999960e+00,1.164014000000000104e+00,1.028125114030381884e-02,0.000000000000000000e+00
-7.085046999999999873e-01,1.732558999999999960e+00,1.164014000000000104e+00,1.028125114030381884e-02,2.786462759180897142e-01
-7.109672999999999687e-01,1.734550000000000036e+00,1.163731000000000071e+00,9.515294412681044381e-03,1.550964188188549420e-01
-7.123043999999999487e-01,1.735729999999999995e+00,1.163699000000000039e+00,9.010720781380404665e-03,3.088528290306914448e-01
-7.146997000000000488e-01,1.737872000000000083e+00,1.163521999999999945e+00,8.248344008951228115e-03,1.318950056051730324e-01
-7.158735000000000515e-01,1.738790999999999976e+00,1.163326000000000082e+00,8.029510971410389747e-03,0.000000000000000000e+00
-7.158735000000000515e-01,1.738790999999999976e+00,1.163326000000000082e+00,8.029510971410389747e-03,1.544592401895963640e-01
-7.170758000000000409e-01,1.739854999999999929e+00,1.163413999999999948e+00,7.528857506952810370e-03,3.331814352702071602e-01
-7.197599000000000080e-01,1.742304000000000075e+00,1.163226000000000093e+00,6.865455032989247960e-03,0.000000000000000000e+00
-7.197599000000000080e-01,1.742304000000000075e+00,1.163226000000000093e+00,6.865455032989247960e-03,1.626010856875892974e-01
-7.210836000000000467e-01,1.743484999999999951e+00,1.163227999999999929e+00,6.488775481552854461e-03,1.674908340049409694e-01
-7.223791999999999991e-01,1.744774999999999965e+00,1.163135000000000030e+00,6.195932931367203328e-03,3.233429049881892392e-01
-7.252851000000000159e-01,1.747295999999999960e+00,1.163057000000000007e+00,5.566413819507212181e-03,0.000000000000000000e+00
-7.252851000000000159e-01,1.747295999999999960e+00,1.163057000000000007e+00,5.566413819507212181e-03,1.667544057794801138e-01
-7.266829000000000205e-01,1.748459999999999903e+00,1.163089000000000039e+00,5.198104547813540456e-03,3.129671333574761127e-01
-7.293102999999999669e-01,1.751095999999999986e+00,1.163294999999999968e+00,4.489697407398371941e-03,0.000000000000000000e+00
-7.293102999999999669e-01,1.751095999999999986e+00,1.163294999999999968e+00,4.489697407398371941e-03,3.242327431361346490e-01
-7.319080999999999504e-01,1.753722000000000003e+00,1.163499000000000061e+00,3.829280121641686317e-03,0.000000000000000000e+00
-7.319080999999999504e-01,1.753722000000000003e+00,1.163499000000000061e+00,3.829280121641686317e-03,3.355826277962256077e-01
-7.343408999999999631e-01,1.756456999999999935e+00,1.163572999999999968e+00,3.396914159939823114e-03,1.473261910972245015e-01
-7.354095000000000493e-01,1.757749000000000006e+00,1.163694000000000006e+00,3.172300535888713472e-03,0.000000000000000000e+00
-7.354095000000000493e-01,1.757749000000000006e+00,1.163694000000000006e+00,3.172300535888713472e-03,2.989220991462928634e-01
-7.374336999999999698e-01,1.760286000000000017e+00,1.164012999999999964e+00,2.718649335607630294e-03,1.601352234605884772e-01
-7.385230000000000405e-01,1.761643000000000070e+00,1.164169000000000009e+00,2.443597718529065283e-03,0.000000000000000000e+00
-7.385230000000000405e-01,1.761643000000000070e+00,1.164169000000000009e+00,2.443597718529065283e-03,1.527381305492519492e-01
-7.395315000000000083e-01,1.762963999999999976e+00,1.164290000000000047e+00,2.279321074355309187e-03,2.922027232933537277e-01
-7.413718999999999726e-01,1.765565000000000051e+00,1.164462000000000108e+00,2.164628457726594079e-03,0.000000000000000000e+00
-7.413718999999999726e-01,1.765565000000000051e+00,1.164462000000000108e+00,2.164628457726594079e-03,1.287060974857082984e-01
-7.421330999999999900e-01,1.766815000000000024e+00,1.164582999999999924e+00,2.039476756425706062e-03,1.436948981427983996e-01
-7.428949000000000247e-01,1.768103999999999898e+00,1.164593999999999907e+00,2.032484993794641398e-03,0.000000000000000000e+00
-7.428949000000000247e-01,1.768103999999999898e+00,1.164593999999999907e+00,2.032484993794641398e-03,2.657667102139953941e-01
-7.445488000000000106e-01,1.770636000000000099e+00,1.164774999999999894e+00,1.890369723096715134e-03,1.397804488637391929e-01
-7.453975999999999935e-01,1.771903000000000006e+00,1.164840000000000098e+00,1.878419399388783209e-03,2.497955657636150850e-01
-7.467922999999999645e-01,1.774388000000000076e+00,1.164894000000000096e+00,2.009073030031413229e-03,1.348695793988042291e-01
-7.474747000000000474e-01,1.775689000000000073e+00,1.164811000000000041e+00,2.216000306859161866e-03,0.000000000000000000e+00
-7.474747000000000474e-01,1.775689000000000073e+00,1.164811000000000041e+00,2.216000306859161866e-03,1.219155826363033102e-01
-7.482921999999999629e-01,1.776888999999999941e+00,1.164808000000000066e+00,2.329480459243941145e-03,2.293246344400531322e-01
-7.492999999999999661e-01,1.779179000000000066e+00,1.164798999999999918e+00,2.534134505112234544e-03,0.000000000000000000e+00
-7.492999999999999661e-01,1.779179000000000066e+00,1.164798999999999918e+00,2.534134505112234544e-03,1.030051636924692454e-01
-7.496623999999999510e-01,1.780297000000000018e+00,1.164794000000000107e+00,2.654520907809922343e-03,2.217613306422824004e-01
-7.508377999999999997e-01,1.782532999999999923e+00,1.164940000000000087e+00,2.768727866728588980e-03,1.144778050836958716e-01
-7.512474000000000096e-01,1.783652000000000015e+00,1.164954999999999963e+00,2.906536867132425254e-03,0.000000000000000000e+00
-7.512474000000000096e-01,1.783652000000000015e+00,1.164954999999999963e+00,2.906536867132425254e-03,8.722942759236171351e-02
-7.516009999999999636e-01,1.784715000000000051e+00,1.165060999999999902e+00,2.969517469219632409e-03,2.686087453172849582e-01
-7.524326000000000070e-01,1.786961999999999939e+00,1.165070999999999968e+00,3.339105756037106815e-03,0.000000000000000000e+00
-7.524326000000000070e-01,1.786961999999999939e+00,1.165070999999999968e+00,3.339105756037106815e-03,1.034740304690550394e-01
-7.528418999999999528e-01,1.788013999999999992e+00,1.165086000000000066e+00,3.454374131445458324e-03,1.133623262253825315e-01
-7.532100999999999935e-01,1.789136000000000060e+00,1.165057000000000009e+00,3.646277588171187387e-03,1.906312910818214468e-01
-7.537848999999999799e-01,1.791317999999999966e+00,1.165291000000000077e+00,3.784931439273348224e-03,9.750643513689326303e-02
-7.541799999999999615e-01,1.792305000000000037e+00,1.165327999999999919e+00,3.945568344358203403e-03,0.000000000000000000e+00
-7.541799999999999615e-01,1.792305000000000037e+00,1.165327999999999919e+00,3.945568344358203403e-03,1.821827088730033350e-01
-7.548479999999999634e-01,1.794364999999999988e+00,1.165429999999999966e+00,4.215799237392707163e-03,1.100565736494794888e-01
-7.551961000000000368e-01,1.795514000000000054e+00,1.165411999999999892e+00,4.445090888834551598e-03,0.000000000000000000e+00
-7.551961000000000368e-01,1.795514000000000054e+00,1.165411999999999892e+00,4.445090888834551598e-03,9.531069723233145941e-02
-7.555965999999999516e-01,1.796572000000000058e+00,1.165505999999999931e+00,4.566912103380298474e-03,2.088397221339461929e-01
-7.562256000000000533e-01,1.798715000000000064e+00,1.165945999999999927e+00,4.611515885259524598e-03,0.000000000000000000e+00
-7.562256000000000533e-01,1.798715000000000064e+00,1.165945999999999927e+00,4.611515885259524598e-03,9.724528447839760059e-02
-7.564684999999999881e-01,1.799795000000000034e+00,1.166021999999999892e+00,4.773340785026910713e-03,2.474347555117021313e-01
-7.570883999999999947e-01,1.802421999999999969e+00,1.166064999999999907e+00,5.304200772972287106e-03,0.000000000000000000e+00
-7.570883999999999947e-01,1.802421999999999969e+00,1.166064999999999907e+00,5.304200772972287106e-03,1.234101046798469214e-01
-7.574986999999999693e-01,1.803746000000000071e+00,1.166312999999999933e+00,5.388722135163510028e-03,1.247179509252111795e-01
-7.576861000000000290e-01,1.805045000000000011e+00,1.166671999999999931e+00,5.335963736758461522e-03,0.000000000000000000e+00
-7.576861000000000290e-01,1.805045000000000011e+00,1.166671999999999931e+00,5.335963736758461522e-03,3.581665224079476628e-01
-7.585952000000000250e-01,1.809126999999999930e+00,1.167513000000000023e+00,5.590079333962867311e-03,0.000000000000000000e+00
-7.585952000000000250e-01,1.809126999999999930e+00,1.167513000000000023e+00,5.590079333962867311e-03,1.327904773771710623e-01
-7.587283000000000222e-01,1.810529000000000055e+00,1.167853000000000030e+00,5.601557773512656768e-03,2.344070402121389840e-01
-7.590177000000000174e-01,1.813215000000000021e+00,1.168557000000000068e+00,5.627442425294033358e-03,0.000000000000000000e+00
-7.590177000000000174e-01,1.813215000000000021e+00,1.168557000000000068e+00,5.627442425294033358e-03,1.314016036603697368e-01
-7.590462999999999516e-01,1.814653999999999989e+00,1.168976999999999933e+00,5.578821851430655447e-03,2.782330154986446535e-01
-7.591679000000000066e-01,1.817430000000000101e+00,1.170198999999999989e+00,5.169362561283680386e-03,1.360277883312899228e-01
-7.592453999999999592e-01,1.818816999999999906e+00,1.170725000000000016e+00,5.076107296935184615e-03,0.000000000000000000e+00
-7.592453999999999592e-01,1.818816999999999906e+00,1.170725000000000016e+00,5.076107296935184615e-03,1.188924649428403785e-01
-7.592436999999999658e-01,1.820090999999999903e+00,1.171191000000000093e+00,4.998871897738347420e-03,2.875660854946657241e-01
-7.591560000000000530e-01,1.823039999999999994e+00,1.172258000000000022e+00,4.855818700281142562e-03,0.000000000000000000e+00
-7.591560000000000530e-01,1.823039999999999994e+00,1.172258000000000022e+00,4.855818700281142562e-03,1.280716379002227456e-01
-7.592455999999999650e-01,1.824400000000000022e+00,1.172784999999999966e+00,4.839632466417387313e-03,2.835128129802444996e-01
-7.589306999999999581e-01,1.827272999999999925e+00,1.173886999999999903e+00,4.678751495858831516e-03,0.000000000000000000e+00
-7.589306999999999581e-01,1.827272999999999925e+00,1.173886999999999903e+00,4.678751495858831516e-03,2.476145922546423017e-01
-7.585652000000000506e-01,1.829957000000000056e+00,1.175052999999999903e+00,4.403701612280341328e-03,0.000000000000000000e+00
-7.585652000000000506e-01,1.829957000000000056e+00,1.175052999999999903e+00,4.403701612280341328e-03,2.785126839894497830e-01
-7.580189999999999984e-01,1.832723000000000102e+00,1.176185999999999954e+00,4.165636312737920968e-03,1.221342555938963459e-01
-7.575735999999999581e-01,1.833971000000000018e+00,1.176786000000000110e+00,3.916970544949169644e-03,0.000000000000000000e+00
-7.575735999999999581e-01,1.833971000000000018e+00,1.176786000000000110e+00,3.916970544949169644e-03,1.329113977736594288e-01
-7.572113999999999789e-01,1.835264999999999924e+00,1.177330999999999905e+00,3.786532735894430901e-03,2.423702985309131586e-01
-7.558648999999999507e-01,1.837507999999999919e+00,1.178550999999999904e+00,3.034745144159476608e-03,0.000000000000000000e+00
-7.558648999999999507e-01,1.837507999999999919e+00,1.178550999999999904e+00,3.034745144159476608e-03,1.240143123423924909e-01
-7.554861999999999966e-01,1.838703999999999894e+00,1.179060999999999915e+00,2.924534964742320654e-03,2.323610972774765582e-01
-7.543187000000000086e-01,1.840897999999999923e+00,1.180272999999999906e+00,2.328797062863141847e-03,0.000000000000000000e+00
-7.543187000000000086e-01,1.840897999999999923e+00,1.180272999999999906e+00,2.328797062863141847e-03,1.199343758564177798e-01
-7.537236000000000491e-01,1.841857999999999995e+00,1.180805000000000105e+00,2.055682718709161711e-03,1.038032614052480235e-01
-7.531923999999999841e-01,1.842818999999999985e+00,1.181248999999999993e+00,1.907534387632354176e-03,0.000000000000000000e+00
-7.531923999999999841e-01,1.842818999999999985e+00,1.181248999999999993e+00,1.907534387632354176e-03,2.150128913373380024e-01
-7.519390999999999714e-01,1.844802000000000053e+00,1.181966999999999990e+00,1.823389264529062630e-03,8.954738261235714591e-02
-7.513362999999999570e-01,1.845625000000000071e+00,1.182274999999999965e+00,1.784187627465208060e-03,1.981934462660600582e-01
-7.504138999999999671e-01,1.847455999999999987e+00,1.182522999999999991e+00,2.069321386348617862e-03,7.441227840243773428e-02
-7.499293999999999683e-01,1.848106999999999944e+00,1.182546000000000097e+00,2.371981502878837966e-03,0.000000000000000000e+00
-7.499293999999999683e-01,1.848106999999999944e+00,1.182546000000000097e+00,2.371981502878837966e-03,9.599442151741459373e-02
-7.493353000000000375e-01,1.848834000000000088e+00,1.182890999999999915e+00,2.258965860742581308e-03,1.412625236771576920e-01
-7.484764999999999890e-01,1.850105000000000111e+00,1.182741999999999960e+00,2.874456054630247868e-03,5.824078601553937806e-02
-7.480685999999999725e-01,1.850641999999999898e+00,1.182901999999999898e+00,2.915865170065406759e-03,0.000000000000000000e+00
-7.480685999999999725e-01,1.850641999999999898e+00,1.182901999999999898e+00,2.915865170065406759e-03,6.011920183360207337e-02
-7.478936000000000472e-01,1.851266999999999996e+00,1.182679999999999954e+00,3.284314949879229509e-03,8.900848405080889758e-02
-7.476968999999999976e-01,1.852235999999999994e+00,1.182452000000000059e+00,3.727217546642443233e-03,0.000000000000000000e+00
-7.476968999999999976e-01,1.852235999999999994e+00,1.182452000000000059e+00,3.727217546642443233e-03,6.679151830620898289e-02
-7.474941999999999975e-01,1.852857999999999894e+00,1.182131000000000043e+00,4.226227941083994522e-03,7.092266445203063152e-02
-7.472404999999999742e-01,1.853380999999999945e+00,1.181567000000000034e+00,4.943586071871244880e-03,0.000000000000000000e+00
-7.472404999999999742e-01,1.853380999999999945e+00,1.181567000000000034e+00,4.943586071871244880e-03,4.602253611870688044e-02
-7.470588999999999702e-01,1.853804999999999925e+00,1.181316000000000033e+00,5.286422458525159504e-03,3.649401606324790409e-02
-7.468354999999999855e-01,1.854079000000000033e+00,1.181095999999999924e+00,5.594123724945716629e-03,6.496951087204839992e-02
-7.466268999999999822e-01,1.854753000000000096e+00,1.181027999999999967e+00,5.881472363277737321e-03,1.883930869443106379e-02
-7.465150000000000396e-01,1.854902999999999968e+00,1.180943000000000076e+00,6.001332626175471564e-03,0.000000000000000000e+00
-7.465150000000000396e-01,1.854902999999999968e+00,1.180943000000000076e+00,6.001332626175471564e-03,6.789919166860000632e-02
-7.464752000000000054e-01,1.855218999999999951e+00,1.181573999999999902e+00,5.466649559830965080e-03,4.560697621411457375e-02
-7.464920999999999918e-01,1.855442000000000036e+00,1.182018999999999931e+00,5.109464555117296941e-03,0.000000000000000000e+00
-7.464920999999999918e-01,1.855442000000000036e+00,1.182018999999999931e+00,5.109464555117296941e-03,4.117679451981887812e-02
-7.466551999999999634e-01,1.855644999999999989e+00,1.182360000000000078e+00,4.849589818737094250e-03,1.472569494725902428e-01
-7.474878000000000355e-01,1.855890000000000040e+00,1.183712000000000097e+00,3.769313365853199996e-03,0.000000000000000000e+00
-7.474878000000000355e-01,1.855890000000000040e+00,1.183712000000000097e+00,3.769313365853199996e-03,1.128114303086668185e-01
-7.481955999999999607e-01,1.856200000000000072e+00,1.184669999999999890e+00,3.351686007071773277e-03,1.354928791931241383e-01
-7.488544000000000311e-01,1.856902999999999970e+00,1.185702000000000034e+00,3.504840482818019024e-03,0.000000000000000000e+00
-7.488544000000000311e-01,1.856902999999999970e+00,1.185702000000000034e+00,3.504840482818019024e-03,2.827564119906639251e-01
-7.504716000000000165e-01,1.857315999999999967e+00,1.188129999999999908e+00,4.833103008420157852e-03,1.380386414130809480e-01
-7.513026999999999900e-01,1.857609999999999983e+00,1.189351000000000047e+00,6.010968038510954188e-03,2.936601080607852965e-01
-7.530362999999999918e-01,1.857512000000000052e+00,1.192387000000000086e+00,8.828406594624048365e-03,0.000000000000000000e+00
