-8.524538999999999866e-01,1.799395999999999995e+00,1.365475999999999912e+00,6.831420239598734456e-03,0.000000000000000000e+00
-8.524538999999999866e-01,1.799395999999999995e+00,1.365475999999999912e+00,6.831420239598734456e-03,2.418539183024076555e-02
-8.524078999999999962e-01,1.799241000000000090e+00,1.365283000000000024e+00,6.957708307337840022e-03,1.136424389161678865e-02
-8.524005000000000054e-01,1.799155000000000060e+00,1.365194000000000019e+00,7.034569056452446949e-03,1.418989079382512904e-02
-8.522532000000000441e-01,1.799079000000000095e+00,1.365226999999999968e+00,6.941950803628530592e-03,0.000000000000000000e+00
-8.522532000000000441e-01,1.799079000000000095e+00,1.365226999999999968e+00,6.941950803628530592e-03,4.597463001068748806e-02
-8.517341999999999969e-01,1.799104000000000037e+00,1.365299000000000040e+00,6.522401870476721673e-03,1.344627669335401836e-02
-8.516006000000000409e-01,1.799056999999999906e+00,1.365358000000000072e+00,6.419946884515417666e-03,0.000000000000000000e+00
-8.516006000000000409e-01,1.799056999999999906e+00,1.365358000000000072e+00,6.419946884515417666e-03,1.393448844299542341e-02
-8.516091999999999551e-01,1.799125000000000085e+00,1.365485999999999978e+00,6.324006416821384771e-03,3.863108083026971229e-02
-8.518286000000000469e-01,1.799234000000000000e+00,1.365874999999999950e+00,6.232516827093173908e-03,0.000000000000000000e+00
-8.518286000000000469e-01,1.799234000000000000e+00,1.365874999999999950e+00,6.232516827093173908e-03,1.035486859352397621e-02
-8.518295000000000172e-01,1.799237999999999893e+00,1.365987999999999980e+00,6.177645506987248028e-03,2.510145397678922863e-02
-8.517382000000000009e-01,1.799074000000000062e+00,1.366203999999999974e+00,6.090957556903398538e-03,0.000000000000000000e+00
-8.517382000000000009e-01,1.799074000000000062e+00,1.366203999999999974e+00,6.090957556903398538e-03,7.272792721575231135e-03
-8.517531999999999881e-01,1.799083999999999905e+00,1.366284999999999972e+00,6.062039092582583062e-03,1.447274989002414296e-02
-8.517782999999999882e-01,1.799131999999999953e+00,1.366441000000000017e+00,5.991856030479952161e-03,3.879664728526439205e-02
-8.514924000000000381e-01,1.799176000000000109e+00,1.366749999999999909e+00,5.629635675600953675e-03,1.785445249349584471e-02
-8.513121999999999634e-01,1.799158999999999953e+00,1.366821999999999981e+00,5.475172304137927021e-03,0.000000000000000000e+00
-8.513121999999999634e-01,1.799158999999999953e+00,1.366821999999999981e+00,5.475172304137927021e-03,1.253046788972943248e-02
-8.512053000000000536e-01,1.799107000000000012e+00,1.366767999999999983e+00,5.444862669526145428e-03,3.832921507198278066e-02
-8.508322000000000385e-01,1.799291999999999891e+00,1.366805999999999965e+00,5.055000767556823253e-03,0.000000000000000000e+00
-8.508322000000000385e-01,1.799291999999999891e+00,1.366805999999999965e+00,5.055000767556823253e-03,4.704067686698619466e-02
-8.503802000000000305e-01,1.799404000000000003e+00,1.366652999999999896e+00,4.744240862350869795e-03,1.286912783216489498e-01
-8.490592999999999613e-01,1.799530000000000074e+00,1.366193999999999908e+00,4.175273654504475969e-03,0.000000000000000000e+00
-8.490592999999999613e-01,1.799530000000000074e+00,1.366193999999999908e+00,4.175273654504475969e-03,9.933778922414920887e-02
-8.481206999999999496e-01,1.799571999999999949e+00,1.365761999999999921e+00,4.017511056612201557e-03,9.461402101529764463e-02
-8.471916000000000446e-01,1.799733000000000027e+00,1.365342000000000056e+00,3.766030727437117993e-03,1.511623686787844645e-01
-8.456255999999999773e-01,1.800086000000000075e+00,1.364527000000000045e+00,3.852898858002890090e-03,0.000000000000000000e+00
-8.456255999999999773e-01,1.800086000000000075e+00,1.364527000000000045e+00,3.852898858002890090e-03,9.077569458907970568e-02
-8.446791000000000160e-01,1.800343000000000027e+00,1.364382999999999901e+00,3.786945940992617055e-03,1.696898707123156158e-01
-8.430957999999999508e-01,1.800748000000000015e+00,1.363348000000000004e+00,4.390627536013463894e-03,9.272113775917920075e-02
-8.423766999999999783e-01,1.801001000000000074e+00,1.362683000000000089e+00,4.607251159856517488e-03,1.049432186725700600e-01
-8.414142000000000010e-01,1.801171999999999995e+00,1.362084999999999990e+00,5.189732290783439714e-03,0.000000000000000000e+00
-8.414142000000000010e-01,1.801171999999999995e+00,1.362084999999999990e+00,5.189732290783439714e-03,2.258654731263279036e-01
-8.396291999999999645e-01,1.801636000000000015e+00,1.360622999999999916e+00,6.060656812590597443e-03,9.745240719123580975e-02
-8.389008000000000020e-01,1.801844000000000001e+00,1.359809000000000045e+00,6.353471142611782918e-03,0.000000000000000000e+00
-8.389008000000000020e-01,1.801844000000000001e+00,1.359809000000000045e+00,6.353471142611782918e-03,1.115696300370704053e-01
-8.380908999999999720e-01,1.802000999999999964e+00,1.358913999999999955e+00,6.840489529266244491e-03,2.500759794680291193e-01
-8.363348999999999922e-01,1.802567000000000030e+00,1.356904000000000110e+00,7.577362779357924363e-03,0.000000000000000000e+00
-8.363348999999999922e-01,1.802567000000000030e+00,1.356904000000000110e+00,7.577362779357924363e-03,1.389945278315009303e-01
-8.354449000000000458e-01,1.802748999999999935e+00,1.355776000000000092e+00,8.065900054550725895e-03,2.623480252947661961e-01
-8.335782999999999943e-01,1.803250999999999937e+00,1.353664999999999896e+00,8.851533878373922179e-03,0.000000000000000000e+00
-8.335782999999999943e-01,1.803250999999999937e+00,1.353664999999999896e+00,8.851533878373922179e-03,1.252323216025414132e-01
-8.326751999999999487e-01,1.803568000000000060e+00,1.352689999999999948e+00,9.212314006806348113e-03,1.186983110910612288e-01
-8.317101000000000077e-01,1.803919000000000050e+00,1.351806999999999981e+00,9.547051612408943844e-03,0.000000000000000000e+00
-8.317101000000000077e-01,1.803919000000000050e+00,1.351806999999999981e+00,9.547051612408943844e-03,3.217086949966010412e-01
-8.293025000000000535e-01,1.805206000000000088e+00,1.349601000000000051e+00,1.006831029964805162e-02,0.000000000000000000e+00
-8.293025000000000535e-01,1.805206000000000088e+00,1.349601000000000051e+00,1.006831029964805162e-02,1.993933167209955837e-01
-8.275854999999999739e-01,1.805995000000000017e+00,1.348333999999999921e+00,1.056892159872516342e-02,9.950152439648964064e-02
-8.268413999999999486e-01,1.806462999999999930e+00,1.347696999999999923e+00,1.070217768727473734e-02,0.000000000000000000e+00
-8.268413999999999486e-01,1.806462999999999930e+00,1.347696999999999923e+00,1.070217768727473734e-02,9.513692174412820279e-02
-8.261062999999999601e-01,1.806988000000000039e+00,1.347013000000000016e+00,1.074389678654817139e-02,1.930224655607043760e-01
-8.246626999999999708e-01,1.807898000000000005e+00,1.345779000000000059e+00,1.094809942410100885e-02,0.000000000000000000e+00
-8.246626999999999708e-01,1.807898000000000005e+00,1.345779000000000059e+00,1.094809942410100885e-02,9.613384702175649388e-02
-8.239467000000000318e-01,1.808437000000000072e+00,1.345067999999999930e+00,1.095046985293318328e-02,1.002479156137464633e-01
-8.232886999999999844e-01,1.808808999999999889e+00,1.344346999999999959e+00,1.103236162387735177e-02,2.148212903428176890e-01
-8.217579999999999885e-01,1.809974999999999890e+00,1.343008999999999897e+00,1.107910913566623710e-02,0.000000000000000000e+00
-8.217579999999999885e-01,1.809974999999999890e+00,1.343008999999999897e+00,1.107910913566623710e-02,1.186861302670036422e-01
-8.210094000000000003e-01,1.810299000000000103e+00,1.342081000000000079e+00,1.110629551920898524e-02,2.426418173638069664e-01
-8.195900999999999881e-01,1.811029000000000000e+00,1.339965999999999990e+00,1.101701153852532866e-02,0.000000000000000000e+00
-8.195900999999999881e-01,1.811029000000000000e+00,1.339965999999999990e+00,1.101701153852532866e-02,1.313604184418473986e-01
-8.189212999999999631e-01,1.811317000000000066e+00,1.338807000000000080e+00,1.089706621068258462e-02,1.272637145255175184e-01
-8.181007000000000140e-01,1.811638000000000082e+00,1.337733999999999979e+00,1.089821922563490378e-02,2.267101093874243078e-01
-8.167145000000000099e-01,1.812205000000000066e+00,1.335490000000000066e+00,1.074887065509678129e-02,1.341618954584935519e-01
-8.159368000000000176e-01,1.812553999999999998e+00,1.334381999999999957e+00,1.065083154312371563e-02,0.000000000000000000e+00
-8.159368000000000176e-01,1.812553999999999998e+00,1.334381999999999957e+00,1.065083154312371563e-02,2.588424016895455315e-01
-8.145366000000000550e-01,1.813333000000000084e+00,1.331901000000000002e+00,1.027121685147370372e-02,1.391261917053529529e-01
-8.137993999999999506e-01,1.813798999999999939e+00,1.330743000000000009e+00,9.999024674437039656e-03,0.000000000000000000e+00
-8.137993999999999506e-01,1.813798999999999939e+00,1.330743000000000009e+00,9.999024674437039656e-03,1.269631414976979678e-01
-8.130631000000000386e-01,1.814206999999999903e+00,1.329563999999999968e+00,9.786697857806815615e-03,2.955564547726324820e-01
-8.114107000000000403e-01,1.814958999999999989e+00,1.327080000000000037e+00,9.510649569824232430e-03,0.000000000000000000e+00
-8.114107000000000403e-01,1.814958999999999989e+00,1.327080000000000037e+00,9.510649569824232430e-03,1.293345494056775402e-01
-8.107227999999999657e-01,1.815477999999999925e+00,1.325882000000000005e+00,9.131191885509802944e-03,1.382574025470607038e-01
-8.098184999999999967e-01,1.815825999999999940e+00,1.324726000000000070e+00,9.043059548626239050e-03,0.000000000000000000e+00
-8.098184999999999967e-01,1.815825999999999940e+00,1.324726000000000070e+00,9.043059548626239050e-03,2.526538462961371856e-01
-8.079480999999999469e-01,1.816772000000000054e+00,1.322567000000000048e+00,8.710874236263549050e-03,1.414192318754182720e-01
-8.070254000000000039e-01,1.817153000000000018e+00,1.321485000000000021e+00,8.559426967385203380e-03,2.743316527775820357e-01
-8.049857999999999736e-01,1.818135000000000057e+00,1.319526999999999894e+00,8.253069083074464005e-03,1.280772183090330696e-01
-8.040283000000000291e-01,1.818478999999999957e+00,1.318478000000000039e+00,8.125293104867122376e-03,0.000000000000000000e+00
-8.040283000000000291e-01,1.818478999999999957e+00,1.318478000000000039e+00,8.125293104867122376e-03,1.484239076972539428e-01
-8.029777999999999638e-01,1.818872000000000044e+00,1.317309999999999981e+00,7.974822737214863275e-03,2.701300639760406685e-01
-8.008353999999999751e-01,1.819666000000000006e+00,1.315045000000000019e+00,7.751133019759104403e-03,0.000000000000000000e+00
-8.008353999999999751e-01,1.819666000000000006e+00,1.315045000000000019e+00,7.751133019759104403e-03,1.360025189480238428e-01
-7.995938999999999686e-01,1.820132000000000083e+00,1.314238999999999935e+00,7.625492262142745219e-03,2.899114722894176599e-01
-7.973440000000000527e-01,1.821120999999999990e+00,1.312024999999999997e+00,7.119791665491304739e-03,1.521939579870894843e-01
-7.959874000000000116e-01,1.821573000000000109e+00,1.311180999999999930e+00,7.000211236812730990e-03,0.000000000000000000e+00
-7.959874000000000116e-01,1.821573000000000109e+00,1.311180999999999930e+00,7.000211236812730990e-03,1.331226610164054913e-01
-7.948598999999999526e-01,1.821868000000000043e+00,1.310208999999999957e+00,7.003092746065845212e-03,2.945711134595770941e-01
-7.924096999999999946e-01,1.822772000000000059e+00,1.308330999999999911e+00,6.543645474045788578e-03,0.000000000000000000e+00
-7.924096999999999946e-01,1.822772000000000059e+00,1.308330999999999911e+00,6.543645474045788578e-03,1.444696279865307631e-01
-7.911924999999999653e-01,1.823404999999999943e+00,1.307295000000000096e+00,6.164547311846948693e-03,1.518586973030135456e-01
-7.899627999999999650e-01,1.823779000000000039e+00,1.306372000000000089e+00,6.072773666126561956e-03,2.902712901222747610e-01
-7.875172999999999757e-01,1.824874000000000107e+00,1.304683999999999955e+00,5.396656757660169522e-03,1.357897448098693838e-01
-7.862379999999999924e-01,1.825331000000000037e+00,1.303938999999999959e+00,5.154286503484199755e-03,0.000000000000000000e+00
-7.862379999999999924e-01,1.825331000000000037e+00,1.303938999999999959e+00,5.154286503484199755e-03,2.959244133106294639e-01
-7.835746000000000100e-01,1.826289000000000051e+00,1.302386000000000044e+00,4.690109620254003138e-03,1.386760643697318995e-01
-7.821719999999999784e-01,1.826743999999999923e+00,1.301641999999999966e+00,4.380244770557897155e-03,0.000000000000000000e+00
-7.821719999999999784e-01,1.826743999999999923e+00,1.301641999999999966e+00,4.380244770557897155e-03,1.516708098575152153e-01
-7.807541000000000064e-01,1.827202999999999911e+00,1.300923000000000052e+00,4.098366259865155424e-03,2.813475212969738237e-01
-7.778686999999999685e-01,1.827990000000000004e+00,1.299412000000000011e+00,3.823729332732734264e-03,0.000000000000000000e+00
-7.778686999999999685e-01,1.827990000000000004e+00,1.299412000000000011e+00,3.823729332732734264e-03,1.610558064743041196e-01
-7.761753000000000124e-01,1.828381000000000034e+00,1.298815000000000053e+00,3.549710254372978602e-03,3.546707290680894409e-01
-7.727081999999999562e-01,1.829185999999999979e+00,1.297296999999999922e+00,3.024979915635852851e-03,0.000000000000000000e+00
-7.727081999999999562e-01,1.829185999999999979e+00,1.297296999999999922e+00,3.024979915635852851e-03,1.866258104927062678e-01
-7.707998999999999823e-01,1.829530000000000101e+00,1.296675999999999940e+00,2.774683890103348243e-03,1.731221306713301156e-01
-7.689977000000000062e-01,1.829801000000000011e+00,1.295914000000000010e+00,2.639152418864920257e-03,0.000000000000000000e+00
-7.689977000000000062e-01,1.829801000000000011e+00,1.295914000000000010e+00,2.639152418864920257e-03,5.280326539203856751e-01
-7.638719000000000481e-01,1.830235999999999974e+00,1.293320999999999943e+00,2.900608675778347609e-03,0.000000000000000000e+00
-7.638719000000000481e-01,1.830235999999999974e+00,1.293320999999999943e+00,2.900608675778347609e-03,1.990956590919345515e-01
-7.619397999999999449e-01,1.830290999999999890e+00,1.292572999999999972e+00,2.991415892182339165e-03,3.881549218605036544e-01
-7.579782000000000464e-01,1.830489999999999950e+00,1.291079000000000088e+00,3.123496068510386945e-03,0.000000000000000000e+00
-7.579782000000000464e-01,1.830489999999999950e+00,1.291079000000000088e+00,3.123496068510386945e-03,1.945092224293854810e-01
-7.560177000000000147e-01,1.830446000000000017e+00,1.290267999999999970e+00,3.359779343945159917e-03,3.654940495103826126e-01
-7.521657999999999955e-01,1.830429000000000084e+00,1.288669999999999982e+00,3.870850599028575340e-03,1.712012012070836808e-01
-7.503252000000000255e-01,1.830387999999999904e+00,1.288016999999999967e+00,4.097281293736317748e-03,0.000000000000000000e+00
-7.503252000000000255e-01,1.830387999999999904e+00,1.288016999999999967e+00,4.097281293736317748e-03,1.823656791626018236e-01
-7.484473999999999849e-01,1.830403000000000002e+00,1.287354000000000109e+00,4.320704507369047681e-03,3.412826579546494044e-01
-7.446258000000000044e-01,1.830370000000000053e+00,1.285979999999999901e+00,4.771525740263928700e-03,0.000000000000000000e+00
-7.446258000000000044e-01,1.830370000000000053e+00,1.285979999999999901e+00,4.771525740263928700e-03,1.743495268328163483e-01
-7.427610999999999519e-01,1.830381999999999953e+00,1.285292000000000101e+00,5.040155160309988530e-03,3.379961006640751497e-01
-7.391170999999999713e-01,1.830211999999999950e+00,1.284040999999999988e+00,5.632457919061674423e-03,0.000000000000000000e+00
-7.391170999999999713e-01,1.830211999999999950e+00,1.284040999999999988e+00,5.632457919061674423e-03,3.701928351461567512e-01
-7.350185000000000191e-01,1.829885999999999902e+00,1.283072999999999908e+00,6.037291734710292790e-03,0.000000000000000000e+00
-7.350185000000000191e-01,1.829885999999999902e+00,1.283072999999999908e+00,6.037291734710292790e-03,3.959796282409168700e-01
-7.308185000000000375e-01,1.829561999999999911e+00,1.282097000000000042e+00,6.545784723010697123e-03,2.187469379034971961e-01
-7.284979999999999789e-01,1.829331999999999958e+00,1.281589000000000089e+00,6.845421810231885895e-03,0.000000000000000000e+00
-7.284979999999999789e-01,1.829331999999999958e+00,1.281589000000000089e+00,6.845421810231885895e-03,2.185371958273862603e-01
-7.262697000000000180e-01,1.829139999999999988e+00,1.281160999999999994e+00,7.107824154409112666e-03,4.305914728577988071e-01
-7.217200000000000282e-01,1.828618999999999994e+00,1.280113000000000056e+00,7.929409687990588221e-03,0.000000000000000000e+00
-7.217200000000000282e-01,1.828618999999999994e+00,1.280113000000000056e+00,7.929409687990588221e-03,2.312104034134986608e-01
-7.193855999999999584e-01,1.828254000000000046e+00,1.279641999999999946e+00,8.340192204020338562e-03,4.157211097554962542e-01
-7.149847000000000286e-01,1.827441000000000093e+00,1.278906000000000098e+00,9.048345157541035078e-03,0.000000000000000000e+00
-7.149847000000000286e-01,1.827441000000000093e+00,1.278906000000000098e+00,9.048345157541035078e-03,2.175418818528316589e-01
-7.127613999999999894e-01,1.827118000000000020e+00,1.278621000000000008e+00,9.366283748104229159e-03,2.155053312981281277e-01
-7.104567999999999994e-01,1.826715000000000089e+00,1.278388000000000080e+00,9.670057807479634504e-03,0.000000000000000000e+00
-7.104567999999999994e-01,1.826715000000000089e+00,1.278388000000000080e+00,9.670057807479634504e-03,4.236133296053151143e-01
-7.061718000000000162e-01,1.825852000000000031e+00,1.277803999999999940e+00,1.045862558656739105e-02,1.984984583943254777e-01
-7.039824000000000082e-01,1.825318999999999914e+00,1.277576000000000045e+00,1.083408009754391853e-02,3.953491112822626330e-01
-6.996046999999999683e-01,1.824276000000000009e+00,1.277266000000000012e+00,1.153075806874805445e-02,2.191211398095819773e-01
-6.974200999999999873e-01,1.823633000000000060e+00,1.277133999999999991e+00,1.189367362298123128e-02,0.000000000000000000e+00
-6.974200999999999873e-01,1.823633000000000060e+00,1.277133999999999991e+00,1.189367362298123128e-02,2.091073801747662109e-01
-6.951528000000000151e-01,1.822889999999999899e+00,1.277141000000000082e+00,1.215557538086933613e-02,4.135632849895966578e-01
-6.909121999999999764e-01,1.821349000000000107e+00,1.277155999999999958e+00,1.272323211923767280e-02,2.044948329512466523e-01
-6.888068000000000524e-01,1.820610999999999979e+00,1.277145999999999892e+00,1.306680652684513375e-02,0.000000000000000000e+00
-6.888068000000000524e-01,1.820610999999999979e+00,1.277145999999999892e+00,1.306680652684513375e-02,1.992601628889546506e-01
-6.868311999999999751e-01,1.819706000000000046e+00,1.277258000000000004e+00,1.328915752634464431e-02,3.935001958281413859e-01
-6.828823000000000532e-01,1.818038999999999961e+00,1.277498000000000022e+00,1.380702311470499016e-02,0.000000000000000000e+00
-6.828823000000000532e-01,1.818038999999999961e+00,1.277498000000000022e+00,1.380702311470499016e-02,2.104247661309931183e-01
-6.810190999999999883e-01,1.817101999999999995e+00,1.277586000000000110e+00,1.411753463215159946e-02,3.231322261402241325e-01
-6.777225000000000055e-01,1.815507999999999900e+00,1.278016000000000041e+00,1.444589488712970556e-02,0.000000000000000000e+00
-6.777225000000000055e-01,1.815507999999999900e+00,1.278016000000000041e+00,1.444589488712970556e-02,1.943628262142140239e-01
-6.759083000000000174e-01,1.814618999999999982e+00,1.278126000000000095e+00,1.476983181386969796e-02,1.523585389002158064e-01
-6.744272999999999518e-01,1.813741999999999965e+00,1.278370000000000006e+00,1.491206674106568611e-02,0.000000000000000000e+00
-6.744272999999999518e-01,1.813741999999999965e+00,1.278370000000000006e+00,1.491206674106568611e-02,5.119627648835184397e-01
-6.696429000000000409e-01,1.811048999999999909e+00,1.279396999999999895e+00,1.527867613898539582e-02,0.000000000000000000e+00
-6.696429000000000409e-01,1.811048999999999909e+00,1.279396999999999895e+00,1.527867613898539582e-02,3.034075231391648586e-01
-6.667201999999999851e-01,1.809290999999999983e+00,1.280103999999999909e+00,1.549226298027515415e-02,1.466421434310133665e-01
-6.654674999999999896e-01,1.808386999999999967e+00,1.280520000000000103e+00,1.554563979416722502e-02,0.000000000000000000e+00
-6.654674999999999896e-01,1.808386999999999967e+00,1.280520000000000103e+00,1.554563979416722502e-02,1.493847635688174691e-01
-6.641371000000000357e-01,1.807444999999999968e+00,1.281017999999999990e+00,1.551153162166776268e-02,3.081787913361206388e-01
-6.615936999999999513e-01,1.805584999999999996e+00,1.282191000000000081e+00,1.532558895736142388e-02,0.000000000000000000e+00
-6.615936999999999513e-01,1.805584999999999996e+00,1.282191000000000081e+00,1.532558895736142388e-02,1.478791767077406172e-01
-6.604885999999999813e-01,1.804502000000000050e+00,1.282864000000000004e+00,1.517595619919878507e-02,1.573378448606295721e-01
-6.592993999999999799e-01,1.803554000000000102e+00,1.283660000000000023e+00,1.487854791301887990e-02,0.000000000000000000e+00
-6.592993999999999799e-01,1.803554000000000102e+00,1.283660000000000023e+00,1.487854791301887990e-02,2.807851311771715208e-01
-6.569869999999999877e-01,1.801512000000000002e+00,1.284950999999999954e+00,1.469270721276374168e-02,1.552695953546454344e-01
-6.558652000000000371e-01,1.800621999999999945e+00,1.285856000000000110e+00,1.433983741190937057e-02,3.657811619690406468e-01
-6.534592999999999652e-01,1.798459999999999948e+00,1.287871999999999906e+00,1.358662967773850705e-02,0.000000000000000000e+00
-6.534592999999999652e-01,1.798459999999999948e+00,1.287871999999999906e+00,1.358662967773850705e-02,3.772540180234225105e-01
-6.510091000000000072e-01,1.796205000000000052e+00,1.289960999999999913e+00,1.291122392532957110e-02,0.000000000000000000e+00
-6.510091000000000072e-01,1.796205000000000052e+00,1.289960999999999913e+00,1.291122392532957110e-02,3.551013076212202746e-01
-6.483712000000000364e-01,1.793671999999999933e+00,1.292078000000000060e+00,1.242297407386797926e-02,1.927555504732738900e-01
-6.471109000000000444e-01,1.792419999999999902e+00,1.293206999999999995e+00,1.212885104039125410e-02,0.000000000000000000e+00
-6.471109000000000444e-01,1.792419999999999902e+00,1.293206999999999995e+00,1.212885104039125410e-02,4.052684816420311642e-01
-6.446085000000000287e-01,1.789833999999999925e+00,1.295776000000000039e+00,1.133562864996914138e-02,2.100895025837506147e-01
-6.432993000000000183e-01,1.788478000000000012e+00,1.297257000000000104e+00,1.081631245896677238e-02,0.000000000000000000e+00
-6.432993000000000183e-01,1.788478000000000012e+00,1.297257000000000104e+00,1.081631245896677238e-02,2.075753051232168689e-01
-6.421265999999999918e-01,1.787090999999999985e+00,1.298777000000000070e+00,1.027665111259484787e-02,4.153122715600195969e-01
-6.399629000000000012e-01,1.784283000000000063e+00,1.301598999999999950e+00,9.460731789877547052e-03,0.000000000000000000e+00
-6.399629000000000012e-01,1.784283000000000063e+00,1.301598999999999950e+00,9.460731789877547052e-03,2.075150713573192529e-01
-6.387312000000000545e-01,1.782872999999999930e+00,1.303061999999999943e+00,9.055178021441810665e-03,2.167103808673198906e-01
-6.376697999999999533e-01,1.781492000000000075e+00,1.304664000000000046e+00,8.522789184885417105e-03,0.000000000000000000e+00
-6.376697999999999533e-01,1.781492000000000075e+00,1.304664000000000046e+00,8.522789184885417105e-03,4.137395388867876056e-01
-6.354060000000000263e-01,1.778421999999999947e+00,1.307776999999999967e+00,7.782983093904308203e-03,2.261627546746141915e-01
-6.342778000000000027e-01,1.776906000000000097e+00,1.309185000000000043e+00,7.560087695258428143e-03,4.491356880153853370e-01
-6.320143000000000288e-01,1.773708999999999980e+00,1.312129000000000101e+00,7.183924741393125230e-03,2.080796971877449109e-01
-6.308707999999999538e-01,1.772156000000000065e+00,1.313682000000000016e+00,6.882924090820522443e-03,0.000000000000000000e+00
-6.308707999999999538e-01,1.772156000000000065e+00,1.313682000000000016e+00,6.882924090820522443e-03,2.470363855186798741e-01
-6.296159999999999535e-01,1.770516999999999896e+00,1.315415000000000001e+00,6.449555274590749489e-03,4.134514415299798129e-01
-6.274648000000000447e-01,1.767500999999999989e+00,1.318659000000000026e+00,5.715926879343353854e-03,0.000000000000000000e+00
-6.274648000000000447e-01,1.767500999999999989e+00,1.318659000000000026e+00,5.715926879343353854e-03,2.081150749892249630e-01
-6.265233000000000052e-01,1.765949999999999909e+00,1.320024000000000086e+00,5.595614357691130678e-03,4.148533164695157316e-01
-6.245085999999999693e-01,1.762958999999999943e+00,1.323090000000000099e+00,5.048546413572892189e-03,0.000000000000000000e+00
-6.245085999999999693e-01,1.762958999999999943e+00,1.323090000000000099e+00,5.048546413572892189e-03,2.215304013515452253e-01
-6.234623999999999722e-01,1.761403000000000052e+00,1.324615000000000098e+00,4.739945806652159747e-03,2.166675155086766613e-01
-6.223847999999999603e-01,1.759800999999999949e+00,1.326159000000000088e+00,4.413755253749363644e-03,4.298110501520228111e-01
-6.204195000000000126e-01,1.756628999999999996e+00,1.328999000000000041e+00,4.014747873777341214e-03,0.000000000000000000e+00
-6.204195000000000126e-01,1.756628999999999996e+00,1.328999000000000041e+00,4.014747873777341214e-03,2.158247467469090464e-01
-6.193988000000000271e-01,1.754882999999999971e+00,1.330419000000000018e+00,3.942943920473626976e-03,2.192070913883110150e-01
-6.184692000000000522e-01,1.753222999999999976e+00,1.331682999999999950e+00,3.958891102316494659e-03,4.037873337659884099e-01
-6.168706000000000467e-01,1.749830999999999914e+00,1.333995000000000042e+00,4.218694491190463566e-03,1.806621792112468039e-01
-6.160023000000000026e-01,1.748356999999999939e+00,1.335145000000000026e+00,4.235277209345418570e-03,0.000000000000000000e+00
-6.160023000000000026e-01,1.748356999999999939e+00,1.335145000000000026e+00,4.235277209345418570e-03,3.709943890727661620e-01
-6.145083999999999547e-01,1.745378000000000096e+00,1.337442000000000020e+00,4.328467568320086209e-03,1.582786771257732317e-01
-6.139398000000000355e-01,1.743981999999999921e+00,1.338573999999999931e+00,4.323355535923484490e-03,0.000000000000000000e+00
-6.139398000000000355e-01,1.743981999999999921e+00,1.338573999999999931e+00,4.323355535923484490e-03,1.631991605180601879e-01
-6.134775000000000089e-01,1.742525000000000102e+00,1.339487000000000094e+00,4.521518439639310612e-03,3.015669975763515809e-01
-6.125251999999999919e-01,1.739560999999999913e+00,1.341277999999999970e+00,5.080757919838355639e-03,0.000000000000000000e+00
-6.125251999999999919e-01,1.739560999999999913e+00,1.341277999999999970e+00,5.080757919838355639e-03,1.460053287595116378e-01
-6.122157999999999767e-01,1.738196999999999992e+00,1.342182999999999904e+00,5.115776813935541192e-03,2.820374238006789769e-01
-6.117654000000000147e-01,1.735592000000000024e+00,1.344017999999999935e+00,5.210378331752900209e-03,0.000000000000000000e+00
-6.117654000000000147e-01,1.735592000000000024e+00,1.344017999999999935e+00,5.210378331752900209e-03,1.355197480735203797e-01
-6.117002999999999746e-01,1.734313999999999911e+00,1.344886000000000026e+00,5.318679182842327852e-03,1.386147114205385222e-01
-6.114460999999999924e-01,1.733073000000000086e+00,1.345833000000000057e+00,5.261040335332757036e-03,2.999453606926495430e-01
-6.113380999999999954e-01,1.730450999999999961e+00,1.347525000000000084e+00,5.440117737696487620e-03,1.413718359284823201e-01
-6.112756999999999774e-01,1.729084000000000065e+00,1.348378999999999994e+00,5.586097614614335058e-03,0.000000000000000000e+00
-6.112756999999999774e-01,1.729084000000000065e+00,1.348378999999999994e+00,5.586097614614335058e-03,1.523279884635170556e-01
-6.112165000000000514e-01,1.727732999999999963e+00,1.349345000000000017e+00,5.554523061433776915e-03,2.832884894702197842e-01
-6.114165999999999768e-01,1.725174999999999903e+00,1.351067999999999936e+00,5.656743674588898298e-03,0.000000000000000000e+00
-6.114165999999999768e-01,1.725174999999999903e+00,1.351067999999999936e+00,5.656743674588898298e-03,1.466871261358861367e-01
-6.115625000000000089e-01,1.723832000000000031e+00,1.351925999999999961e+00,5.738531729458374621e-03,2.892025686924638017e-01
-6.120187999999999739e-01,1.721314999999999928e+00,1.353777999999999926e+00,5.637919705884410736e-03,0.000000000000000000e+00
-6.120187999999999739e-01,1.721314999999999928e+00,1.353777999999999926e+00,5.637919705884410736e-03,1.560331949618416481e-01
-6.122708000000000039e-01,1.720072999999999963e+00,1.354794000000000054e+00,5.595266285888327550e-03,1.519874521309361459e-01
-6.125922000000000311e-01,1.718896999999999897e+00,1.355917999999999957e+00,5.379504275488589636e-03,2.837579134318996554e-01
-6.130082999999999505e-01,1.716306000000000109e+00,1.358042999999999889e+00,5.153295354430985006e-03,0.000000000000000000e+00
-6.130082999999999505e-01,1.716306000000000109e+00,1.358042999999999889e+00,5.153295354430985006e-03,1.497005258038754671e-01
-6.134070999999999829e-01,1.714836999999999945e+00,1.358818000000000081e+00,5.438124990288416283e-03,3.301034862932381575e-01
-6.138017000000000056e-01,1.711967999999999934e+00,1.361221000000000014e+00,5.267478323638301839e-03,1.809624424430885392e-01
-6.141014000000000195e-01,1.710496999999999934e+00,1.362362000000000073e+00,5.225031575024162607e-03,1.912930802306475886e-01
-6.143210000000000059e-01,1.708755999999999942e+00,1.363660000000000094e+00,5.211247863036200245e-03,0.000000000000000000e+00
-6.143210000000000059e-01,1.708755999999999942e+00,1.363660000000000094e+00,5.211247863036200245e-03,3.729237130157541658e-01
-6.149879000000000318e-01,1.705613000000000046e+00,1.366155999999999926e+00,5.016153590152552452e-03,1.905420179412495862e-01
-6.152398999999999507e-01,1.703934999999999977e+00,1.367356999999999934e+00,5.005584290569981692e-03,0.000000000000000000e+00
-6.152398999999999507e-01,1.703934999999999977e+00,1.367356999999999934e+00,5.005584290569981692e-03,1.891174154422007314e-01
-6.155441000000000384e-01,1.702315000000000023e+00,1.368597999999999981e+00,4.927301224808571314e-03,3.933401058755279234e-01
-6.163216000000000250e-01,1.698735000000000106e+00,1.370832999999999968e+00,5.182253997055675382e-03,0.000000000000000000e+00
-6.163216000000000250e-01,1.698735000000000106e+00,1.370832999999999968e+00,5.182253997055675382e-03,1.889731076200086846e-01
-6.168008000000000379e-01,1.697086000000000094e+00,1.371974000000000027e+00,5.192697106514070592e-03,3.730770486901154315e-01
-6.181079999999999908e-01,1.693786000000000014e+00,1.373966000000000021e+00,5.440084566438263027e-03,0.000000000000000000e+00
-6.181079999999999908e-01,1.693786000000000014e+00,1.373966000000000021e+00,5.440084566438263027e-03,1.936595755514074202e-01
-6.189510999999999763e-01,1.692228999999999983e+00,1.374929999999999986e+00,5.548966805631427683e-03,1.774504781668516940e-01
-6.198255999999999766e-01,1.690714999999999968e+00,1.375950999999999924e+00,5.598796052724298519e-03,0.000000000000000000e+00
-6.198255999999999766e-01,1.690714999999999968e+00,1.375950999999999924e+00,5.598796052724298519e-03,4.237410841468811640e-01
-6.214747000000000465e-01,1.687486000000000042e+00,1.378077999999999914e+00,5.722969376993058792e-03,1.719785828283600104e-01
-6.223501999999999645e-01,1.685918999999999945e+00,1.379061000000000092e+00,5.819561943136282618e-03,3.786615601756848082e-01
-6.239742999999999817e-01,1.682736000000000010e+00,1.381134000000000084e+00,5.887785683089930520e-03,2.003223656008949471e-01
-6.249234999999999651e-01,1.681184999999999929e+00,1.382158999999999915e+00,5.924926687310138988e-03,0.000000000000000000e+00
-6.249234999999999651e-01,1.681184999999999929e+00,1.382158999999999915e+00,5.924926687310138988e-03,1.843049433630032929e-01
-6.257968000000000419e-01,1.679615000000000080e+00,1.383251999999999926e+00,5.881317887174602500e-03,3.900265102902633063e-01
-6.277728000000000197e-01,1.676368000000000080e+00,1.385164999999999980e+00,6.088235130971856625e-03,0.000000000000000000e+00
-6.277728000000000197e-01,1.676368000000000080e+00,1.385164999999999980e+00,6.088235130971856625e-03,1.865276790563020481e-01
-6.286823999999999746e-01,1.674650999999999890e+00,1.386241999999999974e+00,6.093515718368344714e-03,2.102484911591013805e-01
-6.296737000000000029e-01,1.673057999999999934e+00,1.387372999999999967e+00,6.000626484793189323e-03,4.079250537896809137e-01
-6.317369999999999930e-01,1.669624999999999915e+00,1.389313000000000020e+00,6.121103998462974760e-03,0.000000000000000000e+00
-6.317369999999999930e-01,1.669624999999999915e+00,1.389313000000000020e+00,6.121103998462974760e-03,1.972950496577892676e-01
-6.329230999999999607e-01,1.668029999999999902e+00,1.390139000000000014e+00,6.255599430909836167e-03,3.718623048018195876e-01
-6.353010999999999520e-01,1.664611999999999981e+00,1.391647999999999996e+00,6.690321633524020511e-03,0.000000000000000000e+00
-6.353010999999999520e-01,1.664611999999999981e+00,1.391647999999999996e+00,6.690321633524020511e-03,2.057513097143267855e-01
-6.365153999999999535e-01,1.663024999999999975e+00,1.392419000000000073e+00,6.831156901286820904e-03,1.933145408028298651e-01
-6.377690000000000303e-01,1.661407000000000078e+00,1.393240999999999952e+00,6.926097850882498991e-03,3.868977146610916851e-01
-6.403130999999999684e-01,1.658049000000000106e+00,1.394560000000000022e+00,7.422393258915828233e-03,2.026324903103408348e-01
-6.417656000000000471e-01,1.656463999999999936e+00,1.395075000000000065e+00,7.763147460276695853e-03,0.000000000000000000e+00
-6.417656000000000471e-01,1.656463999999999936e+00,1.395075000000000065e+00,7.763147460276695853e-03,3.983869203034045570e-01
-6.447863999999999818e-01,1.653264999999999985e+00,1.396217000000000041e+00,8.330179229764469659e-03,2.154219422510157689e-01
-6.463183999999999596e-01,1.651497999999999911e+00,1.396449999999999969e+00,8.968069020697884766e-03,0.000000000000000000e+00
-6.463183999999999596e-01,1.651497999999999911e+00,1.396449999999999969e+00,8.968069020697884766e-03,2.153516359204189767e-01
-6.476587999999999790e-01,1.649604999999999988e+00,1.396824000000000066e+00,9.494533242345223195e-03,4.205634637033625611e-01
-6.505454000000000514e-01,1.646068000000000087e+00,1.397281999999999913e+00,1.064179701413251952e-02,0.000000000000000000e+00
-6.505454000000000514e-01,1.646068000000000087e+00,1.397281999999999913e+00,1.064179701413251952e-02,2.081369766532385479e-01
-6.518275999999999515e-01,1.644109999999999960e+00,1.397672000000000025e+00,1.111992442465328454e-02,2.014125686167299589e-01
-6.533065000000000122e-01,1.642514000000000030e+00,1.397993000000000041e+00,1.151128971227805692e-02,0.000000000000000000e+00
-6.533065000000000122e-01,1.642514000000000030e+00,1.397993000000000041e+00,1.151128971227805692e-02,3.899085463330352885e-01
-6.563999999999999835e-01,1.639062999999999937e+00,1.398214999999999986e+00,1.274520340991086402e-02,2.111048404475459328e-01
-6.579064999999999497e-01,1.637467000000000006e+00,1.398363000000000023e+00,1.325976757903397397e-02,4.272561009415449806e-01
-6.612592000000000469e-01,1.634233000000000047e+00,1.398535000000000084e+00,1.436970973958751757e-02,1.870990874057450182e-01
-6.630492000000000052e-01,1.632921000000000067e+00,1.398713000000000095e+00,1.468264485574717788e-02,0.000000000000000000e+00
-6.630492000000000052e-01,1.632921000000000067e+00,1.398713000000000095e+00,1.468264485574717788e-02,2.029311602905609913e-01
-6.649496999999999769e-01,1.631599999999999939e+00,1.398646000000000056e+00,1.520469528435205823e-02,3.943969419900336115e-01
-6.685206999999999677e-01,1.628870000000000040e+00,1.398859000000000075e+00,1.591179539963979289e-02,0.000000000000000000e+00
-6.685206999999999677e-01,1.628870000000000040e+00,1.398859000000000075e+00,1.591179539963979289e-02,1.993863455941681795e-01
-6.704204000000000274e-01,1.627623999999999960e+00,1.398740000000000094e+00,1.638453982142906024e-02,3.707653704093639146e-01
-6.738922999999999996e-01,1.625232999999999928e+00,1.399094000000000060e+00,1.674047804604167702e-02,2.109673562092912458e-01
-6.757891000000000314e-01,1.624125999999999959e+00,1.399091000000000085e+00,1.701164889156827134e-02,0.000000000000000000e+00
-6.757891000000000314e-01,1.624125999999999959e+00,1.399091000000000085e+00,1.701164889156827134e-02,1.824096276187010535e-01
-6.774196999999999580e-01,1.622856999999999994e+00,1.399340999999999946e+00,1.712512622902376269e-02,3.728207079422547476e-01
-6.808547999999999822e-01,1.620748000000000077e+00,1.399885999999999964e+00,1.708760090504228904e-02,0.000000000000000000e+00
-6.808547999999999822e-01,1.620748000000000077e+00,1.399885999999999964e+00,1.708760090504228904e-02,1.665161497190761064e-01
-6.822667000000000037e-01,1.619537000000000004e+00,1.400273000000000101e+00,1.705134249846618905e-02,1.748209217850381358e-01
-6.837877999999999457e-01,1.618503999999999943e+00,1.400779999999999914e+00,1.681902488998696099e-02,3.567671656874740749e-01
-6.868052000000000046e-01,1.616165000000000074e+00,1.401556000000000024e+00,1.669025146605039242e-02,1.669661513389367191e-01
-6.883363999999999594e-01,1.615129000000000037e+00,1.402009000000000061e+00,1.651290424516529617e-02,0.000000000000000000e+00
-6.883363999999999594e-01,1.615129000000000037e+00,1.402009000000000061e+00,1.651290424516529617e-02,3.392348441545962046e-01
-6.914746999999999977e-01,1.612932000000000032e+00,1.402538000000000062e+00,1.652033957550500323e-02,1.664157209814122462e-01
-6.931148000000000309e-01,1.612031999999999909e+00,1.402862999999999971e+00,1.634443669876697175e-02,0.000000000000000000e+00
-6.931148000000000309e-01,1.612031999999999909e+00,1.402862999999999971e+00,1.634443669876697175e-02,1.780021402982245593e-01
-6.948113000000000206e-01,1.611091999999999969e+00,1.402960999999999903e+00,1.636218943295813730e-02,3.123439276802300602e-01
-6.981087000000000264e-01,1.609420999999999990e+00,1.403348999999999958e+00,1.614359719548288941e-02,0.000000000000000000e+00
-6.981087000000000264e-01,1.609420999999999990e+00,1.403348999999999958e+00,1.614359719548288941e-02,1.697623203061159325e-01
-6.998896999999999480e-01,1.608668999999999905e+00,1.403469000000000078e+00,1.601268554022090493e-02,3.434593423707361093e-01
-7.035169999999999479e-01,1.607189999999999896e+00,1.403583999999999943e+00,1.580523022420114720e-02,0.000000000000000000e+00
-7.035169999999999479e-01,1.607189999999999896e+00,1.403583999999999943e+00,1.580523022420114720e-02,1.914609377240678589e-01
-7.055314000000000307e-01,1.606659000000000059e+00,1.403431000000000095e+00,1.567943926325171891e-02,1.790286132574307465e-01
-7.074930999999999859e-01,1.606095999999999968e+00,1.403343999999999925e+00,1.553029635390141758e-02,0.000000000000000000e+00
-7.074930999999999859e-01,1.606095999999999968e+00,1.403343999999999925e+00,1.553029635390141758e-02,5.357992094328444255e-01
-7.131933999999999774e-01,1.604859999999999953e+00,1.402956000000000092e+00,1.494137207923013078e-02,0.000000000000000000e+00
-7.131933999999999774e-01,1.604859999999999953e+00,1.402956000000000092e+00,1.494137207923013078e-02,1.867888249527548949e-01
-7.152068999999999788e-01,1.604575000000000085e+00,1.402824000000000071e+00,1.463035093085591869e-02,3.716475001866991756e-01
-7.191939000000000526e-01,1.604073000000000082e+00,1.402282999999999946e+00,1.418412873637292689e-02,1.693955666306415364e-01
-7.211182000000000425e-01,1.603977999999999904e+00,1.402128999999999959e+00,1.380568431625192431e-02,0.000000000000000000e+00
-7.211182000000000425e-01,1.603977999999999904e+00,1.402128999999999959e+00,1.380568431625192431e-02,3.169443488213445348e-01
-7.246778000000000386e-01,1.603612000000000037e+00,1.401605999999999908e+00,1.335278655711980185e-02,1.585508346546803948e-01
-7.264699999999999491e-01,1.603769999999999918e+00,1.401416999999999913e+00,1.288244670239335581e-02,0.000000000000000000e+00
-7.264699999999999491e-01,1.603769999999999918e+00,1.401416999999999913e+00,1.288244670239335581e-02,1.675558137328211905e-01
-7.282473999999999892e-01,1.603787999999999991e+00,1.400989999999999958e+00,1.269053462230812675e-02,3.038717015256230392e-01
-7.316624999999999934e-01,1.603919000000000095e+00,1.400406000000000040e+00,1.210069766955594595e-02,0.000000000000000000e+00
-7.316624999999999934e-01,1.603919000000000095e+00,1.400406000000000040e+00,1.210069766955594595e-02,1.492874183787280540e-01
-7.333775000000000155e-01,1.604112999999999900e+00,1.399985000000000035e+00,1.188325243399300513e-02,3.156987896503496982e-01
-7.367152999999999619e-01,1.604402000000000106e+00,1.399186000000000041e+00,1.141163636863704554e-02,0.000000000000000000e+00
-7.367152999999999619e-01,1.604402000000000106e+00,1.399186000000000041e+00,1.141163636863704554e-02,1.480976055804237301e-01
-7.383315999999999768e-01,1.604505000000000070e+00,1.398703999999999947e+00,1.128632278290854322e-02,1.543725587463749271e-01
-7.400025999999999549e-01,1.604513000000000078e+00,1.398152000000000061e+00,1.123435170181171991e-02,3.382843295247038862e-01
-7.434361000000000441e-01,1.604751000000000039e+00,1.396810000000000107e+00,1.126416787872051156e-02,1.702849812138078067e-01
-7.451621999999999968e-01,1.604754000000000014e+00,1.396123000000000003e+00,1.129746133607023410e-02,0.000000000000000000e+00
-7.451621999999999968e-01,1.604754000000000014e+00,1.396123000000000003e+00,1.129746133607023410e-02,1.754664619612107124e-01
-7.469367999999999563e-01,1.604838999999999904e+00,1.395410000000000039e+00,1.131121505409555562e-02,3.783266757743827258e-01
-7.506412999999999558e-01,1.604813999999999963e+00,1.393590000000000106e+00,1.158535041507161197e-02,0.000000000000000000e+00
-7.506412999999999558e-01,1.604813999999999963e+00,1.393590000000000106e+00,1.158535041507161197e-02,2.042653723189065129e-01
-7.526030999999999693e-01,1.604983999999999966e+00,1.392781999999999965e+00,1.154048427753369931e-02,3.333800181871494628e-01
-7.560793999999999571e-01,1.605007999999999990e+00,1.391237999999999975e+00,1.153537250200442621e-02,0.000000000000000000e+00
-7.560793999999999571e-01,1.605007999999999990e+00,1.391237999999999975e+00,1.153537250200442621e-02,2.003198084566507053e-01
-7.579432000000000391e-01,1.605075000000000029e+00,1.390304999999999902e+00,1.157882797566333125e-02,1.704659803532869167e-01
-7.596792999999999463e-01,1.605132999999999921e+00,1.389429999999999943e+00,1.160735716043928556e-02,0.000000000000000000e+00
-7.596792999999999463e-01,1.605132999999999921e+00,1.389429999999999943e+00,1.160735716043928556e-02,3.717317274011878725e-01
-7.632016999999999829e-01,1.605120000000000102e+00,1.387420000000000098e+00,1.178253246165688120e-02,1.931761619684302933e-01
-7.650200999999999807e-01,1.605150000000000077e+00,1.386355000000000004e+00,1.185125866775348612e-02,3.545630377163628277e-01
-7.685113000000000083e-01,1.605175000000000018e+00,1.384311000000000069e+00,1.190156551215000233e-02,1.837772996632243139e-01
-7.701575999999999977e-01,1.605231999999999992e+00,1.383167999999999953e+00,1.204021581243464728e-02,2.032885234275966513e-01
-7.720084000000000390e-01,1.605180999999999969e+00,1.381947000000000036e+00,1.210505468802186395e-02,0.000000000000000000e+00
-7.720084000000000390e-01,1.605180999999999969e+00,1.381947000000000036e+00,1.210505468802186395e-02,4.148413222862978866e-01
-7.755767999999999551e-01,1.605277000000000065e+00,1.379158000000000106e+00,1.252316915321348943e-02,1.998387225577892834e-01
-7.773001000000000493e-01,1.605073999999999890e+00,1.377837999999999896e+00,1.265736914567952044e-02,0.000000000000000000e+00
-7.773001000000000493e-01,1.605073999999999890e+00,1.377837999999999896e+00,1.265736914567952044e-02,2.053099270668175547e-01
-7.790272000000000308e-01,1.604992999999999892e+00,1.376414000000000026e+00,1.281095219294792545e-02,4.163577402433775165e-01
-7.825408000000000364e-01,1.604759000000000047e+00,1.373537999999999926e+00,1.304657982959527528e-02,0.000000000000000000e+00
-7.825408000000000364e-01,1.604759000000000047e+00,1.373537999999999926e+00,1.304657982959527528e-02,2.139102653942017152e-01
-7.843204000000000287e-01,1.604931000000000108e+00,1.372206999999999955e+00,1.300796646520894530e-02,3.738398338970593260e-01
-7.876028999999999947e-01,1.605226000000000042e+00,1.369499000000000022e+00,1.305823949236641773e-02,0.000000000000000000e+00
-7.876028999999999947e-01,1.605226000000000042e+00,1.369499000000000022e+00,1.305823949236641773e-02,2.040734983434019656e-01
-7.893232999999999500e-01,1.605488000000000026e+00,1.368276999999999965e+00,1.287864879131361828e-02,1.910012115695964019e-01
-7.910504000000000424e-01,1.605660000000000087e+00,1.366959000000000035e+00,1.275576560187583267e-02,0.000000000000000000e+00
-7.910504000000000424e-01,1.605660000000000087e+00,1.366959000000000035e+00,1.275576560187583267e-02,5.737493553150604386e-01
-7.960331000000000490e-01,1.606220999999999899e+00,1.363212000000000090e+00,1.213816216278227125e-02,0.000000000000000000e+00
-7.960331000000000490e-01,1.606220999999999899e+00,1.363212000000000090e+00,1.213816216278227125e-02,3.615554338120912647e-01
-7.993139999999999690e-01,1.606827999999999923e+00,1.360786000000000051e+00,1.153997109225151675e-02,1.856903273538143828e-01
-8.008671000000000539e-01,1.607154999999999889e+00,1.359526999999999930e+00,1.129428892892339435e-02,0.000000000000000000e+00
-8.008671000000000539e-01,1.607154999999999889e+00,1.359526999999999930e+00,1.129428892892339435e-02,1.604898228357584111e-01
-8.023209999999999509e-01,1.607447000000000070e+00,1.358320999999999890e+00,1.107368692712605053e-02,3.610394084313350849e-01
-8.050184000000000228e-01,1.608373000000000053e+00,1.355873000000000106e+00,1.065547194121386695e-02,0.000000000000000000e+00
-8.050184000000000228e-01,1.608373000000000053e+00,1.355873000000000106e+00,1.065547194121386695e-02,1.554134809814304019e-01
-8.063618999999999648e-01,1.608614999999999906e+00,1.354622999999999911e+00,1.049611749362593105e-02,1.852566577763367917e-01
-8.076470000000000038e-01,1.608964000000000061e+00,1.353228000000000097e+00,1.041233142192466050e-02,0.000000000000000000e+00
-8.076470000000000038e-01,1.608964000000000061e+00,1.353228000000000097e+00,1.041233142192466050e-02,3.404787904055801007e-01
-8.102219000000000504e-01,1.609561000000000019e+00,1.350381000000000054e+00,1.026010689076864088e-02,1.781022464223189217e-01
-8.113905999999999619e-01,1.609968000000000066e+00,1.348997999999999919e+00,1.017186470417310272e-02,2.980394862740225470e-01
-8.135010999999999770e-01,1.610870999999999942e+00,1.346476999999999924e+00,9.918518613684250418e-03,0.000000000000000000e+00
-8.135010999999999770e-01,1.610870999999999942e+00,1.346476999999999924e+00,9.918518613684250418e-03,3.048879758590576916e-01
-8.152947000000000388e-01,1.611728999999999967e+00,1.344003000000000059e+00,9.873520964681210127e-03,0.000000000000000000e+00
-8.152947000000000388e-01,1.611728999999999967e+00,1.344003000000000059e+00,9.873520964681210127e-03,3.059020114368167786e-01
-8.173962000000000172e-01,1.613094999999999946e+00,1.341574000000000044e+00,9.255704243330165060e-03,1.830663504162720889e-01
-8.184824000000000543e-01,1.613817999999999975e+00,1.340184999999999960e+00,8.987335413792004943e-03,0.000000000000000000e+00
-8.184824000000000543e-01,1.613817999999999975e+00,1.340184999999999960e+00,8.987335413792004943e-03,3.253652360831253421e-01
-8.206634999999999902e-01,1.615245999999999960e+00,1.337542000000000009e+00,8.320674109710055402e-03,1.669552195678302986e-01
-8.216698000000000057e-01,1.615931000000000006e+00,1.336187000000000014e+00,8.059066883951283844e-03,0.000000000000000000e+00
-8.216698000000000057e-01,1.615931000000000006e+00,1.336187000000000014e+00,8.059066883951283844e-03,1.690995541017702442e-01
-8.228547999999999973e-01,1.616532000000000080e+00,1.334788000000000086e+00,7.710404999090402986e-03,3.538261834676263984e-01
-8.250334000000000279e-01,1.617734999999999923e+00,1.331836999999999938e+00,7.198200330638186185e-03,0.000000000000000000e+00
-8.250334000000000279e-01,1.617734999999999923e+00,1.331836999999999938e+00,7.198200330638186185e-03,1.803064426111588570e-01
-8.261418000000000372e-01,1.618376999999999954e+00,1.330343999999999971e+00,6.901630944204441807e-03,1.741728974127057794e-01
-8.272363999999999828e-01,1.619166000000000105e+00,1.328885000000000094e+00,6.510707188163091137e-03,0.000000000000000000e+00
-8.272363999999999828e-01,1.619166000000000105e+00,1.328885000000000094e+00,6.510707188163091137e-03,3.513925461534628258e-01
-8.293312000000000461e-01,1.620808999999999944e+00,1.325887000000000038e+00,5.759176916886578346e-03,1.883746645154217580e-01
-8.304538999999999671e-01,1.621733000000000091e+00,1.324416000000000038e+00,5.218167591214267764e-03,3.860990218926078077e-01
-8.326742999999999784e-01,1.623539999999999983e+00,1.321326000000000001e+00,4.227570840329000768e-03,1.877505385656722259e-01
-8.338069999999999649e-01,1.624605999999999995e+00,1.319852999999999943e+00,3.575524179753250108e-03,0.000000000000000000e+00
-8.338069999999999649e-01,1.624605999999999995e+00,1.319852999999999943e+00,3.575524179753250108e-03,1.901863462723729359e-01
-8.348181000000000074e-01,1.625782999999999978e+00,1.318335999999999952e+00,2.936861775773617032e-03,3.571812484808850607e-01
-8.366934999999999789e-01,1.627912999999999943e+00,1.315411000000000108e+00,1.797884670939715055e-03,0.000000000000000000e+00
-8.366934999999999789e-01,1.627912999999999943e+00,1.315411000000000108e+00,1.797884670939715055e-03,1.459397937491985486e-01
-8.373064999999999536e-01,1.629008999999999929e+00,1.314108000000000054e+00,1.217214952257949893e-03,3.688881015579508205e-01
-8.386464000000000141e-01,1.631375000000000020e+00,1.311390999999999973e+00,6.240739459390779896e-04,0.000000000000000000e+00
-8.386464000000000141e-01,1.631375000000000020e+00,1.311390999999999973e+00,6.240739459390779896e-04,1.647038191134692631e-01
-8.391956999999999889e-01,1.632587000000000010e+00,1.310063999999999895e+00,1.111972684016883850e-03,1.630510334489037316e-01
-8.397643999999999664e-01,1.633787000000000100e+00,1.308761000000000063e+00,1.593716988677805870e-03,3.332432538299602842e-01
-8.406422000000000061e-01,1.635976000000000097e+00,1.306216999999999961e+00,2.302716873608165633e-03,0.000000000000000000e+00
-8.406422000000000061e-01,1.635976000000000097e+00,1.306216999999999961e+00,2.302716873608165633e-03,1.591059092881452475e-01
-8.409206999999999654e-01,1.636916000000000038e+00,1.304882000000000097e+00,2.652366869420576950e-03,1.518120243032751726e-01
-8.413869999999999960e-01,1.637923000000000018e+00,1.303552000000000044e+00,3.206768655516100634e-03,3.198757983588789711e-01
-8.417611000000000399e-01,1.639713999999999894e+00,1.300766000000000089e+00,3.478321784999071319e-03,1.403844927927490049e-01
-8.418708000000000302e-01,1.640654999999999974e+00,1.299390000000000045e+00,3.730551601305139280e-03,0.000000000000000000e+00
-8.418708000000000302e-01,1.640654999999999974e+00,1.299390000000000045e+00,3.730551601305139280e-03,2.931541420282733901e-01
-8.418493000000000226e-01,1.642122000000000082e+00,1.296383999999999981e+00,3.787494196695320378e-03,1.417466043581302737e-01
-8.416827000000000059e-01,1.642841999999999913e+00,1.294947000000000070e+00,3.670478373454786215e-03,0.000000000000000000e+00
-8.416827000000000059e-01,1.642841999999999913e+00,1.294947000000000070e+00,3.670478373454786215e-03,1.395401925324860626e-01
-8.414624000000000548e-01,1.643440999999999930e+00,1.293414000000000064e+00,3.487297807758851440e-03,3.134639854709858064e-01
-8.407845000000000457e-01,1.644457999999999975e+00,1.290219999999999922e+00,3.125922161538859274e-03,0.000000000000000000e+00
-8.407845000000000457e-01,1.644457999999999975e+00,1.290219999999999922e+00,3.125922161538859274e-03,1.436612345028205895e-01
-8.403062999999999505e-01,1.644964000000000093e+00,1.288736000000000104e+00,2.838674909178716919e-03,3.092120801574637090e-01
-8.395955999999999975e-01,1.645818999999999921e+00,1.285551000000000110e+00,2.439965048930047616e-03,0.000000000000000000e+00
-8.395955999999999975e-01,1.645818999999999921e+00,1.285551000000000110e+00,2.439965048930047616e-03,1.529003544567538730e-01
-8.391271000000000146e-01,1.646333000000000046e+00,1.283951000000000064e+00,2.545411982371450707e-03,1.613018263614875991e-01
-8.388008999999999604e-01,1.646902000000000088e+00,1.282318000000000069e+00,2.532597788832773554e-03,3.155528122543007075e-01
-8.379033000000000175e-01,1.648141000000000078e+00,1.279233999999999982e+00,2.700387742528892378e-03,1.468658281999665471e-01
-8.374270999999999798e-01,1.648727000000000054e+00,1.277738000000000040e+00,2.916335243074851848e-03,0.000000000000000000e+00
-8.374270999999999798e-01,1.648727000000000054e+00,1.277738000000000040e+00,2.916335243074851848e-03,1.665775836614403482e-01
-8.369410000000000460e-01,1.649343999999999921e+00,1.276191999999999993e+00,3.180529647715949534e-03,2.971617882228764218e-01
-8.360218999999999845e-01,1.650900000000000034e+00,1.273149000000000086e+00,3.608076795191600926e-03,0.000000000000000000e+00
-8.360218999999999845e-01,1.650900000000000034e+00,1.273149000000000086e+00,3.608076795191600926e-03,1.601502394365479920e-01
-8.354905000000000248e-01,1.651610999999999940e+00,1.271643999999999997e+00,3.787203571238199375e-03,3.121081443616404716e-01
-8.347166000000000308e-01,1.653416999999999915e+00,1.268863000000000074e+00,4.111010659193104627e-03,0.000000000000000000e+00
-8.347166000000000308e-01,1.653416999999999915e+00,1.268863000000000074e+00,4.111010659193104627e-03,1.648070898004840579e-01
-8.342372999999999594e-01,1.654225999999999974e+00,1.267425999999999942e+00,4.325214972692077893e-03,1.433629047361018038e-01
-8.337320999999999760e-01,1.655053000000000107e+00,1.266110000000000069e+00,4.593591975785427453e-03,3.191247198057588497e-01
-8.327339000000000269e-01,1.656625000000000014e+00,1.262980999999999909e+00,4.675652028327139872e-03,0.000000000000000000e+00
-8.327339000000000269e-01,1.656625000000000014e+00,1.262980999999999909e+00,4.675652028327139872e-03,1.626317677354474356e-01
-8.322591999999999768e-01,1.657370000000000010e+00,1.261351000000000111e+00,4.639991487061260675e-03,3.301099840754921910e-01
-8.313677000000000428e-01,1.658705000000000096e+00,1.258126999999999995e+00,4.442472649324942166e-03,1.605630239980077867e-01
-8.307607000000000186e-01,1.659324000000000021e+00,1.256602999999999914e+00,4.501166044482186185e-03,1.745310607848513385e-01
-8.302000000000000490e-01,1.660088999999999926e+00,1.254852000000000078e+00,4.416810709097617610e-03,0.000000000000000000e+00
-8.302000000000000490e-01,1.660088999999999926e+00,1.254852000000000078e+00,4.416810709097617610e-03,3.436181750075143482e-01
-8.290260000000000407e-01,1.661248999999999976e+00,1.251486000000000098e+00,4.254461081030154988e-03,1.710097243384761656e-01
-8.282443999999999917e-01,1.661774000000000084e+00,1.249776999999999916e+00,4.269066957778976101e-03,0.000000000000000000e+00
-8.282443999999999917e-01,1.661774000000000084e+00,1.249776999999999916e+00,4.269066957778976101e-03,1.814685824956775995e-01
-8.274783999999999473e-01,1.662279999999999980e+00,1.248126000000000069e+00,4.240334538689157634e-03,3.088541092539276445e-01
-8.254730999999999597e-01,1.663262999999999936e+00,1.245206999999999953e+00,4.747292543123895862e-03,0.000000000000000000e+00
-8.254730999999999597e-01,1.663262999999999936e+00,1.245206999999999953e+00,4.747292543123895862e-03,1.721311165310488722e-01
-8.245375000000000343e-01,1.663793999999999995e+00,1.243773999999999935e+00,4.945114575012400128e-03,3.149869711129391070e-01
-8.228482999999999770e-01,1.665073000000000025e+00,1.240871000000000057e+00,5.099692952521823856e-03,0.000000000000000000e+00
-8.228482999999999770e-01,1.665073000000000025e+00,1.240871000000000057e+00,5.099692952521823856e-03,1.646605065822654146e-01
-8.219070000000000542e-01,1.665593000000000101e+00,1.239432000000000089e+00,5.267688131429239425e-03,1.690190655294351862e-01
-8.209872000000000281e-01,1.666107999999999922e+00,1.237918999999999992e+00,5.366404032496954746e-03,0.000000000000000000e+00
-8.209872000000000281e-01,1.666107999999999922e+00,1.237918999999999992e+00,5.366404032496954746e-03,5.028179787648843213e-01
-8.178992000000000484e-01,1.667850000000000055e+00,1.233732999999999969e+00,5.770156535138243857e-03,0.000000000000000000e+00
-8.178992000000000484e-01,1.667850000000000055e+00,1.233732999999999969e+00,5.770156535138243857e-03,3.331911731218223371e-01
-8.160509999999999708e-01,1.668773000000000062e+00,1.230742000000000003e+00,5.723677193029031926e-03,1.582709925460544509e-01
-8.151140000000000052e-01,1.669251999999999958e+00,1.229373000000000049e+00,5.743990547520117819e-03,0.000000000000000000e+00
-8.151140000000000052e-01,1.669251999999999958e+00,1.229373000000000049e+00,5.743990547520117819e-03,1.828375140680216504e-01
-8.138433000000000472e-01,1.669718999999999953e+00,1.227907999999999999e+00,5.978325230363353872e-03,3.168833523692160536e-01
-8.119819000000000342e-01,1.670887000000000011e+00,1.225235000000000074e+00,5.881824499251851572e-03,0.000000000000000000e+00
-8.119819000000000342e-01,1.670887000000000011e+00,1.225235000000000074e+00,5.881824499251851572e-03,1.555450386254916550e-01
-8.109969999999999679e-01,1.671432000000000029e+00,1.223962999999999912e+00,5.872648057733359170e-03,1.473169116577899840e-01
-8.101372999999999491e-01,1.672007000000000021e+00,1.222637999999999892e+00,5.647509677725188679e-03,3.140836121420176319e-01
-8.081260000000000110e-01,1.673591999999999969e+00,1.220361000000000029e+00,5.397431707766237388e-03,0.000000000000000000e+00
-8.081260000000000110e-01,1.673591999999999969e+00,1.220361000000000029e+00,5.397431707766237388e-03,1.626227428993540780e-01
-8.071439000000000252e-01,1.674504999999999910e+00,1.219324999999999992e+00,5.283258876867562813e-03,2.766823182456549235e-01
-8.051342999999999694e-01,1.676153000000000004e+00,1.217281000000000057e+00,5.149938640411219452e-03,0.000000000000000000e+00
-8.051342999999999694e-01,1.676153000000000004e+00,1.217281000000000057e+00,5.149938640411219452e-03,1.636662780079876922e-01
-8.040513999999999717e-01,1.676957000000000031e+00,1.216239999999999988e+00,5.080842261869548092e-03,1.489243009429070119e-01
-8.029363000000000472e-01,1.677816999999999892e+00,1.215289000000000064e+00,5.112914946486126974e-03,3.021196909458136459e-01
-8.007952999999999877e-01,1.679513000000000034e+00,1.213186000000000098e+00,5.079637502814665466e-03,1.564572886691361353e-01
-7.996801999999999522e-01,1.680201000000000056e+00,1.212091999999999947e+00,5.067081531809048377e-03,0.000000000000000000e+00
-7.996801999999999522e-01,1.680201000000000056e+00,1.212091999999999947e+00,5.067081531809048377e-03,3.206918233760308046e-01
-7.973668999999999896e-01,1.681351999999999958e+00,1.209732999999999947e+00,4.753011218164691735e-03,1.604469546739464847e-01
-7.961654999999999704e-01,1.681869999999999976e+00,1.208569999999999922e+00,4.629994423322842181e-03,0.000000000000000000e+00
-7.961654999999999704e-01,1.681869999999999976e+00,1.208569999999999922e+00,4.629994423322842181e-03,1.642571879711449412e-01
-7.948627000000000331e-01,1.682350000000000012e+00,1.207437000000000094e+00,4.585102249677856269e-03,3.149620355777065783e-01
-7.923086000000000295e-01,1.683418000000000081e+00,1.205395999999999912e+00,4.673993902435017757e-03,0.000000000000000000e+00
-7.923086000000000295e-01,1.683418000000000081e+00,1.205395999999999912e+00,4.673993902435017757e-03,1.597640648814309394e-01
-7.909825000000000328e-01,1.683847000000000094e+00,1.204352000000000089e+00,4.629439470389597015e-03,1.600513918741079677e-01
-7.896528000000000436e-01,1.684280999999999917e+00,1.203303999999999929e+00,4.530550668516904536e-03,0.000000000000000000e+00
-7.896528000000000436e-01,1.684280999999999917e+00,1.203303999999999929e+00,4.530550668516904536e-03,3.209396972066872467e-01
-7.869922999999999780e-01,1.685084000000000026e+00,1.201173999999999964e+00,4.299273724712028392e-03,1.629813283029735438e-01
-7.857094000000000023e-01,1.685440999999999967e+00,1.200120000000000076e+00,4.174076454738375949e-03,2.999026912205738360e-01
-7.828138000000000041e-01,1.686002999999999918e+00,1.198110999999999926e+00,4.145371689004404871e-03,1.676321248854235335e-01
-7.813236999999999544e-01,1.686223999999999945e+00,1.197070999999999996e+00,3.979059020673104789e-03,0.000000000000000000e+00
-7.813236999999999544e-01,1.686223999999999945e+00,1.197070999999999996e+00,3.979059020673104789e-03,1.618280545688129402e-01
-7.797686999999999813e-01,1.686355000000000048e+00,1.196083999999999925e+00,3.876085571810731611e-03,3.299683233695342999e-01
-7.766252000000000155e-01,1.686512000000000011e+00,1.194012000000000073e+00,3.605643244970303113e-03,0.000000000000000000e+00
-7.766252000000000155e-01,1.686512000000000011e+00,1.194012000000000073e+00,3.605643244970303113e-03,1.645289308216342228e-01
-7.749774000000000385e-01,1.686477999999999922e+00,1.193103000000000025e+00,3.632624307577091063e-03,3.440399285483877190e-01
-7.717391999999999586e-01,1.686480999999999897e+00,1.191205000000000069e+00,3.610703942446840883e-03,1.704084425398892377e-01
-7.701029999999999820e-01,1.686423999999999923e+00,1.190323999999999938e+00,3.695451703107460045e-03,0.000000000000000000e+00
-7.701029999999999820e-01,1.686423999999999923e+00,1.190323999999999938e+00,3.695451703107460045e-03,1.689268375099706454e-01
-7.684486000000000372e-01,1.686418999999999890e+00,1.189335000000000031e+00,3.676030904385950947e-03,3.771324335513442372e-01
-7.649356999999999962e-01,1.686107999999999940e+00,1.187610000000000054e+00,4.018608211806626827e-03,0.000000000000000000e+00
-7.649356999999999962e-01,1.686107999999999940e+00,1.187610000000000054e+00,4.018608211806626827e-03,1.754762420535518619e-01
-7.631052000000000390e-01,1.685961999999999961e+00,1.186811999999999978e+00,4.210403554292716476e-03,1.838184957011596843e-01
-7.613579999999999792e-01,1.685870999999999897e+00,1.186037000000000008e+00,4.326040272581909915e-03,3.189366178455111944e-01
-7.578683000000000503e-01,1.685745999999999967e+00,1.184541999999999984e+00,4.508435143151017822e-03,1.501970124752998736e-01
-7.560440999999999967e-01,1.685564000000000062e+00,1.183715000000000073e+00,4.653657947249559453e-03,0.000000000000000000e+00
-7.560440999999999967e-01,1.685564000000000062e+00,1.183715000000000073e+00,4.653657947249559453e-03,3.345058878533848645e-01
-7.524393000000000331e-01,1.685030999999999946e+00,1.182112999999999969e+00,5.068325755118681386e-03,1.818974563008919632e-01
-7.506291999999999964e-01,1.684820999999999902e+00,1.181327000000000016e+00,5.224214073906373670e-03,0.000000000000000000e+00
-7.506291999999999964e-01,1.684820999999999902e+00,1.181327000000000016e+00,5.224214073906373670e-03,1.775238994981676310e-01
-7.487496999999999625e-01,1.684552999999999967e+00,1.180620999999999921e+00,5.460925819858707987e-03,3.812668386049810620e-01
-7.447635999999999701e-01,1.684001999999999999e+00,1.178978000000000081e+00,5.849627551391727021e-03,0.000000000000000000e+00
-7.447635999999999701e-01,1.684001999999999999e+00,1.178978000000000081e+00,5.849627551391727021e-03,1.777968877163613459e-01
-7.428997000000000517e-01,1.683707999999999982e+00,1.178233000000000086e+00,6.048549991526870444e-03,3.706713814105800364e-01
-7.393627000000000393e-01,1.683238000000000012e+00,1.176763999999999921e+00,6.299798882504034810e-03,0.000000000000000000e+00
-7.393627000000000393e-01,1.683238000000000012e+00,1.176763999999999921e+00,6.299798882504034810e-03,1.712788877116323272e-01
-7.376432000000000544e-01,1.682968999999999937e+00,1.175875000000000004e+00,6.441806038682056264e-03,1.938552931007261060e-01
-7.357183000000000472e-01,1.682387000000000077e+00,1.175219999999999931e+00,6.910772736098220494e-03,0.000000000000000000e+00
-7.357183000000000472e-01,1.682387000000000077e+00,1.175219999999999931e+00,6.910772736098220494e-03,4.738051090153587719e-01
-7.306260999999999450e-01,1.681974000000000080e+00,1.173451999999999940e+00,7.039888391160716019e-03,0.000000000000000000e+00
-7.306260999999999450e-01,1.681974000000000080e+00,1.173451999999999940e+00,7.039888391160716019e-03,1.830298544561414220e-01
-7.286804000000000059e-01,1.681921999999999917e+00,1.173005999999999993e+00,6.938155083305815041e-03,3.136094582849572876e-01
-7.251910999999999774e-01,1.681488000000000094e+00,1.172341999999999995e+00,6.965038843394780015e-03,0.000000000000000000e+00
-7.251910999999999774e-01,1.681488000000000094e+00,1.172341999999999995e+00,6.965038843394780015e-03,1.689834024488797160e-01
-7.233758000000000132e-01,1.681465999999999905e+00,1.172020999999999979e+00,6.772682721787758389e-03,3.136312980697842367e-01
-7.198472000000000204e-01,1.681462000000000012e+00,1.171424999999999939e+00,6.345823035666870067e-03,1.776291655728326202e-01
-7.179109999999999658e-01,1.681489000000000011e+00,1.171348000000000056e+00,6.037933524807984065e-03,0.000000000000000000e+00
-7.179109999999999658e-01,1.681489000000000011e+00,1.171348000000000056e+00,6.037933524807984065e-03,1.719414386708754405e-01
-7.159495000000000164e-01,1.681483999999999979e+00,1.171311999999999909e+00,5.740746771109260342e-03,3.663601694392769059e-01
-7.119560000000000333e-01,1.681438999999999906e+00,1.171151999999999971e+00,5.132484486094573105e-03,0.000000000000000000e+00
-7.119560000000000333e-01,1.681438999999999906e+00,1.171151999999999971e+00,5.132484486094573105e-03,1.891890158573058534e-01
-7.098946999999999896e-01,1.681340999999999974e+00,1.171192999999999929e+00,4.845016528351606989e-03,3.279226166384712760e-01
-7.059946000000000277e-01,1.681191000000000102e+00,1.171051999999999982e+00,4.272804797787865989e-03,0.000000000000000000e+00
-7.059946000000000277e-01,1.681191000000000102e+00,1.171051999999999982e+00,4.272804797787865989e-03,3.676768608197719668e-01
-7.018081999999999931e-01,1.680911000000000044e+00,1.171213000000000060e+00,3.630096969779162547e-03,0.000000000000000000e+00
-7.018081999999999931e-01,1.680911000000000044e+00,1.171213000000000060e+00,3.630096969779162547e-03,3.892866876395447151e-01
-6.975896000000000319e-01,1.680458999999999925e+00,1.171407000000000087e+00,3.083391193150885473e-03,1.803071234629722297e-01
-6.955483000000000082e-01,1.680206000000000088e+00,1.171445999999999987e+00,2.804519333147790713e-03,0.000000000000000000e+00
-6.955483000000000082e-01,1.680206000000000088e+00,1.171445999999999987e+00,2.804519333147790713e-03,1.950834448426492507e-01
-6.935365000000000002e-01,1.679945999999999939e+00,1.171543000000000001e+00,2.507319128072805874e-03,3.291093518986697997e-01
-6.896546000000000065e-01,1.679477000000000109e+00,1.171859999999999902e+00,1.783752774349634754e-03,0.000000000000000000e+00
-6.896546000000000065e-01,1.679477000000000109e+00,1.171859999999999902e+00,1.783752774349634754e-03,1.842575877055531164e-01
-6.877539000000000291e-01,1.679224999999999968e+00,1.171915999999999958e+00,1.431674627839696866e-03,2.971898107689665003e-01
-6.843215999999999744e-01,1.678369999999999918e+00,1.172044000000000086e+00,1.269450999448251032e-03,0.000000000000000000e+00
-6.843215999999999744e-01,1.678369999999999918e+00,1.172044000000000086e+00,1.269450999448251032e-03,1.812059464541440346e-01
-6.824934000000000278e-01,1.677899000000000029e+00,1.172074999999999978e+00,1.336120443672749033e-03,1.617328031767580609e-01
-6.807054999999999634e-01,1.677470999999999934e+00,1.172215000000000007e+00,1.426162294411033229e-03,0.000000000000000000e+00
-6.807054999999999634e-01,1.677470999999999934e+00,1.172215000000000007e+00,1.426162294411033229e-03,3.372617239111163623e-01
-6.771051999999999627e-01,1.676719000000000070e+00,1.172320000000000029e+00,1.442995301447574019e-03,1.490290111270399509e-01
-6.754698999999999565e-01,1.676252999999999993e+00,1.172314999999999996e+00,1.580440761306791059e-03,2.771179837026079285e-01
-6.724426999999999488e-01,1.675340999999999969e+00,1.172363000000000044e+00,2.328607525969121021e-03,1.151292924403711226e-01
-6.713092000000000503e-01,1.674951999999999996e+00,1.172347999999999946e+00,2.350190409307400738e-03,0.000000000000000000e+00
-6.713092000000000503e-01,1.674951999999999996e+00,1.172347999999999946e+00,2.350190409307400738e-03,1.240496787578384413e-01
-6.700264999999999693e-01,1.674525999999999959e+00,1.172417999999999960e+00,2.639167150826216956e-03,2.646803369785721283e-01
-6.674149000000000331e-01,1.673666000000000098e+00,1.172633000000000036e+00,2.960858525833280804e-03,1.042715645455870033e-01
-6.662350000000000216e-01,1.673281999999999936e+00,1.172641999999999962e+00,3.408575708415379369e-03,0.000000000000000000e+00
-6.662350000000000216e-01,1.673281999999999936e+00,1.172641999999999962e+00,3.408575708415379369e-03,1.045790417476208795e-01
-6.651536999999999589e-01,1.672930000000000028e+00,1.172735000000000083e+00,3.438090547091341830e-03,1.871367954063758998e-01
-6.631295999999999857e-01,1.672004999999999963e+00,1.172816999999999998e+00,3.862492014231239806e-03,0.000000000000000000e+00
-6.631295999999999857e-01,1.672004999999999963e+00,1.172816999999999998e+00,3.862492014231239806e-03,8.997589775817443902e-02
-6.621787999999999563e-01,1.671623999999999999e+00,1.172886000000000095e+00,4.191983678403260472e-03,1.770355708099429215e-01
-6.603755999999999515e-01,1.670714000000000032e+00,1.172914000000000012e+00,4.583223193343331781e-03,0.000000000000000000e+00
-6.603755999999999515e-01,1.670714000000000032e+00,1.172914000000000012e+00,4.583223193343331781e-03,9.239074479577827348e-02
-6.594776999999999445e-01,1.670255999999999963e+00,1.172908999999999979e+00,4.764395029801909466e-03,8.424707252545649006e-02
-6.586921000000000026e-01,1.669707000000000052e+00,1.172835000000000072e+00,5.062369046207532315e-03,1.581516648235640476e-01
-6.573780000000000179e-01,1.668593999999999911e+00,1.172727999999999993e+00,5.507232568177933447e-03,7.711802475355242215e-02
-6.567657000000000078e-01,1.668021999999999894e+00,1.172652000000000028e+00,5.818697380857624363e-03,0.000000000000000000e+00
-6.567657000000000078e-01,1.668021999999999894e+00,1.172652000000000028e+00,5.818697380857624363e-03,1.859497297879545430e-01
-6.552942000000000489e-01,1.666627999999999998e+00,1.172568000000000055e+00,6.386629587661881401e-03,8.423433288175091738e-02
-6.545925000000000216e-01,1.666037999999999908e+00,1.172503999999999991e+00,6.756289121255908484e-03,0.000000000000000000e+00
-6.545925000000000216e-01,1.666037999999999908e+00,1.172503999999999991e+00,6.756289121255908484e-03,1.032909030332024997e-01
-6.537391999999999648e-01,1.665383999999999975e+00,1.172485999999999917e+00,7.021701585798270986e-03,1.753232478336005651e-01
-6.524176999999999893e-01,1.664004999999999956e+00,1.172382000000000035e+00,7.707978292652266882e-03,0.000000000000000000e+00
-6.524176999999999893e-01,1.664004999999999956e+00,1.172382000000000035e+00,7.707978292652266882e-03,7.305087849751222551e-02
-6.518774000000000513e-01,1.663402999999999965e+00,1.172180999999999917e+00,8.151714426425895471e-03,7.688766009831229931e-02
-6.513307000000000402e-01,1.662827000000000055e+00,1.172074999999999978e+00,8.560480182793404197e-03,0.000000000000000000e+00
-6.513307000000000402e-01,1.662827000000000055e+00,1.172074999999999978e+00,8.560480182793404197e-03,1.521015938336920115e-01
-6.501445999999999614e-01,1.661685999999999996e+00,1.171863000000000099e+00,9.257024649421517412e-03,9.281844310850725921e-02
-6.495049000000000516e-01,1.660978000000000065e+00,1.171704999999999997e+00,9.788831855231681922e-03,1.298596467237722873e-01
-6.483898000000000161e-01,1.659920000000000062e+00,1.171448999999999963e+00,1.076606233309092969e-02,4.072232078531401456e-02
-6.480557999999999597e-01,1.659645000000000037e+00,1.171348000000000056e+00,1.108567279690314024e-02,0.000000000000000000e+00
-6.480557999999999597e-01,1.659645000000000037e+00,1.171348000000000056e+00,1.108567279690314024e-02,3.942612188114449218e-02
-6.477637000000000533e-01,1.659337999999999980e+00,1.171197000000000044e+00,1.145336925319350579e-02,7.524085625175115644e-02
-6.472208000000000405e-01,1.658752999999999922e+00,1.171005000000000074e+00,1.208903616340023350e-02,0.000000000000000000e+00
-6.472208000000000405e-01,1.658752999999999922e+00,1.171005000000000074e+00,1.208903616340023350e-02,2.030985517240330857e-02
-6.472360999999999809e-01,1.658662999999999998e+00,1.170781000000000072e+00,1.230241060971378440e-02,1.996126316381139840e-02
-6.470287000000000122e-01,1.658671000000000006e+00,1.170771000000000006e+00,1.238723812033978508e-02,2.960771224998274762e-02
-6.472137000000000029e-01,1.658897000000000066e+00,1.170908999999999978e+00,1.209799571210037547e-02,0.000000000000000000e+00
-6.472137000000000029e-01,1.658897000000000066e+00,1.170908999999999978e+00,1.209799571210037547e-02,2.336071887811195721e-02
-6.473176000000000485e-01,1.659021999999999997e+00,1.171105000000000063e+00,1.184348625869924634e-02,1.334615854967323989e-01
-6.480447999999999764e-01,1.660052000000000083e+00,1.171836000000000100e+00,1.050881697242830003e-02,0.000000000000000000e+00
-6.480447999999999764e-01,1.660052000000000083e+00,1.171836000000000100e+00,1.050881697242830003e-02,9.639218250863618165e-02
-6.486393999999999771e-01,1.660711000000000048e+00,1.172400000000000109e+00,9.546972852166143997e-03,8.946196676988027452e-02
-6.491457999999999950e-01,1.661397000000000013e+00,1.172874999999999890e+00,8.701555054126872829e-03,0.000000000000000000e+00
