-8.580790000000000362e-01,1.681993999999999989e+00,1.322564999999999991e+00,6.164268820387316765e-03,0.000000000000000000e+00
-8.580790000000000362e-01,1.681993999999999989e+00,1.322564999999999991e+00,6.164268820387316765e-03,4.277481879185789093e-02
-8.585473999999999606e-01,1.681858999999999993e+00,1.322540999999999967e+00,6.563941697638587744e-03,0.000000000000000000e+00
-8.585473999999999606e-01,1.681858999999999993e+00,1.322540999999999967e+00,6.563941697638587744e-03,1.598730125383761302e-02
-8.587360000000000548e-01,1.681885000000000074e+00,1.322543999999999942e+00,6.667974871728188022e-03,3.105015154377437081e-02
-8.589776000000000078e-01,1.682085000000000052e+00,1.322672000000000070e+00,6.688458782858608224e-03,0.000000000000000000e+00
-8.589776000000000078e-01,1.682085000000000052e+00,1.322672000000000070e+00,6.688458782858608224e-03,2.607351998482387856e-02
-8.591486999999999874e-01,1.682295000000000096e+00,1.322548999999999975e+00,6.661337730516136979e-03,0.000000000000000000e+00
-8.591486999999999874e-01,1.682295000000000096e+00,1.322548999999999975e+00,6.661337730516136979e-03,2.790906361869910368e-02
-8.593836000000000253e-01,1.682450000000000001e+00,1.322400000000000020e+00,6.732012588372003788e-03,1.443309944633621410e-02
-8.592469999999999830e-01,1.682530000000000081e+00,1.322332999999999981e+00,6.577924694764909416e-03,0.000000000000000000e+00
-8.592469999999999830e-01,1.682530000000000081e+00,1.322332999999999981e+00,6.577924694764909416e-03,1.042193717785197885e-02
-8.593201999999999785e-01,1.682477000000000000e+00,1.322264000000000106e+00,6.670003958769333760e-03,3.144611341578484182e-02
-8.591919000000000084e-01,1.682576999999999989e+00,1.321927000000000074e+00,6.528833185186991121e-03,0.000000000000000000e+00
-8.591919000000000084e-01,1.682576999999999989e+00,1.321927000000000074e+00,6.528833185186991121e-03,1.664627065239516687e-02
-8.591294000000000430e-01,1.682455000000000034e+00,1.321784000000000070e+00,6.577669344836268445e-03,2.861366399546114506e-02
-8.588628999999999847e-01,1.682498000000000049e+00,1.321576000000000084e+00,6.382019974898074655e-03,0.000000000000000000e+00
-8.588628999999999847e-01,1.682498000000000049e+00,1.321576000000000084e+00,6.382019974898074655e-03,2.145918204177571162e-02
-8.588196999999999637e-01,1.682569999999999899e+00,1.321345999999999909e+00,6.339874617056670200e-03,1.646535008524117188e-02
-8.586880999999999542e-01,1.682487000000000066e+00,1.321241000000000110e+00,6.324339605049481006e-03,0.000000000000000000e+00
-8.586880999999999542e-01,1.682487000000000066e+00,1.321241000000000110e+00,6.324339605049481006e-03,3.006188835801403697e-02
-8.586070999999999565e-01,1.682585999999999915e+00,1.320939000000000085e+00,6.268195421331304758e-03,5.682994778680010468e-03
-8.586190000000000211e-01,1.682641999999999971e+00,1.320902999999999938e+00,6.247436441453348144e-03,2.341687894581972670e-02
-8.587369999999999726e-01,1.682805000000000106e+00,1.320764999999999967e+00,6.258817323584198351e-03,1.896761291170739536e-02
-8.588666999999999829e-01,1.682952999999999921e+00,1.320829000000000031e+00,6.240233550116458007e-03,0.000000000000000000e+00
-8.588666999999999829e-01,1.682952999999999921e+00,1.320829000000000031e+00,6.240233550116458007e-03,2.495560834655242977e-02
-8.589196000000000053e-01,1.683130000000000015e+00,1.321029000000000009e+00,6.118969528441752306e-03,5.509280033844261848e-02
-8.589980999999999867e-01,1.683712000000000097e+00,1.321156999999999915e+00,5.813793291818896564e-03,2.580398601475982628e-02
-8.588297000000000292e-01,1.683951999999999893e+00,1.321183999999999914e+00,5.542460659310094288e-03,0.000000000000000000e+00
-8.588297000000000292e-01,1.683951999999999893e+00,1.321183999999999914e+00,5.542460659310094288e-03,2.640042219948500121e-02
-8.586184999999999512e-01,1.684142999999999946e+00,1.321228999999999987e+00,5.259099033104334096e-03,5.748592265573245624e-02
-8.581978999999999580e-01,1.684668999999999972e+00,1.321349000000000107e+00,4.617937847134663543e-03,0.000000000000000000e+00
-8.581978999999999580e-01,1.684668999999999972e+00,1.321349000000000107e+00,4.617937847134663543e-03,2.877852244568265133e-02
-8.581395000000000550e-01,1.684922000000000031e+00,1.321550000000000002e+00,4.404758794758183681e-03,8.301119059277344003e-02
-8.576660000000000394e-01,1.685669000000000084e+00,1.321889000000000092e+00,3.621388668729092191e-03,0.000000000000000000e+00
-8.576660000000000394e-01,1.685669000000000084e+00,1.321889000000000092e+00,3.621388668729092191e-03,4.354050324541821476e-02
-8.574313999999999547e-01,1.686069999999999958e+00,1.322065000000000046e+00,3.256790507539499002e-03,4.936683400724154597e-02
-8.571741999999999972e-01,1.686479000000000061e+00,1.322303000000000006e+00,2.902976233109688491e-03,1.036729266603862304e-01
-8.568291999999999575e-01,1.687518000000000074e+00,1.322751000000000010e+00,2.619146809554590179e-03,5.510002341555073069e-02
-8.566095999999999711e-01,1.688023999999999969e+00,1.322990000000000110e+00,2.406290591345914675e-03,0.000000000000000000e+00
-8.566095999999999711e-01,1.688023999999999969e+00,1.322990000000000110e+00,2.406290591345914675e-03,1.207392845997919822e-01
-8.562870000000000203e-01,1.689127000000000045e+00,1.323498999999999981e+00,1.957004366372350028e-03,7.550965133839433741e-02
-8.560995999999999606e-01,1.689835999999999894e+00,1.323876000000000053e+00,2.076013586179058235e-03,0.000000000000000000e+00
-8.560995999999999606e-01,1.689835999999999894e+00,1.323876000000000053e+00,2.076013586179058235e-03,7.667695113206970947e-02
-8.558299999999999796e-01,1.690488999999999908e+00,1.324324000000000057e+00,1.542834404594329700e-03,1.809559405566296963e-01
-8.550607999999999542e-01,1.691923000000000066e+00,1.325272999999999923e+00,1.258834178913144841e-03,0.000000000000000000e+00
-8.550607999999999542e-01,1.691923000000000066e+00,1.325272999999999923e+00,1.258834178913144841e-03,9.205044107274595877e-02
-8.547177000000000247e-01,1.692725999999999953e+00,1.325768999999999975e+00,9.075895327733768348e-04,1.071757867283722188e-01
-8.545886999999999789e-01,1.693713999999999942e+00,1.326478000000000046e+00,1.250138696305230085e-03,0.000000000000000000e+00
-8.545886999999999789e-01,1.693713999999999942e+00,1.326478000000000046e+00,1.250138696305230085e-03,2.866577133553772638e-01
-8.541024000000000393e-01,1.696026000000000034e+00,1.328300999999999954e+00,9.618855233342149362e-04,1.351906373396953021e-01
-8.538649000000000377e-01,1.697221000000000091e+00,1.329247000000000067e+00,1.266927878768136975e-03,3.029059532767236496e-01
-8.533007999999999704e-01,1.699980000000000047e+00,1.331496999999999931e+00,1.429769915056319134e-03,1.884012468346456248e-01
-8.531902000000000097e-01,1.701573000000000002e+00,1.332638999999999907e+00,1.368657678164990864e-03,0.000000000000000000e+00
-8.531902000000000097e-01,1.701573000000000002e+00,1.332638999999999907e+00,1.368657678164990864e-03,1.643658323937620402e-01
-8.529904000000000375e-01,1.703025000000000011e+00,1.333809000000000022e+00,1.309573884895340887e-03,3.763989654141849384e-01
-8.527166999999999941e-01,1.706291999999999920e+00,1.336281999999999970e+00,1.228437662236039202e-03,1.995803023124906594e-01
-8.525922000000000223e-01,1.708023000000000069e+00,1.337596999999999925e+00,1.164616765292464428e-03,0.000000000000000000e+00
-8.525922000000000223e-01,1.708023000000000069e+00,1.337596999999999925e+00,1.164616765292464428e-03,4.266187002264897887e-01
-8.523254000000000108e-01,1.711535999999999946e+00,1.340300999999999965e+00,1.080220759845046050e-03,1.833931446206658045e-01
-8.518915000000000237e-01,1.713073999999999986e+00,1.341507999999999923e+00,1.143201124037322887e-03,0.000000000000000000e+00
-8.518915000000000237e-01,1.713073999999999986e+00,1.341507999999999923e+00,1.143201124037322887e-03,2.157829983749052494e-01
-8.514559000000000433e-01,1.714761999999999897e+00,1.342927999999999900e+00,1.111591962007685633e-03,4.166655526345953708e-01
-8.509474000000000204e-01,1.718490000000000073e+00,1.345479000000000092e+00,1.512761795524919864e-03,0.000000000000000000e+00
-8.509474000000000204e-01,1.718490000000000073e+00,1.345479000000000092e+00,1.512761795524919864e-03,2.390799580327471752e-01
-8.503110000000000390e-01,1.720364000000000004e+00,1.346991999999999967e+00,1.601636129088090943e-03,1.979077881852168708e-01
-8.498742999999999714e-01,1.722094000000000014e+00,1.348376000000000019e+00,1.709969207325037332e-03,3.910429927144585260e-01
-8.484036999999999829e-01,1.725227000000000066e+00,1.351191999999999949e+00,1.611925668261404276e-03,2.073543220778629459e-01
-8.479139999999999455e-01,1.726836000000000038e+00,1.352545000000000108e+00,1.671953674597421004e-03,0.000000000000000000e+00
-8.479139999999999455e-01,1.726836000000000038e+00,1.352545000000000108e+00,1.671953674597421004e-03,3.798099218051039783e-01
-8.463148999999999811e-01,1.729803999999999897e+00,1.355267999999999917e+00,1.548004680225501537e-03,1.980824982226678244e-01
-8.457822999999999869e-01,1.731476999999999933e+00,1.356527999999999956e+00,1.764712228665012801e-03,0.000000000000000000e+00
-8.457822999999999869e-01,1.731476999999999933e+00,1.356527999999999956e+00,1.764712228665012801e-03,1.795188610654121220e-01
-8.449674000000000351e-01,1.732782000000000044e+00,1.357739999999999947e+00,1.675932841733428387e-03,4.006969263977134821e-01
-8.432138000000000133e-01,1.735751999999999962e+00,1.360425999999999913e+00,1.677028386760348469e-03,0.000000000000000000e+00
-8.432138000000000133e-01,1.735751999999999962e+00,1.360425999999999913e+00,1.677028386760348469e-03,1.653192317887471618e-01
-8.421651999999999472e-01,1.736974999999999936e+00,1.361558000000000046e+00,1.609138045662853464e-03,4.106629910243648207e-01
-8.401437000000000488e-01,1.739824999999999955e+00,1.364020999999999928e+00,1.726356652027602771e-03,0.000000000000000000e+00
-8.401437000000000488e-01,1.739824999999999955e+00,1.364020999999999928e+00,1.726356652027602771e-03,1.721177935562972217e-01
-8.391229999999999523e-01,1.741039999999999921e+00,1.365178000000000003e+00,1.748447551400987348e-03,2.079539954544881164e-01
-8.378527000000000058e-01,1.742324999999999902e+00,1.366549999999999931e+00,1.621006169019801333e-03,0.000000000000000000e+00
-8.378527000000000058e-01,1.742324999999999902e+00,1.366549999999999931e+00,1.621006169019801333e-03,5.406421121590018197e-01
-8.342635999999999941e-01,1.745848999999999984e+00,1.369641000000000108e+00,2.219877708343258055e-03,0.000000000000000000e+00
-8.342635999999999941e-01,1.745848999999999984e+00,1.369641000000000108e+00,2.219877708343258055e-03,1.793790898349748031e-01
-8.328950000000000520e-01,1.746985999999999928e+00,1.370455999999999896e+00,2.486968122031300854e-03,3.495455243511242927e-01
-8.298986000000000418e-01,1.748872999999999900e+00,1.372290999999999928e+00,3.042856033400284307e-03,1.747943004682820378e-01
-8.287740000000000107e-01,1.750002000000000058e+00,1.373172999999999977e+00,3.204462527476400167e-03,0.000000000000000000e+00
-8.287740000000000107e-01,1.750002000000000058e+00,1.373172999999999977e+00,3.204462527476400167e-03,3.154593335912684871e-01
-8.258204000000000100e-01,1.751716000000000051e+00,1.374732000000000065e+00,4.115833252210132284e-03,1.852353963373928880e-01
-8.243188999999999655e-01,1.752847000000000044e+00,1.375474000000000085e+00,4.610348955339507379e-03,0.000000000000000000e+00
-8.243188999999999655e-01,1.752847000000000044e+00,1.375474000000000085e+00,4.610348955339507379e-03,1.826122785589120168e-01
-8.225746000000000446e-01,1.753676000000000013e+00,1.376255999999999924e+00,5.206575169917449647e-03,3.717204752830245984e-01
-8.193823999999999552e-01,1.755196999999999896e+00,1.377836999999999978e+00,6.098257620009229878e-03,0.000000000000000000e+00
-8.193823999999999552e-01,1.755196999999999896e+00,1.377836999999999978e+00,6.098257620009229878e-03,1.446786444069755873e-01
-8.178883000000000125e-01,1.755946000000000007e+00,1.378489000000000075e+00,6.534488219439952943e-03,3.851438189055060302e-01
-8.147855000000000514e-01,1.757724000000000064e+00,1.379834000000000005e+00,7.415163950311477736e-03,0.000000000000000000e+00
-8.147855000000000514e-01,1.757724000000000064e+00,1.379834000000000005e+00,7.415163950311477736e-03,3.510537134308801543e-01
-8.112350000000000394e-01,1.759273000000000087e+00,1.381397999999999904e+00,8.381511551623723605e-03,0.000000000000000000e+00
-8.112350000000000394e-01,1.759273000000000087e+00,1.381397999999999904e+00,8.381511551623723605e-03,3.630551667049167208e-01
-8.079557000000000544e-01,1.760934999999999917e+00,1.382872000000000101e+00,9.114831906842670722e-03,1.772979613746921146e-01
-8.060815000000000063e-01,1.761557000000000039e+00,1.383615000000000039e+00,9.625228646115297979e-03,0.000000000000000000e+00
-8.060815000000000063e-01,1.761557000000000039e+00,1.383615000000000039e+00,9.625228646115297979e-03,1.841054433821615322e-01
-8.044421999999999962e-01,1.762461999999999973e+00,1.384567000000000103e+00,9.738871335529510065e-03,3.841712453420690343e-01
-8.009500999999999982e-01,1.764070999999999945e+00,1.386671999999999905e+00,9.893925615750318384e-03,0.000000000000000000e+00
-8.009500999999999982e-01,1.764070999999999945e+00,1.386671999999999905e+00,9.893925615750318384e-03,1.892662906086419183e-01
-7.993814999999999671e-01,1.765114000000000072e+00,1.387728000000000073e+00,9.755028014311309739e-03,3.959977594112989996e-01
-7.958275999999999684e-01,1.766755999999999993e+00,1.389984000000000108e+00,9.632252316566444067e-03,0.000000000000000000e+00
-7.958275999999999684e-01,1.766755999999999993e+00,1.389984000000000108e+00,9.632252316566444067e-03,2.089622525534287345e-01
-7.939547999999999606e-01,1.767673000000000050e+00,1.391140000000000043e+00,9.540310666325336683e-03,1.943065936545148586e-01
-7.921734000000000275e-01,1.768518999999999952e+00,1.392350999999999894e+00,9.306543255151320665e-03,0.000000000000000000e+00
-7.921734000000000275e-01,1.768518999999999952e+00,1.392350999999999894e+00,9.306543255151320665e-03,3.929687536506130119e-01
-7.886166999999999483e-01,1.770132999999999956e+00,1.394552999999999932e+00,8.893017541869585249e-03,2.079936626739722905e-01
-7.866147000000000000e-01,1.770815999999999946e+00,1.395629000000000008e+00,8.799973213595661120e-03,4.703271707732157303e-01
-7.824809999999999821e-01,1.772270000000000012e+00,1.397812999999999972e+00,8.545371414397396129e-03,2.455766599257018235e-01
-7.801711999999999536e-01,1.772806000000000104e+00,1.398775000000000102e+00,8.654413519124130524e-03,2.245583637060866444e-01
-7.777414000000000271e-01,1.773317000000000032e+00,1.399769000000000041e+00,8.666032442242567815e-03,0.000000000000000000e+00
-7.777414000000000271e-01,1.773317000000000032e+00,1.399769000000000041e+00,8.666032442242567815e-03,4.503589223098554695e-01
-7.729397000000000073e-01,1.774067999999999978e+00,1.401437999999999962e+00,9.000917755429141756e-03,2.545729745694536583e-01
-7.702335999999999627e-01,1.774442000000000075e+00,1.402425000000000033e+00,9.056142358090317479e-03,0.000000000000000000e+00
-7.702335999999999627e-01,1.774442000000000075e+00,1.402425000000000033e+00,9.056142358090317479e-03,2.336614893384546809e-01
-7.677207000000000336e-01,1.774894999999999889e+00,1.403191999999999995e+00,9.140602348313939599e-03,5.035579620360789432e-01
-7.622254000000000529e-01,1.775347000000000008e+00,1.404824999999999990e+00,9.419807707697677029e-03,0.000000000000000000e+00
-7.622254000000000529e-01,1.775347000000000008e+00,1.404824999999999990e+00,9.419807707697677029e-03,2.182889777845633261e-01
-7.598783999999999539e-01,1.775849999999999929e+00,1.405489999999999906e+00,9.362376472349404760e-03,4.860493937266111564e-01
-7.547947999999999880e-01,1.776053000000000104e+00,1.406984999999999930e+00,9.413388901453175958e-03,0.000000000000000000e+00
-7.547947999999999880e-01,1.776053000000000104e+00,1.406984999999999930e+00,9.413388901453175958e-03,1.996055769058490970e-01
-7.527156000000000402e-01,1.776537999999999951e+00,1.407777999999999974e+00,9.026641820743799491e-03,2.267077647664496876e-01
-7.502320000000000100e-01,1.776548000000000016e+00,1.408501000000000003e+00,8.958527390146185307e-03,4.715370617654543461e-01
-7.455789999999999917e-01,1.777165000000000106e+00,1.409937999999999914e+00,8.437978090158780239e-03,2.294212989394747437e-01
-7.431400000000000228e-01,1.776987000000000094e+00,1.410482000000000014e+00,8.426809149375399585e-03,0.000000000000000000e+00
-7.431400000000000228e-01,1.776987000000000094e+00,1.410482000000000014e+00,8.426809149375399585e-03,4.731097732567311476e-01
-7.384627000000000274e-01,1.777207999999999899e+00,1.412023999999999946e+00,7.625790505908231452e-03,2.169352838684428519e-01
-7.360674999999999857e-01,1.776917999999999997e+00,1.412566999999999906e+00,7.569948649759791932e-03,0.000000000000000000e+00
-7.360674999999999857e-01,1.776917999999999997e+00,1.412566999999999906e+00,7.569948649759791932e-03,2.174305943959401466e-01
-7.339189000000000407e-01,1.776842999999999950e+00,1.413275000000000059e+00,7.205222064586134893e-03,3.653586734213372100e-01
-7.298679000000000139e-01,1.776915000000000022e+00,1.414255999999999958e+00,6.608005405566863208e-03,0.000000000000000000e+00
-7.298679000000000139e-01,1.776915000000000022e+00,1.414255999999999958e+00,6.608005405566863208e-03,2.004198872112008811e-01
-7.279221999999999637e-01,1.776785999999999976e+00,1.414644000000000013e+00,6.412147577840066580e-03,1.651342619151308089e-01
-7.260735000000000383e-01,1.776798000000000100e+00,1.414998999999999896e+00,6.146890417926685786e-03,0.000000000000000000e+00
-7.260735000000000383e-01,1.776798000000000100e+00,1.414998999999999896e+00,6.146890417926685786e-03,3.723142469942230526e-01
-7.220898000000000039e-01,1.776334000000000080e+00,1.415642999999999985e+00,5.826799636163967552e-03,1.533865276136618105e-01
-7.204239000000000059e-01,1.776251000000000024e+00,1.415796000000000054e+00,5.720724835193533205e-03,3.005489185147874331e-01
-7.168949000000000016e-01,1.775716999999999990e+00,1.416026000000000007e+00,5.712525221826214930e-03,1.827279974247964234e-01
-7.150908000000000264e-01,1.775562000000000085e+00,1.416109000000000062e+00,5.672553128882928085e-03,1.511035978958827075e-01
-7.133988999999999470e-01,1.775233000000000061e+00,1.416068000000000104e+00,5.698276164771171916e-03,0.000000000000000000e+00
-7.133988999999999470e-01,1.775233000000000061e+00,1.416068000000000104e+00,5.698276164771171916e-03,3.006620474593178494e-01
-7.101492999999999833e-01,1.774788000000000032e+00,1.416109999999999980e+00,5.598929809347503832e-03,1.812464063231409295e-01
-7.082644000000000162e-01,1.774199999999999999e+00,1.416002999999999901e+00,5.753288198065613888e-03,0.000000000000000000e+00
-7.082644000000000162e-01,1.774199999999999999e+00,1.416002999999999901e+00,5.753288198065613888e-03,3.774988023569267326e-01
-7.044264999999999555e-01,1.773352999999999957e+00,1.415842999999999963e+00,5.837874398272132996e-03,1.861835266777076003e-01
-7.024181000000000452e-01,1.772680999999999951e+00,1.415677000000000074e+00,5.962604612080224867e-03,0.000000000000000000e+00
-7.024181000000000452e-01,1.772680999999999951e+00,1.415677000000000074e+00,5.962604612080224867e-03,1.979299037498270242e-01
-7.005443999999999560e-01,1.772115000000000107e+00,1.415521999999999947e+00,6.052718417372425150e-03,3.188758814219513349e-01
-6.972268000000000354e-01,1.771068000000000087e+00,1.415510999999999964e+00,5.861513691871708849e-03,0.000000000000000000e+00
-6.972268000000000354e-01,1.771068000000000087e+00,1.415510999999999964e+00,5.861513691871708849e-03,1.732205024325248199e-01
-6.954361999999999489e-01,1.770469999999999988e+00,1.415424000000000015e+00,5.799895530093507508e-03,1.609125364138775938e-01
-6.937467999999999968e-01,1.770000999999999935e+00,1.415307000000000093e+00,5.729212769656826139e-03,0.000000000000000000e+00
-6.937467999999999968e-01,1.770000999999999935e+00,1.415307000000000093e+00,5.729212769656826139e-03,5.354114318637864800e-01
-6.885052000000000394e-01,1.768094999999999972e+00,1.415175000000000072e+00,5.349505177116915811e-03,0.000000000000000000e+00
-6.885052000000000394e-01,1.768094999999999972e+00,1.415175000000000072e+00,5.349505177116915811e-03,2.782627106821332630e-01
-6.853263000000000549e-01,1.766766999999999976e+00,1.414984000000000020e+00,5.142522553183425348e-03,1.477585704453186488e-01
-6.839418000000000442e-01,1.766324000000000005e+00,1.414795999999999943e+00,5.037289033795844077e-03,0.000000000000000000e+00
-6.839418000000000442e-01,1.766324000000000005e+00,1.414795999999999943e+00,5.037289033795844077e-03,1.444298747973992991e-01
-6.824455000000000382e-01,1.765654000000000057e+00,1.414644000000000013e+00,4.976023637403769080e-03,2.670111508977054404e-01
-6.798503000000000185e-01,1.764415000000000067e+00,1.414163000000000059e+00,5.015215305447934258e-03,0.000000000000000000e+00
-6.798503000000000185e-01,1.764415000000000067e+00,1.414163000000000059e+00,5.015215305447934258e-03,1.420738888897145058e-01
-6.784453000000000289e-01,1.763660999999999923e+00,1.413871000000000100e+00,5.044667703625326481e-03,2.763097838641625503e-01
-6.757615000000000149e-01,1.762421000000000015e+00,1.413281999999999927e+00,5.127142343450203504e-03,0.000000000000000000e+00
-6.757615000000000149e-01,1.762421000000000015e+00,1.413281999999999927e+00,5.127142343450203504e-03,1.316761103552706869e-01
-6.744658999999999516e-01,1.761724999999999985e+00,1.412975000000000092e+00,5.089436644659012937e-03,1.437215958079314793e-01
-6.730490000000000084e-01,1.761060999999999988e+00,1.412873999999999963e+00,4.868659508530085236e-03,0.000000000000000000e+00
-6.730490000000000084e-01,1.761060999999999988e+00,1.412873999999999963e+00,4.868659508530085236e-03,2.708027058321918479e-01
-6.702390000000000292e-01,1.759617999999999904e+00,1.412223000000000006e+00,4.862381560511326410e-03,3.081801650887933119e-01
-6.673417000000000376e-01,1.757973999999999926e+00,1.411766999999999994e+00,4.492763093019803110e-03,0.000000000000000000e+00
-6.673417000000000376e-01,1.757973999999999926e+00,1.411766999999999994e+00,4.492763093019803110e-03,3.085541787474659903e-01
-6.641084999999999905e-01,1.756286000000000014e+00,1.411343999999999932e+00,4.005482497777343963e-03,1.497261300155450225e-01
-6.626849000000000212e-01,1.755722000000000005e+00,1.411045000000000105e+00,3.841013855741646707e-03,0.000000000000000000e+00
-6.626849000000000212e-01,1.755722000000000005e+00,1.411045000000000105e+00,3.841013855741646707e-03,2.886563951027193431e-01
-6.596880000000000521e-01,1.754124999999999934e+00,1.410528000000000004e+00,3.223541474837873354e-03,1.542790954735322184e-01
-6.582126999999999839e-01,1.753538999999999959e+00,1.410274000000000028e+00,2.961943780695414866e-03,0.000000000000000000e+00
-6.582126999999999839e-01,1.753538999999999959e+00,1.410274000000000028e+00,2.961943780695414866e-03,1.462459330080349007e-01
-6.567191999999999474e-01,1.752677000000000040e+00,1.410039000000000042e+00,2.775469790864090389e-03,3.701221674426005692e-01
-6.539051999999999643e-01,1.751026999999999889e+00,1.409507000000000065e+00,2.038145863278508895e-03,0.000000000000000000e+00
-6.539051999999999643e-01,1.751026999999999889e+00,1.409507000000000065e+00,2.038145863278508895e-03,1.275544132458097668e-01
-6.525849999999999707e-01,1.750178000000000011e+00,1.409311999999999898e+00,1.765208667551933317e-03,2.928419399170865689e-01
-6.500873999999999819e-01,1.748553999999999942e+00,1.408652000000000015e+00,1.349330430250573597e-03,0.000000000000000000e+00
-6.500873999999999819e-01,1.748553999999999942e+00,1.408652000000000015e+00,1.349330430250573597e-03,1.385738289995556705e-01
-6.487996999999999792e-01,1.747689000000000048e+00,1.408346000000000098e+00,1.043959620866500475e-03,1.299311462401505635e-01
-6.476714999999999556e-01,1.746925000000000061e+00,1.407955000000000068e+00,1.311704269261899578e-03,2.906361287876344512e-01
-6.451721000000000261e-01,1.745162000000000102e+00,1.407119000000000009e+00,5.367989940379177399e-04,1.424542544075508843e-01
-6.439249999999999696e-01,1.744207000000000063e+00,1.406700999999999979e+00,6.462584622270606954e-04,0.000000000000000000e+00
-6.439249999999999696e-01,1.744207000000000063e+00,1.406700999999999979e+00,6.462584622270606954e-04,1.436231847006047835e-01
-6.427374000000000143e-01,1.743319999999999981e+00,1.406193000000000026e+00,1.053402278334364395e-03,2.957165921600576897e-01
-6.402484999999999982e-01,1.741271000000000013e+00,1.405197000000000029e+00,2.818048970475932444e-04,0.000000000000000000e+00
-6.402484999999999982e-01,1.741271000000000013e+00,1.405197000000000029e+00,2.818048970475932444e-04,1.417838620506033376e-01
-6.390029999999999877e-01,1.740396000000000054e+00,1.404649000000000036e+00,7.636536125758169912e-04,3.213809069744116842e-01
-6.364147999999999472e-01,1.738086999999999938e+00,1.403459000000000012e+00,1.185639106136517594e-03,0.000000000000000000e+00
-6.364147999999999472e-01,1.738086999999999938e+00,1.403459000000000012e+00,1.185639106136517594e-03,1.488449515691821490e-01
-6.352638999999999925e-01,1.737111000000000072e+00,1.402854999999999963e+00,9.896121917196086786e-04,1.513962223319362255e-01
-6.339905000000000124e-01,1.735975999999999964e+00,1.402266000000000012e+00,1.166378000478484256e-03,3.134050788084169481e-01
-6.316756999999999511e-01,1.733886000000000038e+00,1.400871999999999895e+00,1.788261658706566263e-03,0.000000000000000000e+00
-6.316756999999999511e-01,1.733886000000000038e+00,1.400871999999999895e+00,1.788261658706566263e-03,1.427449645665123945e-01
-6.305344000000000504e-01,1.732806999999999986e+00,1.400225000000000053e+00,1.694483464068034968e-03,3.018649346066997197e-01
-6.285534000000000399e-01,1.730768000000000084e+00,1.398878999999999984e+00,1.891632916292196927e-03,1.488738015086544242e-01
-6.275454000000000310e-01,1.729711999999999916e+00,1.398166999999999938e+00,2.085277892751912290e-03,1.331513123864421777e-01
-6.266384000000000398e-01,1.728676000000000101e+00,1.397383000000000042e+00,1.894408944763518706e-03,0.000000000000000000e+00
-6.266384000000000398e-01,1.728676000000000101e+00,1.397383000000000042e+00,1.894408944763518706e-03,2.659348616947421196e-01
-6.248595999999999595e-01,1.726655999999999969e+00,1.395982000000000056e+00,2.282160864181108275e-03,1.401321195068198910e-01
-6.242033999999999638e-01,1.725651999999999964e+00,1.395034000000000107e+00,1.840542933484605936e-03,0.000000000000000000e+00
-6.242033999999999638e-01,1.725651999999999964e+00,1.395034000000000107e+00,1.840542933484605936e-03,1.306167582902028057e-01
-6.233547000000000393e-01,1.724733999999999989e+00,1.394217999999999957e+00,1.865914856042407734e-03,2.689789766715456332e-01
-6.220042999999999545e-01,1.722598000000000074e+00,1.392485999999999891e+00,1.676023332176538455e-03,0.000000000000000000e+00
-6.220042999999999545e-01,1.722598000000000074e+00,1.392485999999999891e+00,1.676023332176538455e-03,1.367435775297514144e-01
-6.213149999999999507e-01,1.721589999999999954e+00,1.391629000000000005e+00,1.531437768895676154e-03,2.544917686672286683e-01
-6.200048999999999699e-01,1.719424000000000063e+00,1.389961999999999920e+00,1.506134021261121021e-03,0.000000000000000000e+00
-6.200048999999999699e-01,1.719424000000000063e+00,1.389961999999999920e+00,1.506134021261121021e-03,1.523870366661470577e-01
-6.189580000000000082e-01,1.718318000000000012e+00,1.389123000000000108e+00,1.652730601156787802e-03,1.270363504023949153e-01
-6.182733000000000256e-01,1.717225000000000001e+00,1.388331999999999899e+00,1.733119179398724804e-03,3.121319334187882544e-01
-6.170210999999999890e-01,1.714911999999999992e+00,1.386703999999999937e+00,1.601448784694669376e-03,1.043639742903562373e-01
-6.166074000000000277e-01,1.713875999999999955e+00,1.386045999999999889e+00,1.562965415484109501e-03,0.000000000000000000e+00
-6.166074000000000277e-01,1.713875999999999955e+00,1.386045999999999889e+00,1.562965415484109501e-03,1.457051441905116429e-01
-6.161815999999999960e-01,1.712771999999999961e+00,1.385097000000000023e+00,1.540932772706200523e-03,2.385459547647854894e-01
-6.151695000000000357e-01,1.710795999999999983e+00,1.383739000000000052e+00,1.538039388312338824e-03,0.000000000000000000e+00
-6.151695000000000357e-01,1.710795999999999983e+00,1.383739000000000052e+00,1.538039388312338824e-03,1.284360154716532865e-01
-6.147715999999999736e-01,1.709794999999999954e+00,1.382946999999999926e+00,1.241417838602398545e-03,2.492523512183743573e-01
-6.139154000000000000e-01,1.707602000000000064e+00,1.381580999999999948e+00,1.525918084301949992e-03,1.213055580049024751e-01
-6.135137000000000507e-01,1.706441000000000097e+00,1.380822999999999912e+00,1.221941717104201800e-03,0.000000000000000000e+00
-6.135137000000000507e-01,1.706441000000000097e+00,1.380822999999999912e+00,1.221941717104201800e-03,1.180700104146565621e-01
-6.131345999999999741e-01,1.705395999999999912e+00,1.380061999999999900e+00,1.368622025980674103e-03,2.235809919125262557e-01
-6.124798999999999660e-01,1.703257999999999939e+00,1.378619999999999957e+00,1.307358103198928787e-03,0.000000000000000000e+00
-6.124798999999999660e-01,1.703257999999999939e+00,1.378619999999999957e+00,1.307358103198928787e-03,1.335706580766351514e-01
-6.120967999999999964e-01,1.702110999999999930e+00,1.377931000000000017e+00,1.775716545510677745e-03,2.670994370914136495e-01
-6.115916000000000130e-01,1.699751000000000012e+00,1.376069999999999904e+00,1.459841172867715718e-03,0.000000000000000000e+00
-6.115916000000000130e-01,1.699751000000000012e+00,1.376069999999999904e+00,1.459841172867715718e-03,2.695588957070555458e-01
-6.105692000000000341e-01,1.697357000000000005e+00,1.374432000000000098e+00,1.862274029244929312e-03,0.000000000000000000e+00
-6.105692000000000341e-01,1.697357000000000005e+00,1.374432000000000098e+00,1.862274029244929312e-03,2.867372799789265070e-01
-6.095840999999999621e-01,1.695046000000000053e+00,1.372819999999999929e+00,2.154918597070268251e-03,1.319511792901389702e-01
-6.092566999999999844e-01,1.693907999999999969e+00,1.371998999999999969e+00,2.240694499479962271e-03,0.000000000000000000e+00
-6.092566999999999844e-01,1.693907999999999969e+00,1.371998999999999969e+00,2.240694499479962271e-03,1.362130039006053117e-01
-6.089938000000000295e-01,1.692844999999999933e+00,1.371096000000000092e+00,2.118537363371386564e-03,2.540169239164527526e-01
-6.088082999999999689e-01,1.690523999999999916e+00,1.369593000000000060e+00,2.483508085350231379e-03,0.000000000000000000e+00
-6.088082999999999689e-01,1.690523999999999916e+00,1.369593000000000060e+00,2.483508085350231379e-03,1.325053308317621081e-01
-6.085848999999999842e-01,1.689389000000000030e+00,1.368726000000000109e+00,2.540960298784838110e-03,2.508010541773849633e-01
-6.080588999999999578e-01,1.687149999999999928e+00,1.367239000000000093e+00,2.876798743395196385e-03,0.000000000000000000e+00
-6.080588999999999578e-01,1.687149999999999928e+00,1.367239000000000093e+00,2.876798743395196385e-03,1.212199723148790625e-01
-6.078493999999999842e-01,1.686104999999999965e+00,1.366455999999999893e+00,3.031157351573634390e-03,1.213600188320281825e-01
-6.076230999999999716e-01,1.685062999999999978e+00,1.365669000000000022e+00,3.135773773727893506e-03,0.000000000000000000e+00
-6.076230999999999716e-01,1.685062999999999978e+00,1.365669000000000022e+00,3.135773773727893506e-03,2.813927263410455626e-01
-6.070094000000000323e-01,1.682946999999999971e+00,1.363955000000000028e+00,3.315279211469332032e-03,1.230636476550786840e-01
-6.067430999999999797e-01,1.681815000000000060e+00,1.363167999999999935e+00,3.392322189887002955e-03,2.281303865579860368e-01
-6.068008000000000290e-01,1.679829999999999934e+00,1.361317000000000110e+00,3.417588793286997773e-03,1.394116906762274122e-01
-6.067080000000000251e-01,1.678593000000000002e+00,1.360560999999999909e+00,3.548084245053976637e-03,0.000000000000000000e+00
-6.067080000000000251e-01,1.678593000000000002e+00,1.360560999999999909e+00,3.548084245053976637e-03,1.000138094592971233e-01
-6.066896999999999984e-01,1.677696000000000076e+00,1.359779000000000071e+00,3.650570503359783659e-03,2.689834419534084531e-01
-6.066146000000000038e-01,1.675848000000000004e+00,1.357672999999999908e+00,3.255230406591728184e-03,1.245113317020416777e-01
-6.066084000000000476e-01,1.674895000000000023e+00,1.356705000000000050e+00,3.344019054969718605e-03,0.000000000000000000e+00
-6.066084000000000476e-01,1.674895000000000023e+00,1.356705000000000050e+00,3.344019054969718605e-03,1.318345638887461202e-01
-6.066761000000000514e-01,1.673964999999999925e+00,1.355698000000000070e+00,3.094447002293154985e-03,2.425900539231994335e-01
-6.066911000000000387e-01,1.672168000000000099e+00,1.353755000000000042e+00,2.982778686057591545e-03,0.000000000000000000e+00
-6.066911000000000387e-01,1.672168000000000099e+00,1.353755000000000042e+00,2.982778686057591545e-03,1.218610422936566851e-01
-6.067173000000000149e-01,1.671256999999999993e+00,1.352786999999999962e+00,2.796062769323998370e-03,2.631753711549565389e-01
-6.067704999999999904e-01,1.669388000000000094e+00,1.350781000000000009e+00,2.656680200927491031e-03,0.000000000000000000e+00
-6.067704999999999904e-01,1.669388000000000094e+00,1.350781000000000009e+00,2.656680200927491031e-03,1.328606473617106043e-01
-6.069584000000000090e-01,1.668490999999999946e+00,1.349658000000000024e+00,2.457887922587153121e-03,1.301328559368100379e-01
-6.070484999999999909e-01,1.667593000000000103e+00,1.348646000000000011e+00,2.574206481616996174e-03,2.420079308310552624e-01
-6.074426000000000547e-01,1.665852000000000110e+00,1.346386000000000083e+00,2.050986591862549724e-03,1.430036099768064450e-01
-6.076306999999999681e-01,1.664892000000000039e+00,1.345261999999999958e+00,2.178378619524022272e-03,0.000000000000000000e+00
-6.076306999999999681e-01,1.664892000000000039e+00,1.345261999999999958e+00,2.178378619524022272e-03,2.754531199785064111e-01
-6.080333999999999461e-01,1.663037000000000099e+00,1.342756999999999978e+00,1.567308919772938047e-03,1.723076532712633779e-01
-6.082746999999999460e-01,1.661967999999999890e+00,1.341337000000000002e+00,1.515656785027425218e-03,0.000000000000000000e+00
-6.082746999999999460e-01,1.661967999999999890e+00,1.341337000000000002e+00,1.515656785027425218e-03,1.190676421930146889e-01
-6.085026000000000046e-01,1.660921000000000092e+00,1.339925999999999950e+00,1.599205477729466474e-03,1.508297359930408921e-01
-6.087555999999999523e-01,1.659658999999999995e+00,1.338273000000000046e+00,1.542619123439055049e-03,2.865259558757874414e-01
-6.091999999999999638e-01,1.656930000000000014e+00,1.334662999999999933e+00,1.215826471993269918e-03,0.000000000000000000e+00
-6.091999999999999638e-01,1.656930000000000014e+00,1.334662999999999933e+00,1.215826471993269918e-03,0.000000000000000000e+00
-6.091999999999999638e-01,1.656930000000000014e+00,1.334662999999999933e+00,1.215826471993269918e-03,5.924597219169235318e-01
-6.102347000000000188e-01,1.652806999999999915e+00,1.329031000000000073e+00,1.394599239925021312e-03,2.300401391876105428e-01
-6.106352999999999920e-01,1.651215000000000099e+00,1.326983000000000024e+00,1.561582709945276990e-03,0.000000000000000000e+00
-6.106352999999999920e-01,1.651215000000000099e+00,1.326983000000000024e+00,1.561582709945276990e-03,6.931335230180005746e-01
-6.121337000000000028e-01,1.646470000000000100e+00,1.320835999999999899e+00,2.595206868440539608e-03,0.000000000000000000e+00
-6.121337000000000028e-01,1.646470000000000100e+00,1.320835999999999899e+00,2.595206868440539608e-03,2.482705055288956797e-01
-6.126675999999999789e-01,1.644781999999999966e+00,1.318786000000000014e+00,2.733679615463253422e-03,4.615521830448173768e-01
-6.142045999999999895e-01,1.641698000000000102e+00,1.314502999999999977e+00,3.493904608028116070e-03,2.525884048677918270e-01
-6.148837000000000330e-01,1.640003000000000100e+00,1.312610999999999972e+00,3.752889053782476874e-03,0.000000000000000000e+00
-6.148837000000000330e-01,1.640003000000000100e+00,1.312610999999999972e+00,3.752889053782476874e-03,4.503083733128439015e-01
-6.163328000000000140e-01,1.637107000000000090e+00,1.308621999999999952e+00,4.384588930561296449e-03,2.158545158956606258e-01
-6.167631000000000085e-01,1.635482000000000102e+00,1.306821999999999928e+00,4.757613477364430916e-03,0.000000000000000000e+00
-6.167631000000000085e-01,1.635482000000000102e+00,1.306821999999999928e+00,4.757613477364430916e-03,2.051875343545597474e-01
-6.175488999999999562e-01,1.634088999999999903e+00,1.304977000000000054e+00,5.090998928501031494e-03,4.870233121093684447e-01
-6.193621000000000265e-01,1.631340999999999930e+00,1.301115000000000022e+00,5.852605974264838383e-03,0.000000000000000000e+00
-6.193621000000000265e-01,1.631340999999999930e+00,1.301115000000000022e+00,5.852605974264838383e-03,1.841549774611687396e-01
-6.202480999999999689e-01,1.630193000000000003e+00,1.299471999999999960e+00,6.130739290656563555e-03,2.162834285104513754e-01
-6.212914000000000492e-01,1.629045000000000076e+00,1.297690999999999928e+00,6.442034961097382363e-03,0.000000000000000000e+00
-6.212914000000000492e-01,1.629045000000000076e+00,1.297690999999999928e+00,6.442034961097382363e-03,5.717445069065136831e-01
-6.245161999999999658e-01,1.625871999999999984e+00,1.292999000000000009e+00,7.007237373601676866e-03,0.000000000000000000e+00
-6.245161999999999658e-01,1.625871999999999984e+00,1.292999000000000009e+00,7.007237373601676866e-03,3.663130393223930636e-01
-6.269757999999999720e-01,1.624433000000000016e+00,1.290197000000000038e+00,7.265030888440827429e-03,2.132742802091118495e-01
-6.284710999999999492e-01,1.623656999999999906e+00,1.288440999999999947e+00,7.542205815277203997e-03,0.000000000000000000e+00
-6.284710999999999492e-01,1.623656999999999906e+00,1.288440999999999947e+00,7.542205815277203997e-03,2.008666480309275193e-01
-6.298171999999999660e-01,1.622694999999999999e+00,1.287004000000000037e+00,7.608786817883671574e-03,3.489311160986264260e-01
-6.323322999999999583e-01,1.621026999999999996e+00,1.284151999999999960e+00,7.963291656093029677e-03,0.000000000000000000e+00
-6.323322999999999583e-01,1.621026999999999996e+00,1.284151999999999960e+00,7.963291656093029677e-03,1.810368235447894492e-01
-6.334733999999999643e-01,1.619814000000000087e+00,1.282929999999999904e+00,7.920485808332764985e-03,3.316100731598791707e-01
-6.358205999999999580e-01,1.618066999999999922e+00,1.280531000000000086e+00,8.057276385975538358e-03,0.000000000000000000e+00
-6.358205999999999580e-01,1.618066999999999922e+00,1.280531000000000086e+00,8.057276385975538358e-03,1.792724207377519030e-01
-6.370841999999999894e-01,1.617135999999999907e+00,1.279363999999999946e+00,8.017813370863581535e-03,1.508791245485735233e-01
-6.383296999999999999e-01,1.616475000000000106e+00,1.278250000000000108e+00,8.047718795410321521e-03,0.000000000000000000e+00
-6.383296999999999999e-01,1.616475000000000106e+00,1.278250000000000108e+00,8.047718795410321521e-03,3.698027436136968604e-01
-6.409472999999999976e-01,1.614568000000000003e+00,1.275843999999999978e+00,8.090616555615487773e-03,1.798550724009207180e-01
-6.423575999999999731e-01,1.613693000000000044e+00,1.274637000000000020e+00,8.118616092044233720e-03,1.927369410437931307e-01
-6.437783000000000255e-01,1.612916999999999934e+00,1.273295000000000066e+00,8.295818286341587536e-03,3.493057729148599799e-01
-6.464592999999999590e-01,1.611653999999999920e+00,1.271182000000000034e+00,8.365802859857537910e-03,1.644284456071083145e-01
-6.479120000000000434e-01,1.611053000000000068e+00,1.270016999999999951e+00,8.437445244266756142e-03,0.000000000000000000e+00
-6.479120000000000434e-01,1.611053000000000068e+00,1.270016999999999951e+00,8.437445244266756142e-03,3.315530489030530381e-01
-6.505870999999999738e-01,1.609853999999999896e+00,1.268189000000000011e+00,8.360456949832206427e-03,1.375494477159356910e-01
-6.518781000000000159e-01,1.609393999999999991e+00,1.267293999999999921e+00,8.419805140856826894e-03,0.000000000000000000e+00
-6.518781000000000159e-01,1.609393999999999991e+00,1.267293999999999921e+00,8.419805140856826894e-03,1.595761371037760501e-01
-6.531228999999999507e-01,1.608726000000000100e+00,1.266420000000000101e+00,8.346726125254064557e-03,2.929248744352883072e-01
-6.557585999999999693e-01,1.607736000000000054e+00,1.264618999999999938e+00,8.408797505589047164e-03,0.000000000000000000e+00
-6.557585999999999693e-01,1.607736000000000054e+00,1.264618999999999938e+00,8.408797505589047164e-03,1.458376269742511777e-01
-6.570074999999999665e-01,1.607107000000000063e+00,1.263716999999999979e+00,8.477493919785477824e-03,3.103385631339071193e-01
-6.596686999999999967e-01,1.606041999999999970e+00,1.261914999999999898e+00,8.514904079906107995e-03,0.000000000000000000e+00
-6.596686999999999967e-01,1.606041999999999970e+00,1.261914999999999898e+00,8.514904079906107995e-03,1.522324197292980741e-01
-6.608429000000000109e-01,1.605415000000000036e+00,1.261055000000000037e+00,8.642873205711184767e-03,1.592920343408171791e-01
-6.622033000000000502e-01,1.604826000000000086e+00,1.260145000000000071e+00,8.705859360798323329e-03,2.917462314207238672e-01
-6.651234999999999786e-01,1.603671000000000069e+00,1.258348999999999940e+00,8.733826609797179855e-03,1.751393679952635007e-01
-6.667132000000000058e-01,1.603512999999999966e+00,1.257665999999999951e+00,8.602006898974199484e-03,0.000000000000000000e+00
-6.667132000000000058e-01,1.603512999999999966e+00,1.257665999999999951e+00,8.602006898974199484e-03,1.561975815566783721e-01
-6.681770999999999683e-01,1.603172000000000041e+00,1.256863000000000063e+00,8.651457204425058028e-03,2.886825823769360588e-01
-6.710760999999999532e-01,1.602340000000000098e+00,1.255538999999999961e+00,8.388253477929845034e-03,0.000000000000000000e+00
-6.710760999999999532e-01,1.602340000000000098e+00,1.255538999999999961e+00,8.388253477929845034e-03,1.576359703989751726e-01
-6.726541999999999799e-01,1.602044999999999941e+00,1.254728000000000065e+00,8.415103443214369885e-03,3.249570334371565949e-01
-6.757402000000000131e-01,1.601626999999999912e+00,1.253406999999999938e+00,8.233012343000702116e-03,0.000000000000000000e+00
-6.757402000000000131e-01,1.601626999999999912e+00,1.253406999999999938e+00,8.233012343000702116e-03,1.737919840095510093e-01
-6.774694999999999467e-01,1.601428999999999991e+00,1.252655000000000074e+00,8.160164256312465308e-03,1.707686962410181752e-01
-6.790985999999999967e-01,1.601010999999999962e+00,1.252073999999999909e+00,7.990305251365618922e-03,0.000000000000000000e+00
-6.790985999999999967e-01,1.601010999999999962e+00,1.252073999999999909e+00,7.990305251365618922e-03,3.675113466981443922e-01
-6.826518000000000308e-01,1.600691000000000086e+00,1.250682000000000071e+00,7.876107652895454961e-03,1.679926713483525236e-01
-6.844244000000000439e-01,1.600581000000000031e+00,1.249961000000000100e+00,7.813117943561180209e-03,3.308471711064596144e-01
-6.881192000000000419e-01,1.600338999999999956e+00,1.248623000000000038e+00,7.600562087109139289e-03,1.933161250743617443e-01
-6.898975000000000524e-01,1.600008000000000097e+00,1.247986000000000040e+00,7.508467795762362694e-03,1.675980946605822031e-01
-6.917315000000000547e-01,1.599984000000000073e+00,1.247444999999999915e+00,7.369529018872291413e-03,0.000000000000000000e+00
-6.917315000000000547e-01,1.599984000000000073e+00,1.247444999999999915e+00,7.369529018872291413e-03,3.881920845477982440e-01
-6.955658999999999592e-01,1.599642999999999926e+00,1.246202999999999950e+00,7.224453266510925779e-03,1.907708235419603160e-01
-6.975698000000000176e-01,1.599680999999999909e+00,1.245641999999999916e+00,7.114157969148585461e-03,0.000000000000000000e+00
-6.975698000000000176e-01,1.599680999999999909e+00,1.245641999999999916e+00,7.114157969148585461e-03,2.179773102744253233e-01
-6.997356000000000131e-01,1.599827000000000110e+00,1.244980999999999893e+00,7.050369230756678429e-03,3.815169845377588409e-01
-7.037573000000000301e-01,1.599938000000000082e+00,1.243913999999999964e+00,6.805178940336516387e-03,0.000000000000000000e+00
-7.037573000000000301e-01,1.599938000000000082e+00,1.243913999999999964e+00,6.805178940336516387e-03,1.977641201205463939e-01
-7.057358999999999716e-01,1.600159000000000109e+00,1.243389999999999995e+00,6.722302032042415040e-03,3.672082420523939961e-01
-7.096390999999999671e-01,1.600538000000000016e+00,1.242553000000000019e+00,6.431989584102205774e-03,0.000000000000000000e+00
-7.096390999999999671e-01,1.600538000000000016e+00,1.242553000000000019e+00,6.431989584102205774e-03,1.969712334582569557e-01
-7.116995000000000404e-01,1.600805000000000033e+00,1.242004000000000108e+00,6.433248196673221030e-03,1.610783753955024045e-01
-7.134430000000000494e-01,1.600867999999999958e+00,1.241792999999999925e+00,6.189475182921523252e-03,3.382947143445235172e-01
-7.171387999999999652e-01,1.601885999999999921e+00,1.241341000000000028e+00,5.982329583866043826e-03,1.714481325714213300e-01
-7.188906999999999936e-01,1.602484999999999937e+00,1.241074999999999928e+00,5.939419597906811336e-03,0.000000000000000000e+00
-7.188906999999999936e-01,1.602484999999999937e+00,1.241074999999999928e+00,5.939419597906811336e-03,3.202749831069999220e-01
-7.223431999999999631e-01,1.603623999999999938e+00,1.240704999999999947e+00,5.834313790841320208e-03,1.591168067510639605e-01
-7.239636999999999878e-01,1.603966000000000003e+00,1.240628000000000064e+00,5.700004176314132399e-03,0.000000000000000000e+00
-7.239636999999999878e-01,1.603966000000000003e+00,1.240628000000000064e+00,5.700004176314132399e-03,1.344037706693465284e-01
-7.254372000000000043e-01,1.604579999999999895e+00,1.240509000000000084e+00,5.808178420124285833e-03,3.666041702451008355e-01
-7.289480999999999877e-01,1.605523999999999951e+00,1.240420000000000078e+00,5.511500561553033146e-03,0.000000000000000000e+00
-7.289480999999999877e-01,1.605523999999999951e+00,1.240420000000000078e+00,5.511500561553033146e-03,1.664326243629936364e-01
-7.309250999999999943e-01,1.606116000000000099e+00,1.240412000000000070e+00,5.422792952898058266e-03,1.617413508911012543e-01
-7.325224999999999653e-01,1.606653000000000109e+00,1.240429000000000004e+00,5.421399634780768237e-03,0.000000000000000000e+00
-7.325224999999999653e-01,1.606653000000000109e+00,1.240429000000000004e+00,5.421399634780768237e-03,3.034074988764710601e-01
-7.358160000000000256e-01,1.607696999999999932e+00,1.240501999999999994e+00,5.371388618411433551e-03,1.508667014753316271e-01
-7.373669000000000473e-01,1.608216000000000090e+00,1.240688000000000013e+00,5.256139838322490369e-03,0.000000000000000000e+00
-7.373669000000000473e-01,1.608216000000000090e+00,1.240688000000000013e+00,5.256139838322490369e-03,4.071629028137134232e-01
-7.422596999999999667e-01,1.609456999999999915e+00,1.240790999999999977e+00,5.032266173405242939e-03,1.623446661510578315e-01
-7.439084000000000252e-01,1.609842999999999913e+00,1.240790000000000060e+00,4.842678586278380444e-03,0.000000000000000000e+00
-7.439084000000000252e-01,1.609842999999999913e+00,1.240790000000000060e+00,4.842678586278380444e-03,3.423395384095418992e-01
-7.474178999999999684e-01,1.611120000000000108e+00,1.240836000000000050e+00,4.925332485223837820e-03,1.602357242245683877e-01
-7.490727999999999831e-01,1.611682999999999977e+00,1.240812999999999944e+00,4.957301912331031797e-03,0.000000000000000000e+00
-7.490727999999999831e-01,1.611682999999999977e+00,1.240812999999999944e+00,4.957301912331031797e-03,3.208404121510529672e-01
-7.523608000000000517e-01,1.612878999999999952e+00,1.240917999999999966e+00,5.031930400949484981e-03,1.574953874355101424e-01
-7.540145000000000319e-01,1.613336000000000103e+00,1.241038000000000086e+00,4.825554767070835797e-03,0.000000000000000000e+00
-7.540145000000000319e-01,1.613336000000000103e+00,1.241038000000000086e+00,4.825554767070835797e-03,1.547371529148832137e-01
-7.556496000000000324e-01,1.613988999999999896e+00,1.241168999999999967e+00,4.831688425385005647e-03,3.294082767192674788e-01
-7.587363999999999775e-01,1.615399999999999947e+00,1.241659000000000068e+00,5.075215266370363375e-03,0.000000000000000000e+00
-7.587363999999999775e-01,1.615399999999999947e+00,1.241659000000000068e+00,5.075215266370363375e-03,8.238197780059385300e-01
-7.620858999999999828e-01,1.616889000000000021e+00,1.241910999999999987e+00,5.187007946783944203e-03,0.000000000000000000e+00
-7.620858999999999828e-01,1.616889000000000021e+00,1.241910999999999987e+00,5.187007946783944203e-03,0.000000000000000000e+00
-7.620858999999999828e-01,1.616889000000000021e+00,1.241910999999999987e+00,5.187007946783944203e-03,3.401097785369789905e-01
-7.652577999999999880e-01,1.618419999999999970e+00,1.242272000000000043e+00,5.275971312469414885e-03,3.146873021229425471e-01
-7.684275999999999884e-01,1.620079999999999965e+00,1.242571000000000092e+00,5.480370881610055825e-03,0.000000000000000000e+00
-7.684275999999999884e-01,1.620079999999999965e+00,1.242571000000000092e+00,5.480370881610055825e-03,1.518254686388581798e-01
-7.700384000000000118e-01,1.620894000000000057e+00,1.242655000000000065e+00,5.538441297874343097e-03,1.701280332855337751e-01
-7.716281000000000390e-01,1.621677000000000035e+00,1.242607000000000017e+00,5.533187612940640258e-03,0.000000000000000000e+00
-7.716281000000000390e-01,1.621677000000000035e+00,1.242607000000000017e+00,5.533187612940640258e-03,2.927990393939962632e-01
-7.744625000000000536e-01,1.623146999999999895e+00,1.242707000000000006e+00,5.425655150301978043e-03,1.318142140286985842e-01
-7.756897999999999849e-01,1.623941000000000079e+00,1.243071999999999955e+00,5.601657994737031798e-03,2.722136722058636771e-01
-7.784349999999999881e-01,1.625382000000000104e+00,1.243092000000000086e+00,5.464464087172844070e-03,1.712129013641549291e-01
-7.798747999999999791e-01,1.626276999999999973e+00,1.243162000000000100e+00,5.503949989780128685e-03,0.000000000000000000e+00
-7.798747999999999791e-01,1.626276999999999973e+00,1.243162000000000100e+00,5.503949989780128685e-03,1.512989688750714656e-01
-7.812033000000000449e-01,1.627123000000000097e+00,1.243157000000000068e+00,5.589805936703009202e-03,2.805600806084138088e-01
-7.840002000000000359e-01,1.628681000000000045e+00,1.243282999999999916e+00,5.450969311966448287e-03,0.000000000000000000e+00
-7.840002000000000359e-01,1.628681000000000045e+00,1.243282999999999916e+00,5.450969311966448287e-03,1.634677921517991017e-01
-7.857420000000000515e-01,1.629345999999999961e+00,1.243230999999999975e+00,5.100673186942942909e-03,3.337356864186494243e-01
-7.890255000000000463e-01,1.630924999999999958e+00,1.243317000000000005e+00,4.764357439361533580e-03,1.790951695914274888e-01
-7.908382000000000467e-01,1.631652000000000102e+00,1.243258999999999892e+00,4.542018273851512744e-03,0.000000000000000000e+00
-7.908382000000000467e-01,1.631652000000000102e+00,1.243258999999999892e+00,4.542018273851512744e-03,1.806489462043443517e-01
-7.927193999999999630e-01,1.632492999999999972e+00,1.243306999999999940e+00,4.372375285814394247e-03,3.310562280303611105e-01
-7.960781999999999581e-01,1.634190999999999949e+00,1.243586999999999998e+00,4.064046338318472174e-03,0.000000000000000000e+00
-7.960781999999999581e-01,1.634190999999999949e+00,1.243586999999999998e+00,4.064046338318472174e-03,1.546772581052980322e-01
-7.975375999999999577e-01,1.635172000000000070e+00,1.243737000000000092e+00,4.114210320340959577e-03,1.709670834275979212e-01
-7.990629999999999677e-01,1.636341999999999963e+00,1.244067999999999952e+00,4.187577562266800446e-03,3.178953072892679588e-01
-8.016349999999999865e-01,1.638576999999999950e+00,1.244715000000000016e+00,4.523777652581935198e-03,1.781811840659587587e-01
-8.029574999999999907e-01,1.639834999999999932e+00,1.245044999999999957e+00,4.680789036049323552e-03,0.000000000000000000e+00
-8.029574999999999907e-01,1.639834999999999932e+00,1.245044999999999957e+00,4.680789036049323552e-03,3.104643368295477712e-01
-8.051340999999999637e-01,1.642231999999999914e+00,1.246040000000000036e+00,4.813128192766050369e-03,1.815771091524196468e-01
-8.062080999999999831e-01,1.643682000000000087e+00,1.246609000000000078e+00,5.070203941657695952e-03,0.000000000000000000e+00
-8.062080999999999831e-01,1.643682000000000087e+00,1.246609000000000078e+00,5.070203941657695952e-03,1.582214027112116839e-01
-8.072711999999999666e-01,1.644959999999999978e+00,1.247079999999999966e+00,5.313244372320944861e-03,3.563855504547620012e-01
-8.100289999999999990e-01,1.647715999999999958e+00,1.248234999999999983e+00,5.462001762174780069e-03,0.000000000000000000e+00
-8.100289999999999990e-01,1.647715999999999958e+00,1.248234999999999983e+00,5.462001762174780069e-03,1.879199450644927494e-01
-8.111764999999999670e-01,1.649203999999999892e+00,1.248779000000000083e+00,5.659484308662585290e-03,1.775484901113103253e-01
-8.126206000000000262e-01,1.650601999999999903e+00,1.249435999999999991e+00,5.629165185886731565e-03,0.000000000000000000e+00
-8.126206000000000262e-01,1.650601999999999903e+00,1.249435999999999991e+00,5.629165185886731565e-03,5.084073556700738905e-01
-8.159785000000000510e-01,1.654827000000000048e+00,1.251562999999999981e+00,5.800068386665743932e-03,0.000000000000000000e+00
-8.159785000000000510e-01,1.654827000000000048e+00,1.251562999999999981e+00,5.800068386665743932e-03,3.465057875301204571e-01
-8.180840000000000334e-01,1.657494000000000023e+00,1.253220000000000001e+00,5.760347493858263175e-03,1.668829800911421635e-01
-8.191832999999999476e-01,1.658851999999999993e+00,1.253976999999999897e+00,5.773159415779288532e-03,0.000000000000000000e+00
-8.191832999999999476e-01,1.658851999999999993e+00,1.253976999999999897e+00,5.773159415779288532e-03,1.621767304234487117e-01
-8.201112999999999875e-01,1.660226999999999897e+00,1.254796999999999940e+00,5.866060446330226448e-03,3.009837185771522261e-01
-8.219906999999999631e-01,1.662763999999999909e+00,1.256148000000000042e+00,5.862477373943409710e-03,0.000000000000000000e+00
-8.219906999999999631e-01,1.662763999999999909e+00,1.256148000000000042e+00,5.862477373943409710e-03,1.434728328889264548e-01
-8.228533000000000097e-01,1.664060000000000095e+00,1.257009000000000043e+00,5.838542867017377548e-03,1.579391631079392067e-01
-8.238410999999999929e-01,1.665321999999999969e+00,1.257641999999999927e+00,5.841616382475087188e-03,3.160706376432607101e-01
-8.257436999999999694e-01,1.667918000000000012e+00,1.259268999999999972e+00,5.792400041433600974e-03,0.000000000000000000e+00
-8.257436999999999694e-01,1.667918000000000012e+00,1.259268999999999972e+00,5.792400041433600974e-03,2.887377492556467140e-01
-8.274335999999999913e-01,1.670349000000000084e+00,1.260713999999999890e+00,5.615124843670171034e-03,0.000000000000000000e+00
-8.274335999999999913e-01,1.670349000000000084e+00,1.260713999999999890e+00,5.615124843670171034e-03,3.132728288952533191e-01
-8.289792999999999745e-01,1.672774999999999901e+00,1.262256999999999962e+00,5.605382938747319362e-03,1.395297754666997292e-01
-8.296459000000000472e-01,1.673991000000000007e+00,1.263039000000000023e+00,5.579309983322251060e-03,0.000000000000000000e+00
-8.296459000000000472e-01,1.673991000000000007e+00,1.263039000000000023e+00,5.579309983322251060e-03,1.573231422575208094e-01
-8.303540000000000365e-01,1.675200000000000022e+00,1.263889999999999958e+00,5.473139592592184653e-03,2.691472788265298344e-01
-8.316531000000000340e-01,1.677559000000000022e+00,1.265365999999999991e+00,5.541128698198602431e-03,0.000000000000000000e+00
-8.316531000000000340e-01,1.677559000000000022e+00,1.265365999999999991e+00,5.541128698198602431e-03,1.271234024856101319e-01
-8.321847999999999468e-01,1.678635000000000099e+00,1.266061000000000103e+00,5.468413576166352569e-03,2.489218173426815395e-01
-8.333123000000000058e-01,1.680754999999999999e+00,1.267578000000000094e+00,5.427790848033809019e-03,0.000000000000000000e+00
-8.333123000000000058e-01,1.680754999999999999e+00,1.267578000000000094e+00,5.427790848033809019e-03,1.377880398159015973e-01
-8.336864000000000496e-01,1.681853999999999960e+00,1.268532999999999911e+00,5.336394760510143088e-03,1.115014801869955718e-01
-8.341615000000000002e-01,1.682854999999999990e+00,1.269263000000000030e+00,5.286410385129043307e-03,0.000000000000000000e+00
-8.341615000000000002e-01,1.682854999999999990e+00,1.269263000000000030e+00,5.286410385129043307e-03,3.777493493069147834e-01
-8.355725000000000513e-01,1.686017000000000099e+00,1.271498000000000017e+00,5.198358948745230093e-03,0.000000000000000000e+00
-8.355725000000000513e-01,1.686017000000000099e+00,1.271498000000000017e+00,5.198358948745230093e-03,2.433678662555221750e-01
-8.364515000000000144e-01,1.688063000000000091e+00,1.272944000000000075e+00,5.091156117229243133e-03,1.260931521807819589e-01
-8.369558000000000275e-01,1.689060000000000006e+00,1.273633000000000015e+00,5.049928099488238363e-03,0.000000000000000000e+00
-8.369558000000000275e-01,1.689060000000000006e+00,1.273633000000000015e+00,5.049928099488238363e-03,1.098418072402896767e-01
-8.374319000000000068e-01,1.690021999999999913e+00,1.274280000000000079e+00,4.916711506688220719e-03,2.263527075615179573e-01
-8.383855999999999531e-01,1.691810999999999954e+00,1.275481000000000087e+00,4.703640930173147959e-03,0.000000000000000000e+00
-8.383855999999999531e-01,1.691810999999999954e+00,1.275481000000000087e+00,4.703640930173147959e-03,9.827584547275698690e-02
-8.387329999999999508e-01,1.692701000000000011e+00,1.276067999999999980e+00,4.636287546087017840e-03,1.042620393853528477e-01
-8.390543000000000307e-01,1.693564999999999987e+00,1.276640999999999915e+00,4.659760697718406258e-03,0.000000000000000000e+00
-8.390543000000000307e-01,1.693564999999999987e+00,1.276640999999999915e+00,4.659760697718406258e-03,1.763267689595138799e-01
-8.401381999999999461e-01,1.694966999999999890e+00,1.277393999999999918e+00,4.282597361415170327e-03,8.114095747589643304e-02
-8.405472999999999972e-01,1.695700999999999903e+00,1.277868000000000004e+00,4.234236412861255329e-03,1.765267427737688688e-01
-8.414895999999999487e-01,1.697184999999999944e+00,1.278658999999999990e+00,4.151116125814834946e-03,0.000000000000000000e+00
-8.414895999999999487e-01,1.697184999999999944e+00,1.278658999999999990e+00,4.151116125814834946e-03,2.161465150565139715e-01
-8.424388999999999905e-01,1.698852000000000029e+00,1.279835000000000056e+00,3.915955726256290827e-03,0.000000000000000000e+00
-8.424388999999999905e-01,1.698852000000000029e+00,1.279835000000000056e+00,3.915955726256290827e-03,2.093928475150958757e-01
-8.434582000000000468e-01,1.700498999999999983e+00,1.280834999999999946e+00,3.811726595651906361e-03,9.808216709663097888e-02
-8.440126999999999491e-01,1.701287999999999911e+00,1.281301000000000023e+00,3.671841396356862169e-03,0.000000000000000000e+00
-8.440126999999999491e-01,1.701287999999999911e+00,1.281301000000000023e+00,3.671841396356862169e-03,1.966222007555988305e-01
-8.448442999999999925e-01,1.702997000000000094e+00,1.282299999999999995e+00,3.802488239298112277e-03,9.571078485720473095e-02
-8.451452000000000409e-01,1.703842999999999996e+00,1.282832999999999890e+00,3.921906424176986247e-03,0.000000000000000000e+00
-8.451452000000000409e-01,1.703842999999999996e+00,1.282832999999999890e+00,3.921906424176986247e-03,1.004183572020470316e-01
-8.456401999999999530e-01,1.704863999999999935e+00,1.283457999999999988e+00,3.946880136259583310e-03,2.593081250107251434e-01
-8.464452999999999561e-01,1.706781000000000104e+00,1.284739999999999993e+00,4.085774276682527933e-03,0.000000000000000000e+00
-8.464452999999999561e-01,1.706781000000000104e+00,1.284739999999999993e+00,4.085774276682527933e-03,1.072604405446995618e-01
-8.467316999999999760e-01,1.707726000000000077e+00,1.285368000000000066e+00,4.279200528135932921e-03,1.292203491287545192e-01
-8.468727999999999811e-01,1.708752999999999966e+00,1.286121999999999987e+00,4.149583050138805525e-03,0.000000000000000000e+00
-8.468727999999999811e-01,1.708752999999999966e+00,1.286121999999999987e+00,4.149583050138805525e-03,2.147164086345775269e-01
-8.475355999999999446e-01,1.710704000000000002e+00,1.287633000000000028e+00,4.222627736374516549e-03,1.344907953217539809e-01
-8.478293000000000079e-01,1.711748000000000047e+00,1.288410000000000055e+00,4.250938532841899188e-03,2.507589282657277652e-01
-8.482477999999999962e-01,1.714156999999999931e+00,1.290124999999999966e+00,4.380659539384370790e-03,1.320878938662223556e-01
-8.483808000000000460e-01,1.715338000000000029e+00,1.290939999999999976e+00,4.441582551298534076e-03,0.000000000000000000e+00
-8.483808000000000460e-01,1.715338000000000029e+00,1.290939999999999976e+00,4.441582551298534076e-03,1.215003127315135850e-01
-8.485116999999999798e-01,1.716391999999999918e+00,1.291830999999999952e+00,4.494917602136751233e-03,2.507897964598981289e-01
-8.484437000000000229e-01,1.718585000000000029e+00,1.293663999999999925e+00,4.218539320665446769e-03,0.000000000000000000e+00
-8.484437000000000229e-01,1.718585000000000029e+00,1.293663999999999925e+00,4.218539320665446769e-03,1.085601341110626061e-01
-8.483551000000000286e-01,1.719559000000000060e+00,1.294588999999999990e+00,4.067139751717447835e-03,2.730204606755939900e-01
-8.480653999999999693e-01,1.721783999999999981e+00,1.296548000000000034e+00,3.759171850288257292e-03,0.000000000000000000e+00
-8.480653999999999693e-01,1.721783999999999981e+00,1.296548000000000034e+00,3.759171850288257292e-03,1.524750772209235161e-01
-8.477797999999999723e-01,1.723046000000000078e+00,1.297711000000000059e+00,3.592930525351146088e-03,1.471301826104780275e-01
-8.477092000000000516e-01,1.724224999999999897e+00,1.298797999999999897e+00,3.338424791724394804e-03,3.062514758433316220e-01
-8.473420000000000396e-01,1.726552000000000087e+00,1.300945999999999936e+00,3.115279321345156959e-03,0.000000000000000000e+00
-8.473420000000000396e-01,1.726552000000000087e+00,1.300945999999999936e+00,3.115279321345156959e-03,1.313238853603704015e-01
-8.469856000000000051e-01,1.727670999999999957e+00,1.301978999999999997e+00,2.883348229055907475e-03,1.432454223787308911e-01
-8.467525999999999664e-01,1.728744000000000058e+00,1.302988000000000035e+00,2.650119619941668572e-03,2.964093607523007878e-01
-8.460722000000000520e-01,1.731000000000000094e+00,1.305414000000000074e+00,2.358228776009745585e-03,1.560484551039370005e-01
-8.455837000000000492e-01,1.732188999999999979e+00,1.306645999999999974e+00,1.960380016731381320e-03,0.000000000000000000e+00
-8.455837000000000492e-01,1.732188999999999979e+00,1.306645999999999974e+00,1.960380016731381320e-03,2.912234628469113629e-01
-8.450657999999999781e-01,1.734690000000000065e+00,1.308767000000000014e+00,1.812374685322973343e-03,1.473657996773432566e-01
-8.446976999999999958e-01,1.735865999999999909e+00,1.309911000000000048e+00,1.863755069744841555e-03,0.000000000000000000e+00
-8.446976999999999958e-01,1.735865999999999909e+00,1.309911000000000048e+00,1.863755069744841555e-03,1.412412392823762797e-01
-8.443186000000000302e-01,1.736985000000000001e+00,1.311007000000000033e+00,1.642936179527257215e-03,3.120823549082240578e-01
-8.431813999999999698e-01,1.739241999999999955e+00,1.313511000000000095e+00,1.215488231123572783e-03,0.000000000000000000e+00
-8.431813999999999698e-01,1.739241999999999955e+00,1.313511000000000095e+00,1.215488231123572783e-03,1.411983121625971505e-01
-8.429067000000000087e-01,1.740340999999999916e+00,1.314556999999999976e+00,1.354710094448334208e-03,2.900033598704274684e-01
-8.420459999999999612e-01,1.742615000000000025e+00,1.317005999999999899e+00,9.565428636501567116e-04,0.000000000000000000e+00
-8.420459999999999612e-01,1.742615000000000025e+00,1.317005999999999899e+00,9.565428636501567116e-04,1.554469659837882101e-01
-8.417210999999999999e-01,1.743838999999999917e+00,1.318133999999999917e+00,7.175821137681561660e-04,1.349393145265545546e-01
-8.414407000000000414e-01,1.744955000000000034e+00,1.319253999999999927e+00,8.030263071656141031e-04,3.070610668179285518e-01
-8.408727999999999758e-01,1.747428999999999899e+00,1.321444999999999981e+00,5.785132755607359139e-04,1.450058452644202300e-01
-8.404192999999999802e-01,1.748520999999999992e+00,1.322495999999999894e+00,1.168373228040836542e-04,0.000000000000000000e+00
-8.404192999999999802e-01,1.748520999999999992e+00,1.322495999999999894e+00,1.168373228040836542e-04,1.571794253804368879e-01
-8.400349999999999762e-01,1.749748000000000081e+00,1.323633000000000060e+00,5.373803959951639142e-04,2.691759796803215310e-01
-8.393692999999999849e-01,1.752062999999999926e+00,1.325533999999999990e+00,5.957859011422453940e-04,0.000000000000000000e+00
-8.393692999999999849e-01,1.752062999999999926e+00,1.325533999999999990e+00,5.957859011422453940e-04,1.468731003309466376e-01
-8.389322999999999642e-01,1.753238000000000074e+00,1.326532000000000044e+00,6.732089200240264819e-04,2.742702234344440715e-01
-8.379632999999999665e-01,1.755554999999999977e+00,1.328399000000000107e+00,1.078765034657738460e-03,0.000000000000000000e+00
-8.379632999999999665e-01,1.755554999999999977e+00,1.328399000000000107e+00,1.078765034657738460e-03,1.653529800481010614e-01
-8.373137000000000496e-01,1.756809000000000065e+00,1.329649999999999999e+00,9.627503570500797790e-04,1.557799437875143911e-01
-8.368320000000000203e-01,1.758153000000000077e+00,1.330572000000000088e+00,1.156237609663383426e-03,2.991881898495651892e-01
-8.354565999999999937e-01,1.760523000000000060e+00,1.332608000000000015e+00,1.609406921819400834e-03,0.000000000000000000e+00
-8.354565999999999937e-01,1.760523000000000060e+00,1.332608000000000015e+00,1.609406921819400834e-03,1.339859415072839344e-01
-8.348822999999999661e-01,1.761729000000000100e+00,1.333596000000000004e+00,1.485250554620413639e-03,3.376106791507199056e-01
-8.335339999999999971e-01,1.764142000000000099e+00,1.335771999999999959e+00,1.698086617343161310e-03,1.479453944078256422e-01
-8.329060000000000352e-01,1.765382999999999925e+00,1.336591000000000085e+00,2.130118280753413862e-03,1.209102780280296024e-01
-8.323631000000000224e-01,1.766375999999999946e+00,1.337380000000000013e+00,2.067995686649203198e-03,0.000000000000000000e+00
-8.323631000000000224e-01,1.766375999999999946e+00,1.337380000000000013e+00,2.067995686649203198e-03,3.056626569894229095e-01
-8.309007000000000476e-01,1.768618999999999941e+00,1.339099000000000039e+00,2.460171597673648566e-03,1.309349007069155468e-01
-8.301530000000000298e-01,1.769662000000000068e+00,1.339984999999999982e+00,2.462364546528487269e-03,0.000000000000000000e+00
-8.301530000000000298e-01,1.769662000000000068e+00,1.339984999999999982e+00,2.462364546528487269e-03,1.576153120781332573e-01
-8.293798000000000004e-01,1.770759999999999890e+00,1.341059000000000001e+00,2.488081753077917360e-03,2.714430913662585487e-01
-8.278767999999999683e-01,1.772979000000000083e+00,1.342867000000000033e+00,3.033876268076829853e-03,0.000000000000000000e+00
-8.278767999999999683e-01,1.772979000000000083e+00,1.342867000000000033e+00,3.033876268076829853e-03,1.736111449193178946e-01
-8.270018000000000091e-01,1.774126000000000092e+00,1.344097000000000097e+00,3.065112756490428504e-03,2.899588757337624445e-01
-8.251053999999999888e-01,1.775965999999999934e+00,1.346087999999999951e+00,2.905675868020952349e-03,0.000000000000000000e+00
-8.251053999999999888e-01,1.775965999999999934e+00,1.346087999999999951e+00,2.905675868020952349e-03,1.671259176821155712e-01
-8.240695000000000103e-01,1.776929999999999898e+00,1.347102999999999939e+00,2.965851479760866268e-03,1.318947212883823106e-01
-8.230844000000000493e-01,1.777843999999999980e+00,1.347914000000000057e+00,2.918773545515299106e-03,0.000000000000000000e+00
-8.230844000000000493e-01,1.777843999999999980e+00,1.347914000000000057e+00,2.918773545515299106e-03,4.781914775999804856e-01
-8.196436999999999751e-01,1.780275999999999970e+00,1.350573999999999941e+00,2.534878884680668958e-03,0.000000000000000000e+00
-8.196436999999999751e-01,1.780275999999999970e+00,1.350573999999999941e+00,2.534878884680668958e-03,3.048143774441177678e-01
-8.174217000000000288e-01,1.781738999999999962e+00,1.352308999999999983e+00,2.041719493466215805e-03,1.349703875160355171e-01
-8.163289999999999713e-01,1.782469000000000081e+00,1.353112000000000092e+00,2.053916785071912242e-03,0.000000000000000000e+00
-8.163289999999999713e-01,1.782469000000000081e+00,1.353112000000000092e+00,2.053916785071912242e-03,1.307829973389742773e-01
-8.152614000000000249e-01,1.783131000000000022e+00,1.353914999999999980e+00,1.957651358133127243e-03,2.915757459685941466e-01
-8.130406999999999496e-01,1.784621999999999931e+00,1.355356000000000005e+00,1.793303401546985764e-03,0.000000000000000000e+00
-8.130406999999999496e-01,1.784621999999999931e+00,1.355356000000000005e+00,1.793303401546985764e-03,1.189848480508673423e-01
-8.118448000000000331e-01,1.785098999999999991e+00,1.355947999999999931e+00,1.622135456736060024e-03,1.512806965435157247e-01
-8.105636000000000507e-01,1.785670000000000091e+00,1.356664000000000092e+00,1.237850556408256466e-03,2.549524538807284024e-01
-8.083919999999999995e-01,1.786934000000000022e+00,1.357857000000000092e+00,1.443643726824521672e-03,0.000000000000000000e+00
-8.083919999999999995e-01,1.786934000000000022e+00,1.357857000000000092e+00,1.443643726824521672e-03,1.489281663329914962e-01
-8.071456000000000186e-01,1.787579999999999947e+00,1.358675000000000077e+00,1.195322115582007688e-03,2.714359564357636256e-01
-8.046510000000000051e-01,1.788807000000000036e+00,1.360039999999999916e+00,1.596675608882452361e-03,0.000000000000000000e+00
-8.046510000000000051e-01,1.788807000000000036e+00,1.360039999999999916e+00,1.596675608882452361e-03,3.167185157446471555e-01
-8.019867000000000523e-01,1.790168999999999899e+00,1.361431999999999976e+00,1.445566563669846384e-03,0.000000000000000000e+00
-8.019867000000000523e-01,1.790168999999999899e+00,1.361431999999999976e+00,1.445566563669846384e-03,2.995163991015061811e-01
-7.992101000000000344e-01,1.791255000000000042e+00,1.362776999999999905e+00,1.945676080441018346e-03,1.493730152414016188e-01
-7.978631999999999946e-01,1.791932999999999998e+00,1.363394999999999913e+00,1.904542488368376942e-03,0.000000000000000000e+00
-7.978631999999999946e-01,1.791932999999999998e+00,1.363394999999999913e+00,1.904542488368376942e-03,3.049625932022111963e-01
-7.949247000000000396e-01,1.792920999999999987e+00,1.364603000000000010e+00,2.344857564970524895e-03,1.411625369944525255e-01
-7.936069999999999514e-01,1.793498999999999954e+00,1.365151999999999921e+00,2.638491176790270978e-03,0.000000000000000000e+00
-7.936069999999999514e-01,1.793498999999999954e+00,1.365151999999999921e+00,2.638491176790270978e-03,1.358418988462309629e-01
-7.923559999999999492e-01,1.794027999999999956e+00,1.365744999999999987e+00,2.579440218341937530e-03,3.039562281813885103e-01
-7.894721000000000100e-01,1.795196999999999932e+00,1.366891000000000078e+00,3.047888910376991140e-03,0.000000000000000000e+00
-7.894721000000000100e-01,1.795196999999999932e+00,1.366891000000000078e+00,3.047888910376991140e-03,1.328108514321816036e-01
-7.881477000000000066e-01,1.795681000000000083e+00,1.367445999999999939e+00,3.191383281588054417e-03,1.564028911203979855e-01
-7.866857000000000433e-01,1.796200000000000019e+00,1.367939999999999934e+00,3.343527749249248365e-03,0.000000000000000000e+00
-7.866857000000000433e-01,1.796200000000000019e+00,1.367939999999999934e+00,3.343527749249248365e-03,2.726357863295565953e-01
-7.839289000000000396e-01,1.797358999999999929e+00,1.369205000000000005e+00,3.547981185124871126e-03,1.678894148515099882e-01
-7.825518000000000196e-01,1.798019000000000034e+00,1.370055000000000023e+00,3.439716406915003209e-03,2.708370224896063383e-01
-7.797376999999999780e-01,1.799304000000000014e+00,1.371375999999999928e+00,3.356031032335625702e-03,1.773814127802320895e-01
-7.782158999999999605e-01,1.799987999999999921e+00,1.372163000000000022e+00,3.325389975626977419e-03,0.000000000000000000e+00
-7.782158999999999605e-01,1.799987999999999921e+00,1.372163000000000022e+00,3.325389975626977419e-03,1.426950356355471961e-01
-7.767768000000000450e-01,1.800704000000000082e+00,1.372714999999999907e+00,3.555265441566956772e-03,3.136109453408830183e-01
-7.736482999999999555e-01,1.801650999999999891e+00,1.373726000000000003e+00,3.807582068714915162e-03,0.000000000000000000e+00
-7.736482999999999555e-01,1.801650999999999891e+00,1.373726000000000003e+00,3.807582068714915162e-03,1.365379355118991611e-01
-7.722170000000000423e-01,1.802230999999999916e+00,1.374230999999999980e+00,3.923285879208881360e-03,3.249473161956483724e-01
-7.688842000000000176e-01,1.802977999999999970e+00,1.375180999999999987e+00,4.333973493227736076e-03,1.629802893930786534e-01
-7.673849999999999838e-01,1.803665999999999991e+00,1.375585000000000058e+00,4.577951070074929608e-03,0.000000000000000000e+00
-7.673849999999999838e-01,1.803665999999999991e+00,1.375585000000000058e+00,4.577951070074929608e-03,1.408862474707295587e-01
-7.659983999999999682e-01,1.803968999999999934e+00,1.375960000000000072e+00,4.642853197119100293e-03,3.239579853593155812e-01
-7.628639000000000392e-01,1.805228999999999973e+00,1.376999000000000084e+00,5.039165903202511010e-03,0.000000000000000000e+00
-7.628639000000000392e-01,1.805228999999999973e+00,1.376999000000000084e+00,5.039165903202511010e-03,1.584393995499004115e-01
-7.612360000000000237e-01,1.805619000000000085e+00,1.377429999999999932e+00,5.228953624770501553e-03,1.754890430866279938e-01
-7.596199999999999619e-01,1.806065000000000031e+00,1.378155999999999937e+00,5.105476604588414340e-03,2.703745590295636991e-01
-7.567909000000000441e-01,1.807104000000000044e+00,1.379289999999999905e+00,5.264529917286119021e-03,1.575842530922872964e-01
-7.552419000000000215e-01,1.807568000000000064e+00,1.379874000000000045e+00,5.420181824440932668e-03,0.000000000000000000e+00
-7.552419000000000215e-01,1.807568000000000064e+00,1.379874000000000045e+00,5.420181824440932668e-03,2.948981743146155687e-01
-7.521318999999999644e-01,1.808391000000000082e+00,1.380859999999999976e+00,5.580395112355513061e-03,1.590958975184248725e-01
-7.504844999999999988e-01,1.808664999999999967e+00,1.381332999999999922e+00,5.667487239509398124e-03,0.000000000000000000e+00
-7.504844999999999988e-01,1.808664999999999967e+00,1.381332999999999922e+00,5.667487239509398124e-03,1.416055246278624113e-01
-7.489221000000000350e-01,1.809069000000000038e+00,1.381817999999999991e+00,5.882405451003877746e-03,2.953633696432655942e-01
-7.458846999999999561e-01,1.809461999999999904e+00,1.382819999999999938e+00,5.811894204129936653e-03,0.000000000000000000e+00
-7.458846999999999561e-01,1.809461999999999904e+00,1.382819999999999938e+00,5.811894204129936653e-03,1.374676171892806609e-01
-7.444304999999999950e-01,1.809687000000000046e+00,1.383362999999999898e+00,5.841100067624317715e-03,3.087799893064621104e-01
-7.412104999999999944e-01,1.809922000000000031e+00,1.384325000000000028e+00,5.818277433227175659e-03,0.000000000000000000e+00
-7.412104999999999944e-01,1.809922000000000031e+00,1.384325000000000028e+00,5.818277433227175659e-03,1.244489983225586377e-01
-7.398076000000000096e-01,1.810164000000000106e+00,1.384732999999999992e+00,5.913107859662467859e-03,1.282530556168788027e-01
-7.384905999999999970e-01,1.810222999999999915e+00,1.385202000000000044e+00,5.930003225125360725e-03,0.000000000000000000e+00
-7.384905999999999970e-01,1.810222999999999915e+00,1.385202000000000044e+00,5.930003225125360725e-03,3.578522848602358475e-01
-7.345521000000000411e-01,1.810465999999999909e+00,1.386803000000000008e+00,5.809546078653461849e-03,0.000000000000000000e+00
-7.345521000000000411e-01,1.810465999999999909e+00,1.386803000000000008e+00,5.809546078653461849e-03,1.156737335760388841e-01
-7.333855999999999709e-01,1.810408999999999935e+00,1.387100999999999917e+00,5.670966231604567497e-03,2.182369102023166973e-01
-7.310060999999999920e-01,1.810157000000000016e+00,1.388115999999999906e+00,5.327439130576793955e-03,0.000000000000000000e+00
-7.310060999999999920e-01,1.810157000000000016e+00,1.388115999999999906e+00,5.327439130576793955e-03,1.137890235565490321e-01
-7.298907999999999507e-01,1.810051999999999994e+00,1.388651000000000080e+00,5.246939378342290600e-03,1.972491708614251826e-01
-7.276943000000000161e-01,1.809913000000000105e+00,1.389467000000000008e+00,5.147895260201190877e-03,1.207206835629239944e-01
-7.265635000000000288e-01,1.809660999999999964e+00,1.389957000000000109e+00,4.914012333114395163e-03,0.000000000000000000e+00
-7.265635000000000288e-01,1.809660999999999964e+00,1.389957000000000109e+00,4.914012333114395163e-03,8.945391125491530815e-02
-7.256354999999999889e-01,1.809439999999999937e+00,1.390320000000000000e+00,4.799521460520755380e-03,1.827437158753166258e-01
-7.237194000000000127e-01,1.808664000000000049e+00,1.390592000000000050e+00,4.245909830648874304e-03,0.000000000000000000e+00
-7.237194000000000127e-01,1.808664000000000049e+00,1.390592000000000050e+00,4.245909830648874304e-03,7.103222808278680800e-02
-7.229385000000000394e-01,1.808405000000000040e+00,1.390786000000000078e+00,3.940093049662738746e-03,1.630310393538888791e-01
-7.213954999999999673e-01,1.807811999999999975e+00,1.391447000000000100e+00,3.624415855003448872e-03,0.000000000000000000e+00
-7.213954999999999673e-01,1.807811999999999975e+00,1.391447000000000100e+00,3.624415855003448872e-03,1.277639387286978456e-01
-7.200695999999999763e-01,1.807245999999999908e+00,1.391934000000000005e+00,3.261963666259963535e-03,0.000000000000000000e+00
-7.200695999999999763e-01,1.807245999999999908e+00,1.391934000000000005e+00,3.261963666259963535e-03,1.420286581328759901e-01
-7.186877999999999878e-01,1.806621000000000032e+00,1.392252000000000045e+00,2.825573968240769739e-03,8.648688241474895844e-02
-7.178221000000000185e-01,1.806152999999999897e+00,1.392325000000000035e+00,2.610396950656999372e-03,0.000000000000000000e+00
-7.178221000000000185e-01,1.806152999999999897e+00,1.392325000000000035e+00,2.610396950656999372e-03,8.042384652489845132e-02
-7.170760999999999941e-01,1.805925999999999920e+00,1.392632000000000092e+00,2.564434497116268707e-03,1.227860523507666585e-01
-7.156671999999999478e-01,1.805643000000000109e+00,1.392903000000000002e+00,2.620600396855787221e-03,0.000000000000000000e+00
-7.156671999999999478e-01,1.805643000000000109e+00,1.392903000000000002e+00,2.620600396855787221e-03,5.763459903803472284e-02
-7.150638000000000272e-01,1.805473000000000106e+00,1.392951999999999968e+00,2.544463646822269637e-03,7.489359361808142768e-02
-7.142431999999999670e-01,1.805328999999999962e+00,1.393142000000000102e+00,2.484092794160466366e-03,0.000000000000000000e+00
-7.142431999999999670e-01,1.805328999999999962e+00,1.393142000000000102e+00,2.484092794160466366e-03,4.490632507178729527e-02
-7.137759000000000187e-01,1.805328000000000044e+00,1.393154999999999921e+00,2.577931488616342585e-03,2.485923290176358241e-02
-7.135308000000000206e-01,1.805412000000000017e+00,1.393235999999999919e+00,2.764196492653793209e-03,0.000000000000000000e+00
-7.135308000000000206e-01,1.805412000000000017e+00,1.393235999999999919e+00,2.764196492653793209e-03,5.037079904442016975e-02
-7.133040000000000491e-01,1.805649999999999977e+00,1.393677000000000055e+00,3.284100712523868332e-03,5.031587562263652863e-02
-7.135046000000000443e-01,1.806021000000000098e+00,1.394101999999999952e+00,3.757077679526990826e-03,1.318643700168569688e-01
-7.139750000000000263e-01,1.806558000000000108e+00,1.395275999999999961e+00,4.879543512460984313e-03,1.356245814849381670e-01
-7.146458999999999451e-01,1.807298999999999989e+00,1.396366999999999914e+00,6.168503040446581508e-03,0.000000000000000000e+00
-7.146458999999999451e-01,1.807298999999999989e+00,1.396366999999999914e+00,6.168503040446581508e-03,1.330711163946861342e-01
-7.152695999999999499e-01,1.807808000000000082e+00,1.397496000000000071e+00,7.412623671143782171e-03,0.000000000000000000e+00
