-7.200737000000000387e-01,1.559940000000000104e+00,1.166592999999999991e+00,2.542734551619539162e-03,0.000000000000000000e+00
-7.200737000000000387e-01,1.559940000000000104e+00,1.166592999999999991e+00,2.542734551619539162e-03,1.654143744768408475e-01
-7.195365000000000233e-01,1.559795999999999960e+00,1.168380999999999892e+00,2.964510758961795382e-03,1.085528542578925587e-01
-7.194509999999999517e-01,1.559706000000000037e+00,1.169502000000000042e+00,3.108563050671537230e-03,0.000000000000000000e+00
-7.194509999999999517e-01,1.559706000000000037e+00,1.169502000000000042e+00,3.108563050671537230e-03,2.092066551136581021e-01
-7.190094000000000207e-01,1.559817999999999927e+00,1.171826000000000034e+00,3.335897691776498492e-03,1.327769522359069643e-01
-7.184072000000000235e-01,1.559838000000000058e+00,1.173067000000000082e+00,3.880701546112398648e-03,0.000000000000000000e+00
-7.184072000000000235e-01,1.559838000000000058e+00,1.173067000000000082e+00,3.880701546112398648e-03,1.086322040670419792e-01
-7.178761999999999643e-01,1.559798999999999936e+00,1.174061000000000021e+00,4.182285883341794672e-03,0.000000000000000000e+00
-7.178761999999999643e-01,1.559798999999999936e+00,1.174061000000000021e+00,4.182285883341794672e-03,2.094252513252602421e-01
-7.167542000000000080e-01,1.559712999999999905e+00,1.176150000000000029e+00,5.074950759367128153e-03,1.405121423645551704e-01
-7.161222000000000421e-01,1.559943999999999997e+00,1.177443999999999935e+00,5.486242116421699219e-03,0.000000000000000000e+00
-7.161222000000000421e-01,1.559943999999999997e+00,1.177443999999999935e+00,5.486242116421699219e-03,3.355241143203204768e-01
-7.143625999999999587e-01,1.560090999999999894e+00,1.181162999999999963e+00,6.687690584947875334e-03,0.000000000000000000e+00
-7.143625999999999587e-01,1.560090999999999894e+00,1.181162999999999963e+00,6.687690584947875334e-03,2.425489685475019086e-01
-7.135416999999999454e-01,1.560357999999999912e+00,1.183772000000000046e+00,6.942083044735289192e-03,9.594625769512114821e-02
-7.129933999999999994e-01,1.560724999999999918e+00,1.184746999999999995e+00,7.205321387002826261e-03,0.000000000000000000e+00
-7.129933999999999994e-01,1.560724999999999918e+00,1.184746999999999995e+00,7.205321387002826261e-03,9.895914366877886503e-02
-7.125858999999999943e-01,1.560724000000000000e+00,1.185691000000000050e+00,7.414042217306277167e-03,1.267784615574487073e-01
-7.117212000000000538e-01,1.560707999999999984e+00,1.186984000000000039e+00,8.067722249185248218e-03,0.000000000000000000e+00
-7.117212000000000538e-01,1.560707999999999984e+00,1.186984000000000039e+00,8.067722249185248218e-03,8.151805569185661959e-02
-7.112178999999999585e-01,1.560724999999999918e+00,1.187664000000000053e+00,8.353992877660386396e-03,8.791757475889271090e-02
-7.108326000000000366e-01,1.560864000000000029e+00,1.188571999999999962e+00,8.541543226490101379e-03,0.000000000000000000e+00
-7.108326000000000366e-01,1.560864000000000029e+00,1.188571999999999962e+00,8.541543226490101379e-03,1.762807073721497364e-01
-7.104578000000000282e-01,1.560998000000000108e+00,1.190358000000000027e+00,8.488669462289042886e-03,7.476589288219032126e-02
-7.104306000000000232e-01,1.561091000000000006e+00,1.191270999999999969e+00,8.301688527642972493e-03,0.000000000000000000e+00
-7.104306000000000232e-01,1.561091000000000006e+00,1.191270999999999969e+00,8.301688527642972493e-03,1.487138191571906742e-01
-7.104722999999999455e-01,1.561072999999999933e+00,1.192814000000000041e+00,7.978721604367492934e-03,5.839162443375166961e-02
-7.102330000000000032e-01,1.561123999999999956e+00,1.193488000000000104e+00,7.993180578468133540e-03,1.482862796673237449e-01
-7.100775000000000281e-01,1.561156999999999906e+00,1.195019000000000053e+00,7.833821351039309960e-03,8.237001496885221208e-02
-7.101115999999999540e-01,1.561309999999999976e+00,1.195939000000000085e+00,7.472806383815921126e-03,0.000000000000000000e+00
-7.101115999999999540e-01,1.561309999999999976e+00,1.195939000000000085e+00,7.472806383815921126e-03,1.971154165462137009e-01
-7.098444000000000420e-01,1.562025999999999915e+00,1.197837000000000041e+00,7.011583370395028068e-03,8.324936308899165416e-02
-7.097343999999999875e-01,1.562186000000000075e+00,1.198760000000000048e+00,6.858545644668425159e-03,0.000000000000000000e+00
-7.097343999999999875e-01,1.562186000000000075e+00,1.198760000000000048e+00,6.858545644668425159e-03,8.155952090002187294e-02
-7.097394000000000203e-01,1.562289000000000039e+00,1.199522999999999895e+00,6.608960853265791885e-03,1.231291894932217967e-01
-7.098172000000000370e-01,1.562338000000000005e+00,1.200914999999999955e+00,6.152909259854160567e-03,0.000000000000000000e+00
-7.098172000000000370e-01,1.562338000000000005e+00,1.200914999999999955e+00,6.152909259854160567e-03,9.013628118180612436e-02
-7.099318999999999491e-01,1.562429999999999986e+00,1.201839000000000102e+00,5.752960260596338450e-03,1.691421571192292250e-01
-7.097044000000000130e-01,1.562475000000000058e+00,1.203581000000000012e+00,5.505557447706785172e-03,0.000000000000000000e+00
-7.097044000000000130e-01,1.562475000000000058e+00,1.203581000000000012e+00,5.505557447706785172e-03,9.215876886701104831e-02
-7.097871000000000041e-01,1.562324000000000046e+00,1.204522000000000093e+00,5.157104831201281443e-03,8.320976285161474362e-02
-7.098292999999999964e-01,1.562362999999999946e+00,1.205462999999999951e+00,4.911371600683510190e-03,1.490018797234056724e-01
-7.097088999999999759e-01,1.562600999999999907e+00,1.207130000000000036e+00,4.383983526428926643e-03,7.490230188741942019e-02
-7.095690000000000053e-01,1.562608999999999915e+00,1.207967000000000013e+00,4.378794464233233541e-03,0.000000000000000000e+00
-7.095690000000000053e-01,1.562608999999999915e+00,1.207967000000000013e+00,4.378794464233233541e-03,8.513399442086219682e-02
-7.094873999999999903e-01,1.562624000000000013e+00,1.208928000000000003e+00,4.059642102451811382e-03,1.811760117030001560e-01
-7.090385000000000160e-01,1.562842999999999982e+00,1.210919000000000079e+00,3.749123705614336964e-03,0.000000000000000000e+00
-7.090385000000000160e-01,1.562842999999999982e+00,1.210919000000000079e+00,3.749123705614336964e-03,7.809616182884156210e-02
-7.086027000000000298e-01,1.562891999999999948e+00,1.211770999999999932e+00,3.884382030645255023e-03,1.933153124140353507e-01
-7.076816999999999691e-01,1.562734999999999985e+00,1.213548999999999989e+00,4.145794645179594166e-03,0.000000000000000000e+00
-7.076816999999999691e-01,1.562734999999999985e+00,1.213548999999999989e+00,4.145794645179594166e-03,8.272340645989816055e-02
-7.073943999999999788e-01,1.562718999999999969e+00,1.214441000000000104e+00,4.120973488145768596e-03,1.065014849785603929e-01
-7.071891000000000149e-01,1.562707999999999986e+00,1.215629999999999988e+00,3.969421746300097996e-03,0.000000000000000000e+00
-7.071891000000000149e-01,1.562707999999999986e+00,1.215629999999999988e+00,3.969421746300097996e-03,2.077636088466781883e-01
-7.066700000000000204e-01,1.562856999999999941e+00,1.217918999999999974e+00,3.690099863147350973e-03,9.656935460936083571e-02
-7.063487000000000515e-01,1.562920000000000087e+00,1.218963000000000019e+00,3.550705959383193468e-03,1.763630237721651450e-01
-7.054810999999999721e-01,1.562929000000000013e+00,1.220574999999999966e+00,3.723255704353395888e-03,7.050979517717576028e-02
-7.051629999999999843e-01,1.562867999999999924e+00,1.221378000000000075e+00,3.728588527848109100e-03,0.000000000000000000e+00
-7.051629999999999843e-01,1.562867999999999924e+00,1.221378000000000075e+00,3.728588527848109100e-03,7.810278575081804064e-02
-7.046909000000000090e-01,1.562715999999999994e+00,1.222197999999999896e+00,4.070105178002242363e-03,2.299615466543656339e-01
-7.037071999999999772e-01,1.562853999999999965e+00,1.224371000000000098e+00,3.972498966645640790e-03,0.000000000000000000e+00
-7.037071999999999772e-01,1.562853999999999965e+00,1.224371000000000098e+00,3.972498966645640790e-03,1.024199650004587597e-01
-7.030136999999999636e-01,1.562848000000000015e+00,1.225419000000000036e+00,4.040760558360336277e-03,2.463789078669153254e-01
-7.016856999999999678e-01,1.563050999999999968e+00,1.227597999999999967e+00,4.113692624637893883e-03,1.048127006506029968e-01
-7.010722000000000342e-01,1.563136000000000081e+00,1.228609999999999980e+00,4.026380509837600499e-03,0.000000000000000000e+00
-7.010722000000000342e-01,1.563136000000000081e+00,1.228609999999999980e+00,4.026380509837600499e-03,1.038201196417775224e-01
-7.003207000000000182e-01,1.563209000000000071e+00,1.229635999999999951e+00,4.204426030982061357e-03,2.501665910715350494e-01
-6.985691000000000539e-01,1.563347999999999960e+00,1.231548000000000087e+00,4.371969139872813707e-03,0.000000000000000000e+00
-6.985691000000000539e-01,1.563347999999999960e+00,1.231548000000000087e+00,4.371969139872813707e-03,1.299915276118150942e-01
-6.976657000000000552e-01,1.563552999999999971e+00,1.232693000000000039e+00,4.405015436976368257e-03,2.833998446785827019e-01
-6.957904999999999784e-01,1.563884000000000052e+00,1.234939000000000009e+00,4.376323055945431119e-03,1.188328688361688368e-01
-6.950728999999999935e-01,1.564054000000000055e+00,1.236064000000000052e+00,4.347395727329087141e-03,0.000000000000000000e+00
-6.950728999999999935e-01,1.564054000000000055e+00,1.236064000000000052e+00,4.347395727329087141e-03,1.372604786259437326e-01
-6.943243000000000054e-01,1.564405999999999963e+00,1.237224000000000101e+00,3.999210673370427564e-03,2.532132740400696580e-01
-6.925664000000000264e-01,1.564907999999999966e+00,1.239435000000000064e+00,3.891269768340339420e-03,1.240534018418716772e-01
-6.916847000000000412e-01,1.565269999999999939e+00,1.240467999999999904e+00,3.615406649327358203e-03,0.000000000000000000e+00
-6.916847000000000412e-01,1.565269999999999939e+00,1.240467999999999904e+00,3.615406649327358203e-03,1.487251208966441363e-01
-6.905643999999999672e-01,1.565480999999999900e+00,1.241508999999999974e+00,3.710345300642617448e-03,2.212274550329959844e-01
-6.891066999999999609e-01,1.566095000000000015e+00,1.243714999999999904e+00,3.157826196927319799e-03,0.000000000000000000e+00
-6.891066999999999609e-01,1.566095000000000015e+00,1.243714999999999904e+00,3.157826196927319799e-03,1.104707691457272462e-01
-6.884557999999999511e-01,1.566392000000000007e+00,1.244742000000000015e+00,3.013798540048840974e-03,1.563196724514861191e-01
-6.872804000000000135e-01,1.566775999999999947e+00,1.246010000000000062e+00,2.858308492797854115e-03,0.000000000000000000e+00
-6.872804000000000135e-01,1.566775999999999947e+00,1.246010000000000062e+00,2.858308492797854115e-03,9.357283411391707773e-02
-6.867143999999999471e-01,1.566915999999999976e+00,1.246788000000000007e+00,2.610922681735462682e-03,1.162912474406265356e-01
-6.860106000000000259e-01,1.567118000000000011e+00,1.247881999999999936e+00,2.550150013234579391e-03,2.069446168357134963e-01
-6.847942000000000196e-01,1.567533000000000065e+00,1.249843000000000037e+00,2.127446177932615107e-03,1.261613252625861104e-01
-6.842897000000000007e-01,1.567841000000000040e+00,1.251012999999999931e+00,1.419339385066216690e-03,0.000000000000000000e+00
-6.842897000000000007e-01,1.567841000000000040e+00,1.251012999999999931e+00,1.419339385066216690e-03,1.607450301744664800e-01
-6.834114000000000022e-01,1.568063999999999902e+00,1.252413999999999916e+00,1.248932027774360409e-03,0.000000000000000000e+00
-6.834114000000000022e-01,1.568063999999999902e+00,1.252413999999999916e+00,1.248932027774360409e-03,6.531414936492581369e-02
-6.830391999999999575e-01,1.568125999999999909e+00,1.253120999999999929e+00,1.206513244850777010e-03,2.131009566757289808e-01
-6.817368999999999790e-01,1.568332999999999977e+00,1.254896999999999929e+00,1.236902991345630812e-03,0.000000000000000000e+00
-6.817368999999999790e-01,1.568332999999999977e+00,1.254896999999999929e+00,1.236902991345630812e-03,1.076034189996733087e-01
-6.813907999999999632e-01,1.568596000000000101e+00,1.256035999999999930e+00,1.586685539103370891e-03,1.169676972788488978e-01
-6.810929999999999485e-01,1.568915000000000060e+00,1.257168999999999981e+00,1.802051897143819130e-03,0.000000000000000000e+00
-6.810929999999999485e-01,1.568915000000000060e+00,1.257168999999999981e+00,1.802051897143819130e-03,1.715835078702722949e-01
-6.803033000000000552e-01,1.569226000000000010e+00,1.258917999999999981e+00,2.513876894360676188e-03,7.399189364803404612e-02
-6.800346000000000446e-01,1.569371000000000071e+00,1.259773000000000032e+00,2.998105103227829971e-03,0.000000000000000000e+00
-6.800346000000000446e-01,1.569371000000000071e+00,1.259773000000000032e+00,2.998105103227829971e-03,2.496826330941137873e-01
-6.792797999999999892e-01,1.569998999999999922e+00,1.262674999999999992e+00,4.723060686673413722e-03,0.000000000000000000e+00
-6.792797999999999892e-01,1.569998999999999922e+00,1.262674999999999992e+00,4.723060686673413722e-03,8.421613578668118993e-02
-6.787841000000000014e-01,1.570140000000000091e+00,1.263476999999999961e+00,5.005948522508000924e-03,1.395492012190379105e-01
-6.776699999999999946e-01,1.570303000000000004e+00,1.264586999999999906e+00,5.233353895925585073e-03,0.000000000000000000e+00
-6.776699999999999946e-01,1.570303000000000004e+00,1.264586999999999906e+00,5.233353895925585073e-03,7.725969034235320720e-02
-6.773867999999999556e-01,1.570383000000000084e+00,1.265333000000000041e+00,5.589093933724832534e-03,1.546113136296133617e-01
-6.766516999999999671e-01,1.570440999999999976e+00,1.266922000000000104e+00,6.432771363106300558e-03,0.000000000000000000e+00
-6.766516999999999671e-01,1.570440999999999976e+00,1.266922000000000104e+00,6.432771363106300558e-03,7.254633954796430029e-02
-6.762749999999999595e-01,1.570446999999999926e+00,1.267573999999999979e+00,6.688624339877393375e-03,5.810559665521247003e-02
-6.759602999999999584e-01,1.570311999999999930e+00,1.268199999999999994e+00,6.972310206093851846e-03,0.000000000000000000e+00
-6.759602999999999584e-01,1.570311999999999930e+00,1.268199999999999994e+00,6.972310206093851846e-03,7.350907991800170738e-02
-6.753730999999999485e-01,1.569666999999999923e+00,1.269366999999999912e+00,7.683010093055937621e-03,2.645267721366005853e-01
-6.751065000000000538e-01,1.569495000000000084e+00,1.270048000000000066e+00,8.054480457484620645e-03,0.000000000000000000e+00
-6.751065000000000538e-01,1.569495000000000084e+00,1.270048000000000066e+00,8.054480457484620645e-03,1.286307344638363548e-01
-6.742631999999999515e-01,1.569352000000000080e+00,1.271228000000000025e+00,8.557840989992768904e-03,1.279300383609753566e-01
-6.735763999999999641e-01,1.569126999999999938e+00,1.272342000000000084e+00,9.102745942296722181e-03,0.000000000000000000e+00
-6.735763999999999641e-01,1.569126999999999938e+00,1.272342000000000084e+00,9.102745942296722181e-03,7.696218348154741651e-02
-6.730437000000000225e-01,1.569058999999999982e+00,1.273028999999999966e+00,9.382871999553126993e-03,7.541182197607400328e-02
-6.725775999999999977e-01,1.569048999999999916e+00,1.273744999999999905e+00,9.776713832367067009e-03,0.000000000000000000e+00
-6.725775999999999977e-01,1.569048999999999916e+00,1.273744999999999905e+00,9.776713832367067009e-03,1.210934499814464022e-01
-6.715678999999999954e-01,1.569056999999999924e+00,1.274834999999999940e+00,1.007167856367536390e-02,7.452155401302348880e-02
-6.708922000000000496e-01,1.568926999999999961e+00,1.275190000000000046e+00,1.008093904356137036e-02,1.453770469601973758e-01
-6.694683999999999635e-01,1.568988000000000049e+00,1.276013000000000064e+00,9.972175852841843810e-03,8.981962624021891384e-02
-6.686107999999999496e-01,1.569053000000000031e+00,1.276556999999999942e+00,1.002091836160722699e-02,0.000000000000000000e+00
-6.686107999999999496e-01,1.569053000000000031e+00,1.276556999999999942e+00,1.002091836160722699e-02,8.913603815986631540e-02
-6.677642000000000300e-01,1.569051999999999891e+00,1.277106000000000074e+00,1.000940269196920647e-02,1.837091100391536058e-01
-6.658983000000000541e-01,1.569207999999999936e+00,1.278014999999999901e+00,9.829427958940480797e-03,0.000000000000000000e+00
-6.658983000000000541e-01,1.569207999999999936e+00,1.278014999999999901e+00,9.829427958940480797e-03,1.061831038373242525e-01
-6.647657999999999623e-01,1.569288000000000016e+00,1.278413000000000022e+00,9.641074071388601105e-03,1.591610457070989915e-01
-6.630335000000000534e-01,1.569174999999999986e+00,1.278901000000000066e+00,9.245331146043367365e-03,0.000000000000000000e+00
-6.630335000000000534e-01,1.569174999999999986e+00,1.278901000000000066e+00,9.245331146043367365e-03,9.433048314822925495e-02
-6.619983000000000395e-01,1.569277999999999951e+00,1.279145999999999894e+00,9.007053083556156026e-03,2.253550417415074725e-01
-6.595581000000000360e-01,1.569374999999999964e+00,1.279890999999999890e+00,8.531552123734485737e-03,0.000000000000000000e+00
-6.595581000000000360e-01,1.569374999999999964e+00,1.279890999999999890e+00,8.531552123734485737e-03,1.148434558280955614e-01
-6.583204000000000278e-01,1.569509999999999961e+00,1.280269000000000101e+00,8.262909732654784636e-03,1.115789179971986844e-01
-6.570937999999999501e-01,1.569525000000000059e+00,1.280569999999999986e+00,8.024589973948783109e-03,1.990243143804738546e-01
-6.549783000000000133e-01,1.569460000000000077e+00,1.281347999999999931e+00,7.884399018948719598e-03,1.115188535389403240e-01
-6.538724999999999676e-01,1.569533999999999985e+00,1.281686000000000103e+00,7.706168685540308767e-03,0.000000000000000000e+00
-6.538724999999999676e-01,1.569533999999999985e+00,1.281686000000000103e+00,7.706168685540308767e-03,2.250304279515194239e-01
-6.513278000000000123e-01,1.569571999999999967e+00,1.281795999999999935e+00,6.879594816557164060e-03,0.000000000000000000e+00
-6.513278000000000123e-01,1.569571999999999967e+00,1.281795999999999935e+00,6.879594816557164060e-03,1.250645811342464275e-01
-6.499150000000000205e-01,1.569466000000000028e+00,1.281770999999999994e+00,6.451920873662397513e-03,2.380959235218041703e-01
-6.474775999999999865e-01,1.569638000000000089e+00,1.282141999999999893e+00,5.917645029063361116e-03,0.000000000000000000e+00
-6.474775999999999865e-01,1.569638000000000089e+00,1.282141999999999893e+00,5.917645029063361116e-03,1.220086357695571999e-01
-6.461791999999999536e-01,1.569768999999999970e+00,1.282597999999999905e+00,5.901879904742147152e-03,2.662273046305572155e-01
-6.436190999999999995e-01,1.570176999999999934e+00,1.283555000000000001e+00,5.731013652923946759e-03,0.000000000000000000e+00
-6.436190999999999995e-01,1.570176999999999934e+00,1.283555000000000001e+00,5.731013652923946759e-03,1.266874318755239481e-01
-6.422303000000000317e-01,1.570316000000000045e+00,1.283889999999999976e+00,5.542865920261818256e-03,1.349201669644953805e-01
-6.407237000000000071e-01,1.570378000000000052e+00,1.284140999999999977e+00,5.308236909747022537e-03,0.000000000000000000e+00
-6.407237000000000071e-01,1.570378000000000052e+00,1.284140999999999977e+00,5.308236909747022537e-03,3.655443993824969429e-01
-6.366260000000000252e-01,1.570877999999999997e+00,1.284426999999999985e+00,4.396673138863087943e-03,0.000000000000000000e+00
-6.366260000000000252e-01,1.570877999999999997e+00,1.284426999999999985e+00,4.396673138863087943e-03,3.334558685587773463e-01
-6.328515999999999586e-01,1.571042999999999967e+00,1.284402999999999961e+00,3.720931609153839154e-03,1.372942078132624588e-01
-6.313349999999999795e-01,1.571280000000000010e+00,1.284655000000000102e+00,3.447283024354232377e-03,0.000000000000000000e+00
-6.313349999999999795e-01,1.571280000000000010e+00,1.284655000000000102e+00,3.447283024354232377e-03,1.003097008764069348e-01
-6.302571000000000145e-01,1.571283999999999903e+00,1.285012000000000043e+00,3.687559089696088206e-03,2.272050664477036630e-01
-6.277150999999999703e-01,1.571590999999999960e+00,1.285277999999999921e+00,3.309664673346804451e-03,0.000000000000000000e+00
-6.277150999999999703e-01,1.571590999999999960e+00,1.285277999999999921e+00,3.309664673346804451e-03,1.116275409364423793e-01
-6.264657999999999616e-01,1.571444000000000063e+00,1.285409000000000024e+00,3.410852391998152062e-03,1.132648514948369628e-01
-6.250803000000000331e-01,1.571536000000000044e+00,1.285350999999999910e+00,3.236253753956817251e-03,2.812672443444409476e-01
-6.221904999999999797e-01,1.571903999999999968e+00,1.285157000000000105e+00,2.881400180467913290e-03,1.136245146891378954e-01
-6.209054000000000517e-01,1.571971999999999925e+00,1.285190999999999972e+00,2.936010258837682806e-03,0.000000000000000000e+00
-6.209054000000000517e-01,1.571971999999999925e+00,1.285190999999999972e+00,2.936010258837682806e-03,2.511968546043359396e-01
-6.183511999999999897e-01,1.572470000000000034e+00,1.285390999999999950e+00,2.569515567183729317e-03,1.093018753391959835e-01
-6.170615999999999879e-01,1.572762999999999911e+00,1.285614000000000035e+00,2.592601943993830520e-03,0.000000000000000000e+00
-6.170615999999999879e-01,1.572762999999999911e+00,1.285614000000000035e+00,2.592601943993830520e-03,1.219084115564972870e-01
-6.157110000000000083e-01,1.572972000000000037e+00,1.285814000000000012e+00,2.279948148533175300e-03,0.000000000000000000e+00
-6.157110000000000083e-01,1.572972000000000037e+00,1.285814000000000012e+00,2.279948148533175300e-03,2.742619863085130061e-01
-6.126578000000000301e-01,1.573545999999999889e+00,1.285746999999999973e+00,2.216041885885854015e-03,1.261023837180078877e-01
-6.111307000000000267e-01,1.573792000000000080e+00,1.285708000000000073e+00,2.011420068011539851e-03,0.000000000000000000e+00
-6.111307000000000267e-01,1.573792000000000080e+00,1.285708000000000073e+00,2.011420068011539851e-03,2.733802200864556831e-01
-6.081073000000000173e-01,1.574414999999999898e+00,1.285962000000000049e+00,1.750736442186648758e-03,1.371900138409937464e-01
-6.065983999999999821e-01,1.574737999999999971e+00,1.286148999999999987e+00,1.614890076754494155e-03,2.902190800525588088e-01
-6.036793999999999771e-01,1.575441000000000091e+00,1.286394000000000037e+00,1.100321771119524379e-03,1.267937569472248061e-01
-6.023032999999999859e-01,1.575774999999999926e+00,1.286635999999999891e+00,1.103494997723206790e-03,0.000000000000000000e+00
-6.023032999999999859e-01,1.575774999999999926e+00,1.286635999999999891e+00,1.103494997723206790e-03,1.361832757621133372e-01
-6.009685999999999639e-01,1.576235999999999970e+00,1.286701000000000095e+00,4.955542351749963855e-04,2.645015911436531253e-01
-5.980817999999999968e-01,1.576959000000000000e+00,1.286348000000000047e+00,1.288563867256794322e-03,0.000000000000000000e+00
-5.980817999999999968e-01,1.576959000000000000e+00,1.286348000000000047e+00,1.288563867256794322e-03,9.949346089753179079e-02
-5.970807000000000198e-01,1.577174000000000076e+00,1.286205999999999960e+00,1.221937498401774909e-03,2.689797707979333374e-01
-5.943749000000000393e-01,1.577847999999999917e+00,1.286065000000000014e+00,1.570287110690104506e-03,0.000000000000000000e+00
-5.943749000000000393e-01,1.577847999999999917e+00,1.286065000000000014e+00,1.570287110690104506e-03,1.117619190954781266e-01
-5.931771000000000127e-01,1.578252999999999906e+00,1.285997000000000057e+00,1.922695308674722591e-03,1.207499567199450674e-01
-5.918552999999999731e-01,1.578589000000000020e+00,1.285889000000000060e+00,2.135291804414627456e-03,0.000000000000000000e+00
-5.918552999999999731e-01,1.578589000000000020e+00,1.285889000000000060e+00,2.135291804414627456e-03,2.059398555562992061e-01
-5.896595000000000031e-01,1.579377999999999949e+00,1.285881000000000052e+00,2.621361485945708156e-03,1.129746185096883460e-01
-5.884203999999999546e-01,1.579695999999999989e+00,1.285836999999999897e+00,2.704378738268667891e-03,2.094350733729472835e-01
-5.863580999999999932e-01,1.580368999999999913e+00,1.285695999999999950e+00,3.189373984028839436e-03,9.455389026144961351e-02
-5.853083000000000036e-01,1.580580000000000096e+00,1.285663000000000000e+00,3.406153491844014173e-03,0.000000000000000000e+00
-5.853083000000000036e-01,1.580580000000000096e+00,1.285663000000000000e+00,3.406153491844014173e-03,8.780183556048581917e-02
-5.842545000000000099e-01,1.580791000000000057e+00,1.285738000000000048e+00,3.389363788382843655e-03,1.853573494866924409e-01
-5.823922000000000265e-01,1.581220999999999988e+00,1.285959000000000074e+00,3.654175797631980388e-03,0.000000000000000000e+00
-5.823922000000000265e-01,1.581220999999999988e+00,1.285959000000000074e+00,3.654175797631980388e-03,1.089954183022453504e-01
-5.812688000000000299e-01,1.581345000000000001e+00,1.285887999999999920e+00,3.692355567926730846e-03,1.846519700326956781e-01
-5.794396000000000546e-01,1.581897000000000109e+00,1.286040000000000072e+00,4.076619133546955688e-03,0.000000000000000000e+00
-5.794396000000000546e-01,1.581897000000000109e+00,1.286040000000000072e+00,4.076619133546955688e-03,9.466133710313048844e-02
-5.783812999999999871e-01,1.582071000000000005e+00,1.286045000000000105e+00,4.284901632476582206e-03,5.924573430504756488e-02
-5.778081000000000467e-01,1.582284999999999942e+00,1.286106999999999889e+00,4.386689986766763825e-03,0.000000000000000000e+00
-5.778081000000000467e-01,1.582284999999999942e+00,1.286106999999999889e+00,4.386689986766763825e-03,1.563431461155371793e-01
-5.759106000000000503e-01,1.582548999999999984e+00,1.286205999999999960e+00,4.620090454742227688e-03,6.872398988786100615e-02
-5.752730000000000343e-01,1.582843000000000000e+00,1.286075999999999997e+00,4.812618543994575358e-03,1.716671674099985723e-01
-5.735067999999999833e-01,1.582916999999999907e+00,1.285851999999999995e+00,4.809890763832229063e-03,3.607015686366531887e-02
-5.731597000000000497e-01,1.583174999999999999e+00,1.285757999999999956e+00,5.015481521249910007e-03,0.000000000000000000e+00
-5.731597000000000497e-01,1.583174999999999999e+00,1.285757999999999956e+00,5.015481521249910007e-03,1.531471409261616068e-01
-5.712966999999999906e-01,1.583355999999999986e+00,1.285592000000000068e+00,5.130440316386095274e-03,5.494691301035201092e-02
-5.707683999999999536e-01,1.583552999999999988e+00,1.285506000000000038e+00,5.281415648289748514e-03,0.000000000000000000e+00
-5.707683999999999536e-01,1.583552999999999988e+00,1.285506000000000038e+00,5.281415648289748514e-03,8.574737958083093747e-02
-5.698923999999999657e-01,1.583525000000000071e+00,1.285350999999999910e+00,5.305610450268705668e-03,1.396023603301664584e-01
-5.683249999999999691e-01,1.583445999999999909e+00,1.285153999999999908e+00,5.085925418249664758e-03,0.000000000000000000e+00
-5.683249999999999691e-01,1.583445999999999909e+00,1.285153999999999908e+00,5.085925418249664758e-03,9.991475920847850412e-02
-5.672924999999999773e-01,1.583433000000000090e+00,1.285056999999999894e+00,5.098135290476292492e-03,8.903886398044395800e-02
-5.662059999999999871e-01,1.583368000000000109e+00,1.284953000000000012e+00,4.971259225789832585e-03,0.000000000000000000e+00
-5.662059999999999871e-01,1.583368000000000109e+00,1.284953000000000012e+00,4.971259225789832585e-03,1.501325853537141819e-01
-5.645316000000000223e-01,1.583450999999999942e+00,1.284664999999999946e+00,4.996946703738097684e-03,1.234228828477813011e-01
-5.631595000000000351e-01,1.583402999999999894e+00,1.284405999999999937e+00,5.021993696730224499e-03,1.953889781424700822e-01
-5.611734000000000444e-01,1.583455000000000057e+00,1.283989000000000047e+00,4.996923929779177598e-03,1.076859329743749399e-01
-5.599796999999999692e-01,1.583315000000000028e+00,1.283779000000000003e+00,4.780222396499948095e-03,0.000000000000000000e+00
-5.599796999999999692e-01,1.583315000000000028e+00,1.283779000000000003e+00,4.780222396499948095e-03,5.323201654568974345e-02
-5.594078999999999580e-01,1.583383999999999903e+00,1.283600000000000074e+00,4.836940028571683724e-03,2.077688428092105688e-01
-5.573160999999999810e-01,1.583128000000000091e+00,1.283131999999999939e+00,4.591089331520352423e-03,0.000000000000000000e+00
-5.573160999999999810e-01,1.583128000000000091e+00,1.283131999999999939e+00,4.591089331520352423e-03,6.466652968052119532e-02
-5.567225999999999564e-01,1.583147000000000082e+00,1.282818999999999932e+00,4.624481916928647324e-03,1.612099460922408467e-01
-5.551226000000000216e-01,1.582869000000000081e+00,1.281983000000000095e+00,4.078514711264482305e-03,0.000000000000000000e+00
-5.551226000000000216e-01,1.582869000000000081e+00,1.281983000000000095e+00,4.078514711264482305e-03,1.121797474329695454e-01
-5.541310000000000402e-01,1.582688000000000095e+00,1.281400000000000095e+00,3.735029907510936577e-03,6.886968150218769624e-02
-5.534512999999999794e-01,1.582595999999999892e+00,1.281028000000000056e+00,3.542383412336914689e-03,0.000000000000000000e+00
-5.534512999999999794e-01,1.582595999999999892e+00,1.281028000000000056e+00,3.542383412336914689e-03,1.616265237583399406e-01
-5.520167000000000268e-01,1.582453000000000110e+00,1.280170000000000030e+00,3.189795487174808351e-03,7.604371150073080399e-02
-5.513363000000000014e-01,1.582392000000000021e+00,1.279644999999999921e+00,3.022434616331671521e-03,0.000000000000000000e+00
-5.513363000000000014e-01,1.582392000000000021e+00,1.279644999999999921e+00,3.022434616331671521e-03,2.215198358575450610e-01
-5.492772999999999683e-01,1.582367999999999997e+00,1.278210000000000068e+00,2.742347286541264688e-03,0.000000000000000000e+00
-5.492772999999999683e-01,1.582367999999999997e+00,1.278210000000000068e+00,2.742347286541264688e-03,8.907746474729573427e-02
-5.483327000000000062e-01,1.582303000000000015e+00,1.277663999999999911e+00,2.491691240904452508e-03,1.445747950313996388e-01
-5.471753999999999785e-01,1.582451999999999970e+00,1.276718000000000020e+00,2.698782179057720304e-03,0.000000000000000000e+00
-5.471753999999999785e-01,1.582451999999999970e+00,1.276718000000000020e+00,2.698782179057720304e-03,8.058116431916338696e-02
-5.463898000000000366e-01,1.582484999999999919e+00,1.276254000000000000e+00,2.460963471894540844e-03,1.198744479799725010e-01
-5.454288000000000469e-01,1.582529999999999992e+00,1.275463000000000013e+00,2.662503410326328562e-03,0.000000000000000000e+00
-5.454288000000000469e-01,1.582529999999999992e+00,1.275463000000000013e+00,2.662503410326328562e-03,8.226198608851696681e-02
-5.445854999999999446e-01,1.582502999999999993e+00,1.274909000000000070e+00,2.389959892968836989e-03,7.591292869913339458e-02
-5.438745000000000385e-01,1.582667999999999964e+00,1.274453999999999976e+00,2.619066606636725417e-03,1.585851384745885218e-01
-5.426096999999999726e-01,1.582780000000000076e+00,1.273660999999999932e+00,2.584143705369459140e-03,0.000000000000000000e+00
-5.426096999999999726e-01,1.582780000000000076e+00,1.273660999999999932e+00,2.584143705369459140e-03,7.531275560357607313e-02
-5.420439000000000229e-01,1.583029999999999937e+00,1.273182999999999954e+00,2.935441603915804956e-03,0.000000000000000000e+00
-5.420439000000000229e-01,1.583029999999999937e+00,1.273182999999999954e+00,2.935441603915804956e-03,2.323298036426122981e-01
-5.400169000000000219e-01,1.583131000000000066e+00,1.271503000000000050e+00,3.172730409284845073e-03,0.000000000000000000e+00
-5.400169000000000219e-01,1.583131000000000066e+00,1.271503000000000050e+00,3.172730409284845073e-03,6.324813532679882111e-02
-5.395299999999999541e-01,1.583193999999999990e+00,1.270980999999999916e+00,3.168310047959414788e-03,1.277184057774581605e-01
-5.384290000000000465e-01,1.583255000000000079e+00,1.270043999999999951e+00,3.465161473871119450e-03,0.000000000000000000e+00
-5.384290000000000465e-01,1.583255000000000079e+00,1.270043999999999951e+00,3.465161473871119450e-03,5.904654926549962601e-02
-5.379783999999999677e-01,1.583315000000000028e+00,1.269632000000000094e+00,3.440233736245204999e-03,4.088078262259609574e-01
-5.332970999999999684e-01,1.582232000000000083e+00,1.268191999999999986e+00,1.659836043107840034e-03,0.000000000000000000e+00
-5.332970999999999684e-01,1.582232000000000083e+00,1.268191999999999986e+00,1.659836043107840034e-03,2.322259835989871624e-01
-5.308561000000000529e-01,1.581604000000000010e+00,1.267436999999999925e+00,6.932097518067587439e-04,8.666765850837568341e-02
-5.301489999999999814e-01,1.581544999999999979e+00,1.266883999999999899e+00,1.234951756142665382e-03,0.000000000000000000e+00
-5.301489999999999814e-01,1.581544999999999979e+00,1.266883999999999899e+00,1.234951756142665382e-03,1.564655681057841030e-01
-5.291595000000000049e-01,1.581474999999999964e+00,1.265598000000000001e+00,1.128041351192506482e-03,1.984573466281728538e-01
-5.271772999999999598e-01,1.580926999999999971e+00,1.264688999999999952e+00,8.504129879065310373e-04,0.000000000000000000e+00
-5.271772999999999598e-01,1.580926999999999971e+00,1.264688999999999952e+00,8.504129879065310373e-04,3.202661866021545012e-01
-5.243940000000000268e-01,1.580437000000000092e+00,1.262413000000000007e+00,1.425649802721472162e-03,0.000000000000000000e+00
-5.243940000000000268e-01,1.580437000000000092e+00,1.262413000000000007e+00,1.425649802721472162e-03,2.686588640881291679e-01
-5.223176000000000485e-01,1.579887999999999959e+00,1.260629999999999917e+00,2.063108421775383845e-03,1.102053978562953368e-01
-5.215222999999999942e-01,1.579727000000000103e+00,1.259681000000000051e+00,2.509677062890776009e-03,0.000000000000000000e+00
-5.215222999999999942e-01,1.579727000000000103e+00,1.259681000000000051e+00,2.509677062890776009e-03,8.566762057037639877e-02
-5.211527000000000243e-01,1.579838999999999993e+00,1.258879999999999999e+00,2.574524274502130138e-03,2.006821118002100890e-01
-5.194606999999999974e-01,1.579658000000000007e+00,1.257371999999999934e+00,2.876150302053188512e-03,0.000000000000000000e+00
-5.194606999999999974e-01,1.579658000000000007e+00,1.257371999999999934e+00,2.876150302053188512e-03,9.495311349770443887e-02
-5.188367000000000395e-01,1.579706999999999972e+00,1.256496999999999975e+00,3.214391048083580990e-03,1.507375848686800246e-01
-5.179595999999999645e-01,1.579814999999999969e+00,1.255203999999999986e+00,3.381314537276804925e-03,0.000000000000000000e+00
-5.179595999999999645e-01,1.579814999999999969e+00,1.255203999999999986e+00,3.381314537276804925e-03,8.621253581462023918e-02
-5.173069999999999613e-01,1.580019999999999980e+00,1.254626999999999937e+00,3.325808811402162016e-03,1.018270601092287619e-01
-5.164459000000000133e-01,1.580133999999999928e+00,1.254023000000000110e+00,3.134108734552797527e-03,0.000000000000000000e+00
-5.164459000000000133e-01,1.580133999999999928e+00,1.254023000000000110e+00,3.134108734552797527e-03,1.881775204147796143e-01
-5.153109999999999635e-01,1.580364000000000102e+00,1.252450000000000063e+00,3.369392224125748909e-03,7.001129258110447284e-02
-5.149964999999999682e-01,1.580554000000000014e+00,1.251746999999999943e+00,3.644080928025596536e-03,9.023546150740179017e-02
-5.147587999999999608e-01,1.580646999999999913e+00,1.250756999999999897e+00,4.059001208425674738e-03,1.306452999100586598e-01
-5.140559999999999574e-01,1.580959000000000003e+00,1.249640000000000084e+00,4.329127465205874145e-03,4.992177129502238520e-02
-5.137129000000000278e-01,1.581250999999999962e+00,1.249225000000000030e+00,4.287220224107991286e-03,0.000000000000000000e+00
-5.137129000000000278e-01,1.581250999999999962e+00,1.249225000000000030e+00,4.287220224107991286e-03,6.606118341795101934e-01
-5.084100000000000286e-01,1.578040000000000109e+00,1.246278999999999915e+00,5.245888557718294057e-03,0.000000000000000000e+00
-5.084100000000000286e-01,1.578040000000000109e+00,1.246278999999999915e+00,5.245888557718294057e-03,1.717193653884786508e-01
-5.065422000000000535e-01,1.578062999999999994e+00,1.246817000000000064e+00,4.730534836569657946e-03,2.015555987571923391e-01
-5.053252999999999773e-01,1.578972999999999960e+00,1.245376000000000039e+00,3.982536879929701214e-03,0.000000000000000000e+00
-5.053252999999999773e-01,1.578972999999999960e+00,1.245376000000000039e+00,3.982536879929701214e-03,2.348445325069645484e-01
-5.029637999999999609e-01,1.577927999999999997e+00,1.244734999999999925e+00,5.117466760028844749e-03,2.276268886119000856e-01
-5.014631999999999978e-01,1.579048999999999925e+00,1.243290999999999924e+00,4.182612447980334734e-03,0.000000000000000000e+00
-5.014631999999999978e-01,1.579048999999999925e+00,1.243290999999999924e+00,4.182612447980334734e-03,5.521406160414023268e-02
-5.017481000000000302e-01,1.579115000000000046e+00,1.242737999999999898e+00,3.993543358973222247e-03,1.986397652761767718e-01
-5.005106999999999751e-01,1.580100000000000060e+00,1.241411999999999960e+00,3.191344644503246817e-03,1.107700881424291406e-01
-5.016405999999999921e-01,1.580375000000000085e+00,1.240942999999999907e+00,2.897298881717157593e-03,1.498769862087221405e-01
-5.005211999999999994e-01,1.581234999999999946e+00,1.239762000000000031e+00,2.035409295448920713e-03,0.000000000000000000e+00
-5.005211999999999994e-01,1.581234999999999946e+00,1.239762000000000031e+00,2.035409295448920713e-03,2.303853543009718730e-01
-5.030428999999999595e-01,1.581750999999999907e+00,1.239327999999999985e+00,3.353290337862155444e-03,0.000000000000000000e+00
-5.242957999999999785e-01,1.589920999999999918e+00,1.074198999999999904e+00,1.018881186645418865e-02,9.533784109070661539e-02
-5.249709999999999654e-01,1.589936999999999934e+00,1.073355999999999977e+00,1.001142134214711744e-02,1.850288394490022525e-01
-5.260913000000000395e-01,1.589658999999999933e+00,1.071606000000000058e+00,9.313271820901655382e-03,1.062162214953551731e-01
-5.268097000000000474e-01,1.589612000000000025e+00,1.070770999999999917e+00,9.051027082049840564e-03,0.000000000000000000e+00
-5.268097000000000474e-01,1.589612000000000025e+00,1.070770999999999917e+00,9.051027082049840564e-03,2.272583955833112901e-01
-5.285058000000000256e-01,1.589498999999999995e+00,1.068837000000000037e+00,8.528672253639592998e-03,1.174852955234850088e-01
-5.293042999999999498e-01,1.589406000000000097e+00,1.067919999999999980e+00,8.254867863267153008e-03,0.000000000000000000e+00
-5.293042999999999498e-01,1.589406000000000097e+00,1.067919999999999980e+00,8.254867863267153008e-03,1.013524791572029543e-01
-5.300198000000000409e-01,1.589360000000000106e+00,1.067023000000000055e+00,7.954348589922522264e-03,1.607390517013055076e-01
-5.313031999999999755e-01,1.589374000000000065e+00,1.065730999999999984e+00,7.612538959506219560e-03,0.000000000000000000e+00
-5.313031999999999755e-01,1.589374000000000065e+00,1.065730999999999984e+00,7.612538959506219560e-03,8.387485174851555536e-02
-5.319848000000000354e-01,1.589358999999999966e+00,1.065069000000000043e+00,7.472228984714101088e-03,1.496006756030813512e-01
-5.332350999999999619e-01,1.589695000000000080e+00,1.063974999999999893e+00,7.313168867871109279e-03,0.000000000000000000e+00
-5.332350999999999619e-01,1.589695000000000080e+00,1.063974999999999893e+00,7.313168867871109279e-03,8.244923278836789604e-02
-5.339224000000000192e-01,1.589804999999999913e+00,1.063352000000000075e+00,7.116493561438883009e-03,1.036420231736708553e-01
-5.345242000000000049e-01,1.589803000000000077e+00,1.062459000000000042e+00,6.735832837147972228e-03,1.859120284308869442e-01
-5.357779999999999765e-01,1.589771999999999963e+00,1.060769000000000073e+00,5.951353920747780475e-03,8.891011393888365033e-02
-5.364337000000000133e-01,1.589804999999999913e+00,1.060005000000000086e+00,5.618259477810028102e-03,0.000000000000000000e+00
-5.364337000000000133e-01,1.589804999999999913e+00,1.060005000000000086e+00,5.618259477810028102e-03,1.934463506339228478e-01
-5.378937999999999775e-01,1.589838000000000084e+00,1.058626999999999985e+00,5.190111366820578977e-03,8.103684167255550963e-02
-5.386703000000000463e-01,1.589984000000000064e+00,1.058022000000000018e+00,5.059808025014472972e-03,0.000000000000000000e+00
-5.386703000000000463e-01,1.589984000000000064e+00,1.058022000000000018e+00,5.059808025014472972e-03,9.303626045972772374e-02
-5.394723000000000157e-01,1.589977999999999891e+00,1.057337999999999889e+00,4.881355914087752955e-03,1.888983344376240492e-01
-5.411532000000000009e-01,1.590211999999999959e+00,1.056033999999999917e+00,4.591221192667402362e-03,0.000000000000000000e+00
-5.411532000000000009e-01,1.590211999999999959e+00,1.056033999999999917e+00,4.591221192667402362e-03,9.956168814751152618e-02
-5.420637000000000372e-01,1.590273999999999965e+00,1.055371000000000059e+00,4.422270693885626755e-03,9.899161444993241632e-02
-5.429728000000000332e-01,1.590413000000000077e+00,1.054729000000000028e+00,4.315298285171100673e-03,0.000000000000000000e+00
-5.429728000000000332e-01,1.590413000000000077e+00,1.054729000000000028e+00,4.315298285171100673e-03,2.171857042761491385e-01
-5.450779999999999514e-01,1.590734000000000092e+00,1.053495999999999988e+00,4.216273460059253263e-03,1.086340974859691527e-01
-5.461359000000000075e-01,1.590919999999999890e+00,1.052894999999999914e+00,4.318566711305881628e-03,2.400043509063767566e-01
-5.485248999999999819e-01,1.591172999999999949e+00,1.051616000000000106e+00,4.158212236045835328e-03,1.350432099748655190e-01
-5.498861999999999917e-01,1.591328000000000076e+00,1.050940999999999903e+00,4.248092453090036164e-03,0.000000000000000000e+00
-5.498861999999999917e-01,1.591328000000000076e+00,1.050940999999999903e+00,4.248092453090036164e-03,1.369968303060563053e-01
-5.511540999999999801e-01,1.591455999999999982e+00,1.050310000000000077e+00,4.106366531375421278e-03,2.828776073841174910e-01
-5.539465000000000083e-01,1.591436999999999991e+00,1.048737000000000030e+00,3.765757359416547524e-03,0.000000000000000000e+00
-5.539465000000000083e-01,1.591436999999999991e+00,1.048737000000000030e+00,3.765757359416547524e-03,1.377112860036588116e-01
-5.553417000000000492e-01,1.591480000000000006e+00,1.048043000000000058e+00,3.656008179695506392e-03,2.874784540704319324e-01
-5.579920000000000435e-01,1.591509999999999980e+00,1.046672000000000047e+00,3.260676348550974653e-03,0.000000000000000000e+00
-5.579920000000000435e-01,1.591509999999999980e+00,1.046672000000000047e+00,3.260676348550974653e-03,1.143939336395264489e-01
-5.590888999999999998e-01,1.591442000000000023e+00,1.045984999999999943e+00,3.025779694557992859e-03,2.397525846694567031e-01
-5.613894000000000384e-01,1.591259999999999897e+00,1.044551999999999925e+00,2.455651555086588340e-03,0.000000000000000000e+00
-5.613894000000000384e-01,1.591259999999999897e+00,1.044551999999999925e+00,2.455651555086588340e-03,1.269025067439885635e-01
-5.625799000000000216e-01,1.591304000000000052e+00,1.043986999999999998e+00,2.194238184427583279e-03,0.000000000000000000e+00
-5.625799000000000216e-01,1.591304000000000052e+00,1.043986999999999998e+00,2.194238184427583279e-03,3.390407848838251637e-01
-5.657923000000000258e-01,1.591067000000000009e+00,1.041887999999999925e+00,1.387824776403722088e-03,0.000000000000000000e+00
-5.657923000000000258e-01,1.591067000000000009e+00,1.041887999999999925e+00,1.387824776403722088e-03,1.052392440162755044e-01
-5.668029999999999458e-01,1.590956999999999955e+00,1.041265000000000107e+00,1.478308303433284151e-03,1.839121896950245694e-01
-5.684333000000000302e-01,1.590835999999999917e+00,1.039973000000000036e+00,1.533329984054238645e-03,0.000000000000000000e+00
-5.684333000000000302e-01,1.590835999999999917e+00,1.039973000000000036e+00,1.533329984054238645e-03,1.078355180394475199e-01
-5.693559999999999732e-01,1.590705000000000036e+00,1.039352999999999971e+00,1.742144081297570830e-03,1.798192496529355255e-01
-5.713169999999999638e-01,1.590692999999999913e+00,1.038337999999999983e+00,2.213072364383958292e-03,1.158344212160571651e-01
-5.724217999999999806e-01,1.590627999999999931e+00,1.037868000000000013e+00,2.344946355463153366e-03,0.000000000000000000e+00
-5.724217999999999806e-01,1.590627999999999931e+00,1.037868000000000013e+00,2.344946355463153366e-03,1.018871539572618612e-01
-5.735025000000000261e-01,1.590565999999999924e+00,1.037466999999999917e+00,2.510669623825628402e-03,2.375317718158070079e-01
-5.757503999999999955e-01,1.590562999999999949e+00,1.036453999999999986e+00,3.029708672463366989e-03,0.000000000000000000e+00
-5.757503999999999955e-01,1.590562999999999949e+00,1.036453999999999986e+00,3.029708672463366989e-03,8.791885376354501014e-02
-5.766168000000000404e-01,1.590513000000000066e+00,1.035965000000000025e+00,3.357402096859956903e-03,2.126613699010618808e-01
-5.787438999999999778e-01,1.590476000000000001e+00,1.035376000000000074e+00,3.582266372005327333e-03,7.934414191587757514e-02
-5.795647999999999911e-01,1.590492999999999935e+00,1.035009999999999986e+00,3.898587713518842333e-03,0.000000000000000000e+00
-5.795647999999999911e-01,1.590492999999999935e+00,1.035009999999999986e+00,3.898587713518842333e-03,1.067810485245741514e-01
-5.805898000000000447e-01,1.590529999999999999e+00,1.034586999999999923e+00,4.074419364768509799e-03,2.068099541335947367e-01
-5.828438000000000230e-01,1.590332999999999997e+00,1.033986000000000072e+00,4.373344876636106951e-03,9.542196404985996139e-02
-5.839189999999999658e-01,1.590443999999999969e+00,1.034008000000000038e+00,4.336054178628236978e-03,0.000000000000000000e+00
-5.839189999999999658e-01,1.590443999999999969e+00,1.034008000000000038e+00,4.336054178628236978e-03,1.671812145181147402e-01
-5.857866000000000462e-01,1.590445000000000109e+00,1.033701999999999899e+00,4.437682183302501734e-03,8.706876435779455081e-02
-5.867982000000000475e-01,1.590370000000000061e+00,1.033363999999999949e+00,4.597536798112806036e-03,0.000000000000000000e+00
-5.867982000000000475e-01,1.590370000000000061e+00,1.033363999999999949e+00,4.597536798112806036e-03,9.527994916476990872e-02
-5.878643999999999536e-01,1.590254999999999974e+00,1.033239999999999936e+00,4.685923867286110808e-03,1.859376778589718615e-01
-5.901376999999999873e-01,1.590425999999999895e+00,1.033328999999999942e+00,4.446222694602640704e-03,0.000000000000000000e+00
-5.901376999999999873e-01,1.590425999999999895e+00,1.033328999999999942e+00,4.446222694602640704e-03,1.042343420435862533e-01
-5.913148000000000293e-01,1.590479999999999894e+00,1.033408000000000104e+00,4.248528451122720456e-03,1.810937027966421642e-01
-5.933511000000000202e-01,1.590705000000000036e+00,1.033481000000000094e+00,4.116587421639328163e-03,0.000000000000000000e+00
-5.933511000000000202e-01,1.590705000000000036e+00,1.033481000000000094e+00,4.116587421639328163e-03,2.250852934745771472e-01
-5.958676000000000528e-01,1.590565000000000007e+00,1.033091999999999899e+00,4.411227902750159552e-03,0.000000000000000000e+00
-5.958676000000000528e-01,1.590565000000000007e+00,1.033091999999999899e+00,4.411227902750159552e-03,2.371855625888522057e-01
-5.983243000000000311e-01,1.590594999999999981e+00,1.032934000000000019e+00,4.548131084302645989e-03,0.000000000000000000e+00
-5.983243000000000311e-01,1.590594999999999981e+00,1.032934000000000019e+00,4.548131084302645989e-03,9.496216681427460671e-02
-5.994874999999999510e-01,1.590662999999999938e+00,1.032931999999999961e+00,4.688380790848833274e-03,2.211870667753575992e-01
-6.015490999999999477e-01,1.590894999999999948e+00,1.033168000000000086e+00,4.465567910131888404e-03,7.957808256378950951e-02
-6.024456000000000255e-01,1.590896000000000088e+00,1.033071999999999990e+00,4.516153434063084268e-03,0.000000000000000000e+00
-6.024456000000000255e-01,1.590896000000000088e+00,1.033071999999999990e+00,4.516153434063084268e-03,8.078322548228598909e-02
-6.032821999999999907e-01,1.590875000000000039e+00,1.033125000000000071e+00,4.490661247522367144e-03,0.000000000000000000e+00
-6.032821999999999907e-01,1.590875000000000039e+00,1.033125000000000071e+00,4.490661247522367144e-03,2.095007072019139660e-01
-6.055770000000000319e-01,1.591285000000000061e+00,1.033571999999999935e+00,4.195300852144130330e-03,7.569235720760492114e-02
-6.063528000000000251e-01,1.591302999999999912e+00,1.033695000000000030e+00,4.211962308710654780e-03,0.000000000000000000e+00
-6.063528000000000251e-01,1.591302999999999912e+00,1.033695000000000030e+00,4.211962308710654780e-03,1.707297059021683772e-01
-6.082670999999999495e-01,1.591415999999999942e+00,1.033949000000000007e+00,4.095137360333490906e-03,7.507989560418597275e-02
-6.090069000000000177e-01,1.591495000000000104e+00,1.034181000000000017e+00,3.871690245874445917e-03,1.745763356791321108e-01
-6.108571999999999891e-01,1.591776000000000080e+00,1.034820999999999991e+00,3.530652183379243657e-03,7.305217654522370985e-02
-6.117067000000000476e-01,1.591885999999999912e+00,1.035085000000000033e+00,3.274842483234879226e-03,0.000000000000000000e+00
-6.117067000000000476e-01,1.591885999999999912e+00,1.035085000000000033e+00,3.274842483234879226e-03,2.363022866748810680e-01
-6.140396999999999661e-01,1.592157000000000044e+00,1.035792000000000046e+00,2.938006169156270105e-03,9.367191338408586976e-02
-6.150233999999999979e-01,1.592432000000000070e+00,1.036318999999999990e+00,2.859649609654993287e-03,0.000000000000000000e+00
-6.150233999999999979e-01,1.592432000000000070e+00,1.036318999999999990e+00,2.859649609654993287e-03,9.386814999040103691e-02
-6.160385999999999918e-01,1.592527000000000026e+00,1.036618000000000039e+00,2.583214131658396768e-03,1.698434432890987278e-01
-6.177974000000000521e-01,1.592764000000000069e+00,1.037361999999999895e+00,2.336719289944945779e-03,0.000000000000000000e+00
-6.177974000000000521e-01,1.592764000000000069e+00,1.037361999999999895e+00,2.336719289944945779e-03,6.608505392916039223e-02
-6.185291000000000539e-01,1.592715000000000103e+00,1.037708000000000075e+00,2.156743204463708579e-03,1.719285360371426985e-01
-6.200942999999999872e-01,1.592975000000000030e+00,1.038524999999999920e+00,1.944228679965404830e-03,0.000000000000000000e+00
-6.200942999999999872e-01,1.592975000000000030e+00,1.038524999999999920e+00,1.944228679965404830e-03,8.852871089223286749e-02
-6.208998999999999491e-01,1.593042000000000069e+00,1.038961999999999941e+00,2.036770728383519979e-03,5.438836999914721526e-02
-6.214802000000000382e-01,1.593129000000000017e+00,1.039280999999999899e+00,1.994434228045646393e-03,1.581079573295522955e-01
-6.229329000000000116e-01,1.593550000000000022e+00,1.039917999999999898e+00,2.332711803888339909e-03,7.290862484375573715e-02
-6.236819999999999586e-01,1.593658000000000019e+00,1.040248999999999979e+00,2.316443601730982810e-03,0.000000000000000000e+00
-6.236819999999999586e-01,1.593658000000000019e+00,1.040248999999999979e+00,2.316443601730982810e-03,1.604597607042667351e-01
-6.253528999999999893e-01,1.593957999999999986e+00,1.040894999999999904e+00,2.680206939771619980e-03,6.886499991984905422e-02
-6.260160999999999643e-01,1.593987000000000043e+00,1.041161999999999921e+00,2.545883335897438857e-03,0.000000000000000000e+00
-6.260160999999999643e-01,1.593987000000000043e+00,1.041161999999999921e+00,2.545883335897438857e-03,7.227714469169595202e-02
-6.267304000000000208e-01,1.594019999999999992e+00,1.041388999999999898e+00,2.608522280909251860e-03,1.662172066321330743e-01
-6.282147999999999621e-01,1.594157000000000046e+00,1.042261000000000104e+00,2.766916702757777659e-03,0.000000000000000000e+00
-6.282147999999999621e-01,1.594157000000000046e+00,1.042261000000000104e+00,2.766916702757777659e-03,8.802586060430575565e-02
-6.288943000000000172e-01,1.594189000000000078e+00,1.042871000000000103e+00,3.062942945926387054e-03,1.910074861996016726e-01
-6.306171000000000415e-01,1.594400999999999957e+00,1.043833000000000011e+00,3.377744396783176860e-03,0.000000000000000000e+00
-6.306171000000000415e-01,1.594400999999999957e+00,1.043833000000000011e+00,3.377744396783176860e-03,8.969648203473350179e-02
-6.312919000000000169e-01,1.594506999999999897e+00,1.044467000000000034e+00,3.716467140982046558e-03,1.435331131660514958e-01
-6.326872999999999525e-01,1.594532000000000060e+00,1.045298999999999978e+00,3.989135130576556068e-03,9.020090951040397875e-02
-6.335509000000000279e-01,1.594510000000000094e+00,1.045844999999999914e+00,4.062708048826595489e-03,1.154567295411530470e-01
-6.345840000000000369e-01,1.594551999999999969e+00,1.046451000000000020e+00,4.346972652317991452e-03,0.000000000000000000e+00
-6.345840000000000369e-01,1.594551999999999969e+00,1.046451000000000020e+00,4.346972652317991452e-03,1.871302033170991475e-01
-6.362967000000000484e-01,1.594661000000000106e+00,1.047695999999999961e+00,4.859094479427193691e-03,1.096428668156776698e-01
-6.373410000000000464e-01,1.594462999999999964e+00,1.048338999999999910e+00,4.893341982735208151e-03,0.000000000000000000e+00
-6.373410000000000464e-01,1.594462999999999964e+00,1.048338999999999910e+00,4.893341982735208151e-03,7.074753368884167948e-02
-6.380550999999999862e-01,1.594340000000000090e+00,1.048817000000000110e+00,5.050002761385514148e-03,1.999287844341857689e-01
-6.397964999999999902e-01,1.594375000000000098e+00,1.049949000000000021e+00,5.436675385748218278e-03,0.000000000000000000e+00
-6.397964999999999902e-01,1.594375000000000098e+00,1.049949000000000021e+00,5.436675385748218278e-03,9.898753964551509910e-02
-6.407180000000000097e-01,1.594356000000000106e+00,1.050588000000000077e+00,5.638760474608072934e-03,1.974179804824938433e-01
-6.423761999999999528e-01,1.594194000000000111e+00,1.051781000000000077e+00,6.026839108521277015e-03,0.000000000000000000e+00
-6.423761999999999528e-01,1.594194000000000111e+00,1.051781000000000077e+00,6.026839108521277015e-03,9.315275685301553643e-02
-6.432084999999999608e-01,1.594195999999999946e+00,1.052429999999999977e+00,6.284296241425901819e-03,1.104670226777013653e-01
-6.441149999999999931e-01,1.594181000000000070e+00,1.053131999999999957e+00,6.545846548766585254e-03,2.028029817134361090e-01
-6.459791999999999756e-01,1.594101999999999908e+00,1.054472999999999994e+00,6.956548184264926132e-03,8.490632650190949038e-02
-6.467551999999999746e-01,1.593931999999999904e+00,1.055147000000000057e+00,7.224643398812193550e-03,0.000000000000000000e+00
-6.467551999999999746e-01,1.593931999999999904e+00,1.055147000000000057e+00,7.224643398812193550e-03,1.031645467384412485e-01
-6.477136999999999478e-01,1.593777999999999917e+00,1.055798000000000014e+00,7.338355557616393562e-03,2.105146800215502156e-01
-6.497203999999999757e-01,1.593939999999999912e+00,1.057077000000000044e+00,7.625005573768450090e-03,0.000000000000000000e+00
-6.497203999999999757e-01,1.593939999999999912e+00,1.057077000000000044e+00,7.625005573768450090e-03,8.949559566245263165e-02
-6.505790000000000184e-01,1.593844999999999956e+00,1.057608000000000104e+00,7.754522255432595886e-03,1.724545694316358124e-01
-6.522829999999999462e-01,1.593746000000000107e+00,1.058559000000000028e+00,7.797890240956149160e-03,0.000000000000000000e+00
-6.522829999999999462e-01,1.593746000000000107e+00,1.058559000000000028e+00,7.797890240956149160e-03,9.084138221194840157e-02
-6.531997000000000497e-01,1.593831999999999915e+00,1.059018999999999933e+00,7.713885620100946472e-03,7.658070800087454777e-02
-6.539338000000000095e-01,1.593930000000000069e+00,1.059471000000000052e+00,7.818372726469525677e-03,0.000000000000000000e+00
-6.539338000000000095e-01,1.593930000000000069e+00,1.059471000000000052e+00,7.818372726469525677e-03,1.738474610464722514e-01
-6.555041999999999813e-01,1.594055999999999917e+00,1.060351000000000043e+00,7.808313826300813248e-03,7.982884940594189849e-02
-6.564244999999999663e-01,1.594103000000000048e+00,1.060683000000000042e+00,7.634115034501477541e-03,1.940563440618919555e-01
-6.581160999999999817e-01,1.594302000000000108e+00,1.061762000000000095e+00,7.726287377518452348e-03,8.932940080411032324e-02
-6.589570000000000149e-01,1.594448000000000087e+00,1.062305999999999973e+00,7.771066135994407660e-03,0.000000000000000000e+00
-6.589570000000000149e-01,1.594448000000000087e+00,1.062305999999999973e+00,7.771066135994407660e-03,1.496584680437711978e-01
-6.603164999999999729e-01,1.594668999999999892e+00,1.063295000000000101e+00,7.902685945930061281e-03,1.045246236607231677e-01
-6.612538999999999501e-01,1.594686000000000048e+00,1.063841000000000037e+00,7.899664185900615032e-03,0.000000000000000000e+00
-6.612538999999999501e-01,1.594686000000000048e+00,1.063841000000000037e+00,7.899664185900615032e-03,9.235018092923812094e-02
-6.621101000000000347e-01,1.594759000000000038e+00,1.064437999999999995e+00,7.893723385703311363e-03,2.377367680750782086e-01
-6.641466999999999787e-01,1.594856999999999969e+00,1.065827999999999998e+00,7.931385017132855028e-03,0.000000000000000000e+00
-6.641466999999999787e-01,1.594856999999999969e+00,1.065827999999999998e+00,7.931385017132855028e-03,1.127668086387029756e-01
-6.649629999999999708e-01,1.594950000000000090e+00,1.066805000000000003e+00,8.242972039258627051e-03,2.305626546830063517e-01
-6.668897000000000297e-01,1.595075000000000021e+00,1.068222999999999923e+00,8.271668008328019947e-03,0.000000000000000000e+00
-6.668897000000000297e-01,1.595075000000000021e+00,1.068222999999999923e+00,8.271668008328019947e-03,1.140993011144151859e-01
-6.678617000000000026e-01,1.595105999999999913e+00,1.068899000000000044e+00,8.257744907660872699e-03,1.045711249002983512e-01
-6.688306000000000529e-01,1.595261000000000040e+00,1.069563000000000041e+00,8.209913646927044159e-03,0.000000000000000000e+00
-6.688306000000000529e-01,1.595261000000000040e+00,1.069563000000000041e+00,8.209913646927044159e-03,3.046425092554602143e-01
-6.717184000000000488e-01,1.595267999999999908e+00,1.071447999999999956e+00,7.859548435501784863e-03,0.000000000000000000e+00
-6.717184000000000488e-01,1.595267999999999908e+00,1.071447999999999956e+00,7.859548435501784863e-03,1.817160001911213019e-01
-6.734423999999999966e-01,1.595301000000000080e+00,1.072572999999999999e+00,7.617589568886019152e-03,8.770958721369134792e-02
-6.742806000000000077e-01,1.595266000000000073e+00,1.073104000000000058e+00,7.515606429291102862e-03,0.000000000000000000e+00
-6.742806000000000077e-01,1.595266000000000073e+00,1.073104000000000058e+00,7.515606429291102862e-03,8.654905277251682960e-02
-6.751865999999999701e-01,1.595264000000000015e+00,1.073658000000000001e+00,7.286232068772021189e-03,1.976062002093323389e-01
-6.769475999999999827e-01,1.595363000000000087e+00,1.074705000000000021e+00,6.906536229543715211e-03,0.000000000000000000e+00
-6.769475999999999827e-01,1.595363000000000087e+00,1.074705000000000021e+00,6.906536229543715211e-03,8.445644859360422474e-02
-6.777773000000000270e-01,1.595337000000000005e+00,1.075180999999999942e+00,6.728433663193728910e-03,1.908910227179752839e-01
-6.793546999999999780e-01,1.595113000000000003e+00,1.076359000000000066e+00,6.455478312255426981e-03,0.000000000000000000e+00
-6.793546999999999780e-01,1.595113000000000003e+00,1.076359000000000066e+00,6.455478312255426981e-03,9.022295601456069292e-02
-6.799830999999999515e-01,1.595228000000000090e+00,1.077156999999999920e+00,6.591545297576186652e-03,7.832506462912004752e-02
-6.806602000000000485e-01,1.595172999999999952e+00,1.077728000000000019e+00,6.515260980190927705e-03,0.000000000000000000e+00
-6.806602000000000485e-01,1.595172999999999952e+00,1.077728000000000019e+00,6.515260980190927705e-03,2.518987632718003855e-01
-6.825721000000000149e-01,1.595580999999999916e+00,1.080122000000000027e+00,6.894374736696573525e-03,0.000000000000000000e+00
-6.825721000000000149e-01,1.595580999999999916e+00,1.080122000000000027e+00,6.894374736696573525e-03,2.128274812132971983e-01
-6.836801000000000128e-01,1.595782999999999952e+00,1.082025000000000015e+00,7.401097621299123838e-03,8.573597211248684680e-02
-6.840853999999999546e-01,1.595852999999999966e+00,1.082905000000000006e+00,7.691554374117117246e-03,0.000000000000000000e+00
-6.840853999999999546e-01,1.595852999999999966e+00,1.082905000000000006e+00,7.691554374117117246e-03,9.144276286794217334e-02
-6.845200000000000173e-01,1.595933999999999964e+00,1.083841999999999972e+00,8.022600631341391883e-03,1.706740513558274164e-01
-6.849389000000000172e-01,1.596219999999999972e+00,1.085707999999999895e+00,9.001674293707752003e-03,0.000000000000000000e+00
-6.849389000000000172e-01,1.596219999999999972e+00,1.085707999999999895e+00,9.001674293707752003e-03,9.383657869249495409e-02
-6.852009000000000016e-01,1.596559000000000061e+00,1.086681000000000008e+00,9.423876956433617502e-03,1.805519830594134456e-01
-6.860429999999999584e-01,1.596977000000000091e+00,1.088686999999999960e+00,1.012373603172264137e-02,0.000000000000000000e+00
-6.860429999999999584e-01,1.596977000000000091e+00,1.088686999999999960e+00,1.012373603172264137e-02,9.467264569988463607e-02
-6.864626000000000339e-01,1.597086999999999923e+00,1.089668000000000081e+00,1.047908809248207854e-02,9.612439383991926156e-02
-6.869477999999999973e-01,1.597204000000000068e+00,1.090635999999999939e+00,1.066946192129664302e-02,0.000000000000000000e+00
-6.869477999999999973e-01,1.597204000000000068e+00,1.090635999999999939e+00,1.066946192129664302e-02,2.005105340148642945e-01
-6.877761000000000013e-01,1.597280000000000033e+00,1.092750000000000110e+00,1.131053952912958876e-02,7.315586081602984403e-02
-6.880294999999999606e-01,1.597293999999999992e+00,1.093611000000000111e+00,1.165467987548352881e-02,2.008338588915325740e-01
-6.888826000000000116e-01,1.597590000000000066e+00,1.095277999999999974e+00,1.200669311217708937e-02,8.645384205340260475e-02
-6.893418000000000045e-01,1.597636000000000056e+00,1.096141999999999950e+00,1.209569581504100523e-02,0.000000000000000000e+00
-6.893418000000000045e-01,1.597636000000000056e+00,1.096141999999999950e+00,1.209569581504100523e-02,2.081766543249752577e-01
-6.900910999999999573e-01,1.597912999999999917e+00,1.098152000000000017e+00,1.266449659481184986e-02,9.729817896557993451e-02
-6.904105999999999854e-01,1.597990000000000022e+00,1.099107000000000056e+00,1.297430503302592596e-02,0.000000000000000000e+00
-6.904105999999999854e-01,1.597990000000000022e+00,1.099107000000000056e+00,1.297430503302592596e-02,9.491292570070292145e-02
-6.907368000000000396e-01,1.598023999999999889e+00,1.100036999999999932e+00,1.318364205407588675e-02,1.702825520089022993e-01
-6.912827000000000277e-01,1.598168999999999951e+00,1.101879999999999971e+00,1.373685980455499091e-02,0.000000000000000000e+00
-6.912827000000000277e-01,1.598168999999999951e+00,1.101879999999999971e+00,1.373685980455499091e-02,8.383723662689981926e-02
-6.916594999999999827e-01,1.598173999999999984e+00,1.102751000000000037e+00,1.391151667684011398e-02,1.074148694826408679e-01
-6.919701000000000324e-01,1.598252000000000006e+00,1.103819000000000106e+00,1.418011487964748740e-02,0.000000000000000000e+00
-6.919701000000000324e-01,1.598252000000000006e+00,1.103819000000000106e+00,1.418011487964748740e-02,2.336403457535032313e-01
-6.925346999999999476e-01,1.598624000000000045e+00,1.106147999999999909e+00,1.493851921342946240e-02,1.082395800495050964e-01
-6.927084999999999493e-01,1.598780000000000090e+00,1.107247000000000092e+00,1.535435050694114976e-02,1.762565933254349182e-01
-6.930260999999999783e-01,1.598964999999999970e+00,1.109380000000000033e+00,1.612515434840862405e-02,1.079727927130359616e-01
-6.932650000000000201e-01,1.599104999999999999e+00,1.110465999999999953e+00,1.645988326963467030e-02,0.000000000000000000e+00
-6.932650000000000201e-01,1.599104999999999999e+00,1.110465999999999953e+00,1.645988326963467030e-02,1.985845923667317048e-01
-6.937546999999999464e-01,1.599170999999999898e+00,1.112660999999999900e+00,1.704135898336751193e-02,1.175385623496954524e-01
-6.940994000000000330e-01,1.599366000000000065e+00,1.113815000000000000e+00,1.725067106781646292e-02,0.000000000000000000e+00
-6.940994000000000330e-01,1.599366000000000065e+00,1.113815000000000000e+00,1.725067106781646292e-02,1.148513921177578279e-01
-6.945071000000000438e-01,1.599474000000000062e+00,1.115045999999999982e+00,1.743160288097452340e-02,2.470951888640131044e-01
-6.952114000000000349e-01,1.599676000000000098e+00,1.117504000000000053e+00,1.784820776464682290e-02,0.000000000000000000e+00
-6.952114000000000349e-01,1.599676000000000098e+00,1.117504000000000053e+00,1.784820776464682290e-02,1.044750450452674728e-01
-6.956634999999999902e-01,1.599827000000000110e+00,1.118694000000000077e+00,1.793138601028941223e-02,0.000000000000000000e+00
-6.956634999999999902e-01,1.599827000000000110e+00,1.118694000000000077e+00,1.793138601028941223e-02,2.130366652837917263e-01
-6.961943999999999910e-01,1.599955000000000016e+00,1.120838999999999919e+00,1.828672029780082156e-02,9.387559974011992769e-02
-6.963057999999999748e-01,1.600030000000000063e+00,1.121982999999999953e+00,1.863025868338920310e-02,2.484151608048224547e-01
-6.966965000000000519e-01,1.600201999999999902e+00,1.124525999999999915e+00,1.918003120435412753e-02,1.043600898949818556e-01
-6.967721000000000053e-01,1.600330000000000030e+00,1.125699000000000005e+00,1.953826679237442160e-02,0.000000000000000000e+00
-6.967721000000000053e-01,1.600330000000000030e+00,1.125699000000000005e+00,1.953826679237442160e-02,1.055134859517074253e-01
-6.967607000000000106e-01,1.600462999999999969e+00,1.126886999999999972e+00,1.994822271807691894e-02,2.140317913233486524e-01
-6.966771999999999965e-01,1.600821000000000049e+00,1.129078000000000026e+00,2.077172576942038287e-02,0.000000000000000000e+00
-6.966771999999999965e-01,1.600821000000000049e+00,1.129078000000000026e+00,2.077172576942038287e-02,9.520942929291485723e-02
-6.965902000000000482e-01,1.600889999999999924e+00,1.130150999999999906e+00,2.117295953828843974e-02,2.343592965239027215e-01
-6.964316000000000395e-01,1.601253999999999955e+00,1.132551000000000085e+00,2.206025172113860316e-02,0.000000000000000000e+00
-6.964316000000000395e-01,1.601253999999999955e+00,1.132551000000000085e+00,2.206025172113860316e-02,1.140018022464046460e-01
-6.962043999999999455e-01,1.601448999999999900e+00,1.133696999999999955e+00,2.261617808140886990e-02,1.808690495685848498e-01
-6.960043999999999675e-01,1.601852999999999971e+00,1.135869999999999935e+00,2.341502873989268624e-02,0.000000000000000000e+00
-6.960043999999999675e-01,1.601852999999999971e+00,1.135869999999999935e+00,2.341502873989268624e-02,1.110913761528320720e-01
-6.958691999999999656e-01,1.601982000000000017e+00,1.137008999999999936e+00,2.385469601587920929e-02,1.062565884220945112e-01
-6.959007000000000387e-01,1.602116000000000096e+00,1.138204999999999911e+00,2.410140390018806339e-02,0.000000000000000000e+00
-6.959007000000000387e-01,1.602116000000000096e+00,1.138204999999999911e+00,2.410140390018806339e-02,3.232680183923222206e-01
-6.960634999999999462e-01,1.602675000000000072e+00,1.141820999999999975e+00,2.477326745929983240e-02,0.000000000000000000e+00
-6.960634999999999462e-01,1.602675000000000072e+00,1.141820999999999975e+00,2.477326745929983240e-02,9.788286646851797335e-02
-6.960861999999999883e-01,1.602843000000000018e+00,1.143010000000000081e+00,2.499040557514024125e-02,1.991696836196633624e-01
-6.964301999999999992e-01,1.603050000000000086e+00,1.145038000000000000e+00,2.502430017023457576e-02,0.000000000000000000e+00
-6.964301999999999992e-01,1.603050000000000086e+00,1.145038000000000000e+00,2.502430017023457576e-02,9.127378931901061754e-02
-6.964443000000000161e-01,1.603151999999999910e+00,1.146066999999999947e+00,2.518949088191334978e-02,2.215701194547801400e-01
-6.965784999999999894e-01,1.603375999999999912e+00,1.148352000000000039e+00,2.539264028197932635e-02,0.000000000000000000e+00
-6.965784999999999894e-01,1.603375999999999912e+00,1.148352000000000039e+00,2.539264028197932635e-02,9.658216183551568412e-02
-6.966293000000000069e-01,1.603458000000000050e+00,1.149442000000000075e+00,2.549517776286325949e-02,1.909832491806564558e-01
-6.967041000000000484e-01,1.603612999999999955e+00,1.151599000000000039e+00,2.565594670344470071e-02,0.000000000000000000e+00
-6.967041000000000484e-01,1.603612999999999955e+00,1.151599000000000039e+00,2.565594670344470071e-02,8.474790674752309683e-02
-6.966921999999999837e-01,1.603652999999999995e+00,1.152638000000000051e+00,2.577650810641345797e-02,1.014890045202541669e-01
-6.966200000000000170e-01,1.603717999999999977e+00,1.153688000000000047e+00,2.592278582174380175e-02,0.000000000000000000e+00
-6.966200000000000170e-01,1.603717999999999977e+00,1.153688000000000047e+00,2.592278582174380175e-02,3.011607778508806343e-01
-6.966278999999999666e-01,1.604006000000000043e+00,1.157372000000000067e+00,2.615399571174547785e-02,0.000000000000000000e+00
-6.966278999999999666e-01,1.604006000000000043e+00,1.157372000000000067e+00,2.615399571174547785e-02,2.248250787344475699e-01
-6.967282000000000197e-01,1.604009999999999936e+00,1.159915000000000029e+00,2.611703960329339949e-02,1.162433489804862441e-01
-6.967006000000000032e-01,1.604077999999999893e+00,1.161229999999999984e+00,2.616128300676395443e-02,0.000000000000000000e+00
-6.967006000000000032e-01,1.604077999999999893e+00,1.161229999999999984e+00,2.616128300676395443e-02,1.269222189921274668e-01
-6.967301000000000188e-01,1.604131999999999891e+00,1.162546000000000079e+00,2.611589409459299377e-02,2.361889655282000955e-01
-6.964048999999999934e-01,1.604646000000000017e+00,1.165151999999999965e+00,2.643374140298719935e-02,0.000000000000000000e+00
-6.964048999999999934e-01,1.604646000000000017e+00,1.165151999999999965e+00,2.643374140298719935e-02,1.188672264720849747e-01
-6.961367000000000527e-01,1.604673999999999934e+00,1.166355999999999948e+00,2.664901731846778393e-02,1.115050154713706915e-01
-6.960758999999999697e-01,1.604829000000000061e+00,1.167713999999999919e+00,2.663656991506230254e-02,0.000000000000000000e+00
-6.960758999999999697e-01,1.604829000000000061e+00,1.167713999999999919e+00,2.663656991506230254e-02,2.093604475138061694e-01
-6.956413000000000180e-01,1.605021000000000031e+00,1.170037999999999911e+00,2.691160479588689675e-02,1.039561963176083570e-01
-6.957672000000000301e-01,1.605034999999999989e+00,1.171208999999999945e+00,2.666613631855956415e-02,0.000000000000000000e+00
-6.957672000000000301e-01,1.605034999999999989e+00,1.171208999999999945e+00,2.666613631855956415e-02,2.148930810076484510e-01
-6.959300000000000486e-01,1.605315999999999965e+00,1.173621999999999943e+00,2.626634340063340595e-02,1.138279834052393774e-01
-6.961794000000000038e-01,1.605461000000000027e+00,1.174879000000000007e+00,2.587280311369451191e-02,2.234269217538892571e-01
-6.964118000000000253e-01,1.605815999999999910e+00,1.177159000000000066e+00,2.534984316637874102e-02,9.255968378605179681e-02
-6.964346999999999621e-01,1.605847000000000024e+00,1.178207000000000004e+00,2.515030271567329084e-02,0.000000000000000000e+00
-6.964346999999999621e-01,1.605847000000000024e+00,1.178207000000000004e+00,2.515030271567329084e-02,8.652259338595433280e-02
-6.964078000000000213e-01,1.605836999999999959e+00,1.179186000000000067e+00,2.499880064343089348e-02,1.930486442626407062e-01
-6.964645000000000419e-01,1.605836000000000041e+00,1.181191000000000102e+00,2.455499046813084882e-02,0.000000000000000000e+00
-6.964645000000000419e-01,1.605836000000000041e+00,1.181191000000000102e+00,2.455499046813084882e-02,1.074546301795236830e-01
-6.964839000000000446e-01,1.605814999999999992e+00,1.182306000000000079e+00,2.431913723880839429e-02,2.132417158119117861e-01
-6.967022000000000492e-01,1.605842999999999909e+00,1.184711999999999987e+00,2.355988449228892459e-02,0.000000000000000000e+00
-6.967022000000000492e-01,1.605842999999999909e+00,1.184711999999999987e+00,2.355988449228892459e-02,1.311178426863741642e-01
-6.964974000000000443e-01,1.605779000000000067e+00,1.186055999999999999e+00,2.343702595659269070e-02,1.170358327045582930e-01
-6.967415999999999610e-01,1.605809000000000042e+00,1.187359000000000053e+00,2.286987147777622478e-02,0.000000000000000000e+00
-6.967415999999999610e-01,1.605809000000000042e+00,1.187359000000000053e+00,2.286987147777622478e-02,5.426205258569091194e-01
-6.915831999999999535e-01,1.604151000000000105e+00,1.190263999999999989e+00,2.689265854113356141e-02,0.000000000000000000e+00
-6.915831999999999535e-01,1.604151000000000105e+00,1.190263999999999989e+00,2.689265854113356141e-02,2.301699632053789690e-01
-6.914310000000000178e-01,1.604128999999999916e+00,1.193084000000000033e+00,2.616788652929384965e-02,1.410703696111443584e-01
-6.912000000000000366e-01,1.604163999999999923e+00,1.194531000000000009e+00,2.591556760115430041e-02,0.000000000000000000e+00
-6.912000000000000366e-01,1.604163999999999923e+00,1.194531000000000009e+00,2.591556760115430041e-02,1.326048614315888108e-01
-6.915006999999999682e-01,1.604314000000000018e+00,1.195994000000000002e+00,2.514646569679325483e-02,2.619770433757613315e-01
-6.910686000000000329e-01,1.604429000000000105e+00,1.198679000000000050e+00,2.459805209442396043e-02,0.000000000000000000e+00
-6.910686000000000329e-01,1.604429000000000105e+00,1.198679000000000050e+00,2.459805209442396043e-02,1.307209244198846154e-01
-6.913753000000000259e-01,1.604570999999999970e+00,1.200120999999999993e+00,2.377109057426688224e-02,2.367010751021654813e-01
-6.908777000000000390e-01,1.604532999999999987e+00,1.202755999999999936e+00,2.321543666959549612e-02,0.000000000000000000e+00
-6.908777000000000390e-01,1.604532999999999987e+00,1.202755999999999936e+00,2.321543666959549612e-02,1.179757624248721631e-01
-6.908206999999999542e-01,1.604613999999999985e+00,1.204088999999999965e+00,2.270899153110955693e-02,2.653848140228765029e-01
-6.905369999999999564e-01,1.604592999999999936e+00,1.206828999999999930e+00,2.181566376803607127e-02,0.000000000000000000e+00
-6.905369999999999564e-01,1.604592999999999936e+00,1.206828999999999930e+00,2.181566376803607127e-02,1.145521522750160837e-01
-6.905303000000000413e-01,1.604632000000000058e+00,1.208234000000000030e+00,2.119540912108083472e-02,2.676542289299184141e-01
-6.901926999999999923e-01,1.604573000000000027e+00,1.210990999999999929e+00,2.023830933057406412e-02,1.166107711155752319e-01
-6.900557999999999970e-01,1.604589000000000043e+00,1.212304999999999966e+00,1.974595308132783000e-02,0.000000000000000000e+00
-6.900557999999999970e-01,1.604589000000000043e+00,1.212304999999999966e+00,1.974595308132783000e-02,1.181033996745805698e-01
-6.896626999999999619e-01,1.604521000000000086e+00,1.213581000000000021e+00,1.946416543291799167e-02,2.369045629282640342e-01
-6.891220000000000123e-01,1.604479999999999906e+00,1.215981999999999896e+00,1.875865051356311389e-02,0.000000000000000000e+00
-6.891220000000000123e-01,1.604479999999999906e+00,1.215981999999999896e+00,1.875865051356311389e-02,1.320673155459172188e-01
-6.885537999999999936e-01,1.604541999999999913e+00,1.217227999999999977e+00,1.859430484960386196e-02,2.915500439292019186e-01
-6.866934000000000093e-01,1.604486000000000079e+00,1.219618000000000091e+00,1.892589595263585375e-02,1.094265365116227490e-01
-6.861711000000000338e-01,1.604670999999999959e+00,1.220841000000000065e+00,1.869472417983208609e-02,0.000000000000000000e+00
-6.861711000000000338e-01,1.604670999999999959e+00,1.220841000000000065e+00,1.869472417983208609e-02,1.199983523320819756e-01
-6.856594000000000300e-01,1.604937999999999976e+00,1.222072000000000047e+00,1.839981109278029589e-02,0.000000000000000000e+00
-6.856594000000000300e-01,1.604937999999999976e+00,1.222072000000000047e+00,1.839981109278029589e-02,2.370900445348021468e-01
-6.850429000000000102e-01,1.605294999999999916e+00,1.224661999999999917e+00,1.743061286931714762e-02,1.270380107185720697e-01
-6.847784999999999567e-01,1.605561999999999934e+00,1.225926000000000071e+00,1.686477089230679210e-02,2.677848549055434346e-01
-6.845206999999999820e-01,1.606103999999999976e+00,1.228900000000000103e+00,1.528752221388406628e-02,1.337011356338119461e-01
-6.842479999999999674e-01,1.606392000000000042e+00,1.230361999999999956e+00,1.456685183867810138e-02,1.535123913341133184e-01
-6.840986999999999485e-01,1.606613000000000069e+00,1.231932999999999945e+00,1.369549522142233904e-02,0.000000000000000000e+00
-6.840986999999999485e-01,1.606613000000000069e+00,1.231932999999999945e+00,1.369549522142233904e-02,2.997631799363332794e-01
-6.834698000000000162e-01,1.607083000000000039e+00,1.234947000000000017e+00,1.224748417267804840e-02,0.000000000000000000e+00
-6.834698000000000162e-01,1.607083000000000039e+00,1.234947000000000017e+00,1.224748417267804840e-02,1.377656612031172012e-01
-6.829359999999999875e-01,1.607420000000000071e+00,1.236372999999999944e+00,1.170229209343193535e-02,2.423408428032826079e-01
-6.820418999999999787e-01,1.607806000000000068e+00,1.238695000000000102e+00,1.082434182802802757e-02,0.000000000000000000e+00
-6.820418999999999787e-01,1.607806000000000068e+00,1.238695000000000102e+00,1.082434182802802757e-02,1.141306654293571254e-01
-6.814634999999999998e-01,1.607952000000000048e+00,1.239840999999999971e+00,1.047362765664326331e-02,1.301136995352925319e-01
-6.809539999999999482e-01,1.608192000000000066e+00,1.241069999999999895e+00,1.003178049201656694e-02,0.000000000000000000e+00
-6.809539999999999482e-01,1.608192000000000066e+00,1.241069999999999895e+00,1.003178049201656694e-02,2.321271849186206104e-01
-6.799705000000000332e-01,1.608597999999999972e+00,1.243711999999999929e+00,8.877147256297986469e-03,1.351834369028777627e-01
-6.794776999999999623e-01,1.608881000000000006e+00,1.244995000000000074e+00,8.333262806968118330e-03,0.000000000000000000e+00
-6.794776999999999623e-01,1.608881000000000006e+00,1.244995000000000074e+00,8.333262806968118330e-03,3.131295206686141031e-01
-6.777784999999999505e-01,1.609380999999999950e+00,1.248069000000000095e+00,7.269001148025764150e-03,0.000000000000000000e+00
-6.777784999999999505e-01,1.609380999999999950e+00,1.248069000000000095e+00,7.269001148025764150e-03,1.112105838135476060e-01
-6.772635000000000183e-01,1.609572000000000003e+00,1.249203000000000063e+00,6.860446498588695582e-03,2.253597031112958282e-01
-6.758113000000000037e-01,1.610209999999999919e+00,1.251468000000000025e+00,6.157766458708855903e-03,1.354999431277063293e-01
-6.752536000000000094e-01,1.610546000000000033e+00,1.252569000000000043e+00,5.805331085304239747e-03,0.000000000000000000e+00
-6.752536000000000094e-01,1.610546000000000033e+00,1.252569000000000043e+00,5.805331085304239747e-03,2.146542283859001754e-01
-6.737545000000000339e-01,1.611102999999999952e+00,1.254658999999999969e+00,5.312177697517309061e-03,1.186664106452257061e-01
-6.730787999999999771e-01,1.611418000000000017e+00,1.255641000000000007e+00,5.025407024311626461e-03,0.000000000000000000e+00
-6.730787999999999771e-01,1.611418000000000017e+00,1.255641000000000007e+00,5.025407024311626461e-03,8.929244235450725653e-02
-6.725299000000000138e-01,1.611734000000000000e+00,1.256534999999999958e+00,4.866806633717958748e-03,0.000000000000000000e+00
-6.725299000000000138e-01,1.611734000000000000e+00,1.256534999999999958e+00,4.866806633717958748e-03,2.133108669321285289e-01
-6.713295000000000234e-01,1.612162000000000095e+00,1.258585999999999983e+00,4.251247441634034563e-03,1.030635995525933241e-01
-6.706436000000000064e-01,1.612424000000000079e+00,1.259493999999999891e+00,4.092953456857320073e-03,0.000000000000000000e+00
-6.706436000000000064e-01,1.612424000000000079e+00,1.259493999999999891e+00,4.092953456857320073e-03,2.980396060171914274e-01
-6.685311999999999921e-01,1.613202000000000025e+00,1.262002999999999986e+00,3.992318976484884180e-03,0.000000000000000000e+00
-6.685311999999999921e-01,1.613202000000000025e+00,1.262002999999999986e+00,3.992318976484884180e-03,2.140433828516040415e-01
-6.671896000000000493e-01,1.613639999999999963e+00,1.263449000000000044e+00,4.056520854131016873e-03,9.077681677255698689e-02
-6.664118999999999460e-01,1.613850000000000007e+00,1.264086999999999961e+00,4.059402942552066060e-03,0.000000000000000000e+00
-6.664118999999999460e-01,1.613850000000000007e+00,1.264086999999999961e+00,4.059402942552066060e-03,9.890246371673350190e-02
-6.654951999999999535e-01,1.613882999999999956e+00,1.264548000000000005e+00,4.161314586762242251e-03,1.627990978663710342e-01
-6.640011999999999581e-01,1.614093999999999918e+00,1.265608999999999984e+00,4.187585400920198694e-03,0.000000000000000000e+00
-6.640011999999999581e-01,1.614093999999999918e+00,1.265608999999999984e+00,4.187585400920198694e-03,8.954990221759359659e-02
-6.633291000000000048e-01,1.614236999999999922e+00,1.266234999999999999e+00,4.089104230757628806e-03,1.640291809054205130e-01
-6.619234000000000506e-01,1.614424999999999999e+00,1.267436000000000007e+00,4.067248211014317001e-03,0.000000000000000000e+00
-6.619234000000000506e-01,1.614424999999999999e+00,1.267436000000000007e+00,4.067248211014317001e-03,8.737073495913014187e-02
-6.612818000000000307e-01,1.614297000000000093e+00,1.268159000000000036e+00,3.753271358428515031e-03,1.953515374826554629e-01
-6.596568000000000431e-01,1.614135000000000097e+00,1.269360999999999962e+00,3.380583264763785487e-03,0.000000000000000000e+00
-6.596568000000000431e-01,1.614135000000000097e+00,1.269360999999999962e+00,3.380583264763785487e-03,1.019065665603567233e-01
-6.588192000000000492e-01,1.614098999999999950e+00,1.270005999999999968e+00,3.392078572203266734e-03,8.832583819454217777e-02
-6.579663999999999513e-01,1.613976000000000077e+00,1.270515000000000061e+00,3.029083650215189105e-03,1.859306846592251317e-01
-6.561808999999999559e-01,1.613799999999999901e+00,1.271619000000000055e+00,2.674839105441563936e-03,1.018078125993124722e-01
-6.554073999999999733e-01,1.613669000000000020e+00,1.272326999999999986e+00,2.579288252599997236e-03,0.000000000000000000e+00
-6.554073999999999733e-01,1.613669000000000020e+00,1.272326999999999986e+00,2.579288252599997236e-03,1.004379053730000138e-01
-6.543900999999999746e-01,1.613609000000000071e+00,1.273020000000000040e+00,2.275039990857475030e-03,2.160233717477946513e-01
-6.530177999999999816e-01,1.613374000000000086e+00,1.274510000000000032e+00,2.071962791654375410e-03,0.000000000000000000e+00
-6.530177999999999816e-01,1.613374000000000086e+00,1.274510000000000032e+00,2.071962791654375410e-03,8.019252316987475482e-02
-6.522736999999999563e-01,1.613304000000000071e+00,1.275150000000000006e+00,2.069514010583185532e-03,1.886105236603497493e-01
-6.505933000000000410e-01,1.613159000000000010e+00,1.276143999999999945e+00,1.882915890314807968e-03,0.000000000000000000e+00
-6.505933000000000410e-01,1.613159000000000010e+00,1.276143999999999945e+00,1.882915890314807968e-03,8.395619031472885407e-02
-6.497165999999999775e-01,1.613045000000000062e+00,1.276494999999999935e+00,1.983266457135866509e-03,1.615025564690385218e-01
-6.484012999999999582e-01,1.612991000000000064e+00,1.277533000000000030e+00,1.981369791331373011e-03,0.000000000000000000e+00
-6.484012999999999582e-01,1.612991000000000064e+00,1.277533000000000030e+00,1.981369791331373011e-03,1.368930105352813009e-01
-6.469882000000000133e-01,1.612994000000000039e+00,1.278440999999999939e+00,2.071781332573430136e-03,0.000000000000000000e+00
-6.469882000000000133e-01,1.612994000000000039e+00,1.278440999999999939e+00,2.071781332573430136e-03,1.482861901614130617e-01
-6.456347000000000058e-01,1.612967000000000040e+00,1.279436000000000018e+00,2.448382733560983040e-03,7.526606173309598191e-02
-6.450013999999999470e-01,1.613108999999999904e+00,1.280092999999999925e+00,2.776563206555662886e-03,0.000000000000000000e+00
-6.450013999999999470e-01,1.613108999999999904e+00,1.280092999999999925e+00,2.776563206555662886e-03,1.444954728741084660e-01
-6.438363000000000280e-01,1.613275000000000015e+00,1.281228999999999951e+00,3.416335945131875919e-03,7.538543584198076353e-02
-6.431679999999999620e-01,1.613426000000000027e+00,1.281738999999999962e+00,3.660712138368701039e-03,0.000000000000000000e+00
-6.431679999999999620e-01,1.613426000000000027e+00,1.281738999999999962e+00,3.660712138368701039e-03,6.790263771463213305e-02
-6.425077999999999623e-01,1.613402999999999921e+00,1.282132000000000049e+00,3.912954080998183592e-03,1.359530297041006697e-01
-6.410862999999999978e-01,1.613587000000000105e+00,1.282988000000000017e+00,4.114926902145440470e-03,0.000000000000000000e+00
-6.410862999999999978e-01,1.613587000000000105e+00,1.282988000000000017e+00,4.114926902145440470e-03,7.259577643005930836e-02
-6.403841999999999590e-01,1.613795000000000091e+00,1.283360999999999974e+00,4.339136877306391978e-03,1.302996841245641635e-01
-6.390061000000000213e-01,1.614217000000000013e+00,1.284056000000000086e+00,4.575596880189648948e-03,0.000000000000000000e+00
-6.390061000000000213e-01,1.614217000000000013e+00,1.284056000000000086e+00,4.575596880189648948e-03,6.488778838271276606e-02
-6.383564000000000460e-01,1.614428999999999892e+00,1.284326999999999996e+00,4.728740470780684775e-03,6.351236791034861606e-02
-6.377087000000000172e-01,1.614573999999999954e+00,1.284604999999999997e+00,4.738786153647273763e-03,1.511509588595898457e-01
-6.363172999999999746e-01,1.614857999999999905e+00,1.285271999999999970e+00,5.082422895627550057e-03,7.737263641989303165e-02
-6.355112000000000538e-01,1.615108999999999906e+00,1.285508000000000095e+00,5.066347615393214376e-03,0.000000000000000000e+00
-6.355112000000000538e-01,1.615108999999999906e+00,1.285508000000000095e+00,5.066347615393214376e-03,1.366683920229276594e-01
-6.341822000000000292e-01,1.615490000000000093e+00,1.285825999999999913e+00,5.206390904455767202e-03,0.000000000000000000e+00
-6.341822000000000292e-01,1.615490000000000093e+00,1.285825999999999913e+00,5.206390904455767202e-03,5.652121948409040419e-02
-6.335425000000000084e-01,1.615696999999999939e+00,1.285995999999999917e+00,5.193415142273817564e-03,1.617178840366062242e-01
-6.320974999999999788e-01,1.616141000000000050e+00,1.286208999999999936e+00,5.304655691937044254e-03,6.765897562373611451e-02
-6.313653000000000182e-01,1.616352999999999929e+00,1.286289999999999933e+00,5.209633412246916263e-03,0.000000000000000000e+00
-6.313653000000000182e-01,1.616352999999999929e+00,1.286289999999999933e+00,5.209633412246916263e-03,5.916610178432102352e-02
-6.307135000000000380e-01,1.616506999999999916e+00,1.286284999999999901e+00,5.138432524612835013e-03,1.041389587371465142e-01
-6.295815000000000161e-01,1.616795999999999900e+00,1.286450000000000093e+00,5.214646919015701945e-03,0.000000000000000000e+00
-6.295815000000000161e-01,1.616795999999999900e+00,1.286450000000000093e+00,5.214646919015701945e-03,6.519647554122237620e-02
-6.289253000000000204e-01,1.616937999999999986e+00,1.286364999999999981e+00,5.046052640430902410e-03,5.313182518271935412e-02
-6.283522000000000274e-01,1.617121000000000031e+00,1.286386000000000029e+00,5.077840678871316064e-03,1.307903510607094089e-01
-6.267688000000000148e-01,1.617329000000000017e+00,1.286543999999999910e+00,4.984266867855209789e-03,8.713115593297317274e-02
-6.260029999999999761e-01,1.617615999999999943e+00,1.286631999999999998e+00,5.129549259925181813e-03,0.000000000000000000e+00
-6.260029999999999761e-01,1.617615999999999943e+00,1.286631999999999998e+00,5.129549259925181813e-03,1.180807418217497406e-01
-6.246277999999999553e-01,1.617896000000000001e+00,1.286991999999999914e+00,5.276764633750438173e-03,5.345296940918099066e-02
-6.241529000000000105e-01,1.618011000000000088e+00,1.287255999999999956e+00,5.443554207500874743e-03,0.000000000000000000e+00
-6.241529000000000105e-01,1.618011000000000088e+00,1.287255999999999956e+00,5.443554207500874743e-03,5.453465466057286215e-02
-6.235905000000000475e-01,1.618063999999999947e+00,1.287504999999999900e+00,5.600602832731389584e-03,1.108461236422927099e-01
-6.226059999999999928e-01,1.618158999999999903e+00,1.288094999999999990e+00,5.810356306630354815e-03,0.000000000000000000e+00
-6.226059999999999928e-01,1.618158999999999903e+00,1.288094999999999990e+00,5.810356306630354815e-03,5.134514851162065574e-02
-6.221179999999999488e-01,1.618192000000000075e+00,1.288408999999999915e+00,5.960928770753753242e-03,1.162226635042099415e-01
-6.209961999999999982e-01,1.618257999999999974e+00,1.288850999999999969e+00,6.158827623013923835e-03,0.000000000000000000e+00
-6.209961999999999982e-01,1.618257999999999974e+00,1.288850999999999969e+00,6.158827623013923835e-03,4.134103041104086884e-02
-6.205568000000000195e-01,1.618298000000000014e+00,1.289007000000000014e+00,6.179906440230313776e-03,3.894450122177937207e-02
-6.201664999999999539e-01,1.618403000000000036e+00,1.289184000000000108e+00,6.302423863879754763e-03,6.451588945125862062e-02
-6.195182999999999662e-01,1.618317999999999923e+00,1.289511000000000074e+00,6.421500569181617761e-03,4.072111333464276811e-02
-6.190611999999999782e-01,1.618292000000000064e+00,1.289568000000000048e+00,6.404608696868402395e-03,0.000000000000000000e+00
-6.190611999999999782e-01,1.618292000000000064e+00,1.289568000000000048e+00,6.404608696868402395e-03,9.015238833484096048e-02
-6.181269000000000347e-01,1.618320999999999898e+00,1.289508000000000099e+00,6.144560056668148772e-03,3.908027068261960696e-02
-6.177224999999999522e-01,1.618195000000000050e+00,1.289379000000000053e+00,5.905923501875236237e-03,0.000000000000000000e+00
-6.177224999999999522e-01,1.618195000000000050e+00,1.289379000000000053e+00,5.905923501875236237e-03,3.468323181234251457e-02
-6.173667999999999934e-01,1.618082000000000020e+00,1.289255999999999958e+00,5.707559709718437735e-03,7.731911359646020943e-02
-6.166023999999999949e-01,1.617812000000000028e+00,1.288923999999999959e+00,5.228521512817942488e-03,0.000000000000000000e+00
-6.166023999999999949e-01,1.617812000000000028e+00,1.288923999999999959e+00,5.228521512817942488e-03,2.917771435210671574e-02
-6.163937999999999917e-01,1.617614000000000107e+00,1.288761000000000045e+00,4.921540926376730823e-03,4.821697681091280385e-02
-6.160948000000000535e-01,1.617240000000000011e+00,1.288497999999999921e+00,4.409699727872619379e-03,0.000000000000000000e+00
-6.160948000000000535e-01,1.617240000000000011e+00,1.288497999999999921e+00,4.409699727872619379e-03,3.228904992559032683e-02
-6.158614000000000033e-01,1.616943999999999937e+00,1.288375000000000048e+00,4.076629908392492320e-03,4.484017377937643545e-02
-6.156099000000000432e-01,1.616764000000000090e+00,1.288086000000000064e+00,3.690673916780106475e-03,7.148517431075780693e-02
-6.153273999999999688e-01,1.616298999999999930e+00,1.287487000000000048e+00,2.893816720181167316e-03,3.337780120456440569e-02
-6.152391000000000387e-01,1.615985999999999922e+00,1.287293999999999938e+00,2.541175389460493921e-03,0.000000000000000000e+00
-6.152391000000000387e-01,1.615985999999999922e+00,1.287293999999999938e+00,2.541175389460493921e-03,3.215775454862353916e-02
-6.150645999999999614e-01,1.615807999999999911e+00,1.287516000000000105e+00,2.611607016761979989e-03,3.142152832136071994e-02
-6.147432000000000452e-01,1.615668000000000104e+00,1.287577999999999889e+00,2.595977675173638099e-03,0.000000000000000000e+00
-6.147432000000000452e-01,1.615668000000000104e+00,1.287577999999999889e+00,2.595977675173638099e-03,1.151835752232786142e-02
-6.147181999999999924e-01,1.615550999999999959e+00,1.287619000000000069e+00,2.584903884093268153e-03,5.263411467034455338e-02
-6.142718999999999818e-01,1.615202999999999944e+00,1.287806999999999924e+00,2.708921106270877066e-03,0.000000000000000000e+00
-6.142718999999999818e-01,1.615202999999999944e+00,1.287806999999999924e+00,2.708921106270877066e-03,3.295876997918380236e-02
-6.139419000000000404e-01,1.615126000000000062e+00,1.287854000000000054e+00,2.671292600970687301e-03,7.244797429504297448e-02
-6.131296000000000523e-01,1.615175999999999945e+00,1.287960999999999911e+00,2.520985579093995305e-03,0.000000000000000000e+00
-6.131296000000000523e-01,1.615175999999999945e+00,1.287960999999999911e+00,2.520985579093995305e-03,2.911281545076465152e-02
-6.128139000000000225e-01,1.615213000000000010e+00,1.287873999999999963e+00,2.411212881518377642e-03,8.531479436337320588e-02
-6.119645000000000223e-01,1.615402000000000005e+00,1.287705000000000100e+00,2.416035976553475208e-03,3.239994818996242559e-02
-6.116165999999999547e-01,1.615593000000000057e+00,1.287681999999999993e+00,2.326668865567277627e-03,5.654684732087416482e-02
-6.111233000000000359e-01,1.615831000000000017e+00,1.287892999999999954e+00,2.425068155743278359e-03,0.000000000000000000e+00
-6.111233000000000359e-01,1.615831000000000017e+00,1.287892999999999954e+00,2.425068155743278359e-03,7.497377562920004568e-02
-6.104568999999999690e-01,1.616152999999999951e+00,1.287649999999999961e+00,2.308906892882430211e-03,0.000000000000000000e+00
-6.104568999999999690e-01,1.616152999999999951e+00,1.287649999999999961e+00,2.308906892882430211e-03,2.083758781715748520e-02
-6.102121000000000350e-01,1.616214999999999957e+00,1.287609999999999921e+00,2.335627573051802033e-03,6.788684010927843737e-02
-6.096825999999999635e-01,1.616562000000000054e+00,1.287921000000000094e+00,2.831946708538230374e-03,0.000000000000000000e+00
-6.096825999999999635e-01,1.616562000000000054e+00,1.287921000000000094e+00,2.831946708538230374e-03,2.373603960147482525e-02
-6.094521999999999995e-01,1.616602000000000094e+00,1.288094999999999990e+00,2.884228493029001705e-03,5.845225194691514720e-02
-6.089698999999999529e-01,1.616970000000000018e+00,1.288086000000000064e+00,2.967487032827676331e-03,0.000000000000000000e+00
-6.089698999999999529e-01,1.616970000000000018e+00,1.288086000000000064e+00,2.967487032827676331e-03,2.625382966462169732e-02
-6.087363000000000079e-01,1.617148999999999948e+00,1.287954999999999961e+00,2.964207956604891607e-03,2.932123009586274157e-02
-6.084355999999999653e-01,1.617148999999999948e+00,1.288002000000000091e+00,2.976153819949547107e-03,0.000000000000000000e+00
-6.084355999999999653e-01,1.617148999999999948e+00,1.288002000000000091e+00,2.976153819949547107e-03,1.006020191144312015e-01
-6.072689999999999477e-01,1.617547000000000068e+00,1.288067999999999991e+00,3.269453373272161300e-03,0.000000000000000000e+00
-6.072689999999999477e-01,1.617547000000000068e+00,1.288067999999999991e+00,3.269453373272161300e-03,4.812706717386273925e-02
-6.068499000000000532e-01,1.617515999999999954e+00,1.287797000000000081e+00,2.974779166593815444e-03,3.092031617939131061e-02
-6.064785000000000315e-01,1.617575999999999903e+00,1.287747999999999893e+00,2.940013471057513310e-03,0.000000000000000000e+00
-6.064785000000000315e-01,1.617575999999999903e+00,1.287747999999999893e+00,2.940013471057513310e-03,3.474526433708301221e-02
-6.060879000000000127e-01,1.617529999999999912e+00,1.287730999999999959e+00,2.883988538465412973e-03,2.953463696573748604e-02
-6.057761000000000395e-01,1.617418000000000022e+00,1.287778000000000089e+00,2.851423197282501164e-03,0.000000000000000000e+00
-6.057761000000000395e-01,1.617418000000000022e+00,1.287778000000000089e+00,2.851423197282501164e-03,4.982599509755954344e-03
-6.057875000000000343e-01,1.617369000000000057e+00,1.287789999999999990e+00,2.817955182397438758e-03,1.585120455600319556e-02
-6.058666999999999803e-01,1.617191999999999963e+00,1.287774999999999892e+00,2.659688592673939336e-03,0.000000000000000000e+00
-6.058666999999999803e-01,1.617191999999999963e+00,1.287774999999999892e+00,2.659688592673939336e-03,5.123460311730346217e-03
-6.058428000000000146e-01,1.617167999999999939e+00,1.287733999999999934e+00,2.618962435774880877e-03,9.594882290243177472e-03
-6.058717000000000130e-01,1.617183999999999955e+00,1.287620999999999905e+00,2.558984839736233932e-03,0.000000000000000000e+00
-6.058717000000000130e-01,1.617183999999999955e+00,1.287620999999999905e+00,2.558984839736233932e-03,8.138102201599630575e-03
-6.058778999999999693e-01,1.617126999999999981e+00,1.287549000000000055e+00,2.470393266263582344e-03,0.000000000000000000e+00
