-1.073391289999999998e+00,1.706147599999999986e+00,9.735395500000001423e-01,1.703156174244165044e-02,1.240882386232653872e-01
-1.073000600000000082e+00,1.704836789999999880e+00,9.729896799999999679e-01,1.675137302833705141e-02,1.191414333344236465e-01
-1.072774300000000069e+00,1.703791749999999938e+00,9.724197700000000166e-01,1.638958354740594620e-02,6.782298845894511874e-02
-1.072796489999999991e+00,1.703069459999999813e+00,9.719485300000000327e-01,1.603184323340899400e-02,7.008613701736779444e-02
-1.072592380000000123e+00,1.702498400000000078e+00,9.715916300000000394e-01,1.590319247035949096e-02,4.434959092371496686e-02
-1.072612730000000125e+00,1.702322169999999968e+00,9.711362299999999337e-01,1.553688616366536747e-02,3.118811109950704943e-02
-1.072747879999999876e+00,1.702184020000000020e+00,9.705872899999998804e-01,1.503201388114376764e-02,3.455988008538242451e-02
-1.072780370000000039e+00,1.702164829999999851e+00,9.704763699999999771e-01,1.492635696996087377e-02,4.376952999344042167e-02
-1.072870910000000011e+00,1.702080079999999995e+00,9.702912999999999677e-01,1.471897276118473187e-02,4.882324203880865354e-02
-1.073254259999999904e+00,1.701794140000000066e+00,9.699639700000000087e-01,1.423739529310402707e-02,3.932952826832974286e-02
-1.073461060000000078e+00,1.701550899999999977e+00,9.697223799999998839e-01,1.391928289295089362e-02,6.635138875648102785e-02
-1.073859689999999922e+00,1.701216119999999998e+00,9.691313400000000078e-01,1.320627276464106901e-02,6.610528829144807217e-02
-1.074368919999999950e+00,1.701205939999999917e+00,9.686105299999999696e-01,1.251726005030251269e-02,3.788055116246907134e-02
-1.074662830000000069e+00,1.701367539999999901e+00,9.683620099999999953e-01,1.217172287938723257e-02,7.238751481151947664e-02
-1.075167749999999867e+00,1.701958379999999993e+00,9.680164599999999675e-01,1.168304545529546233e-02,1.285276908151952169e-01
-1.075808469999999906e+00,1.703206730000000002e+00,9.678235200000000482e-01,1.098782802541985529e-02,1.006357506911947225e-01
-1.076179239999999870e+00,1.704161540000000086e+00,9.678446499999999730e-01,1.074512065412486575e-02,1.146793350142417539e-01
-1.076857549999999941e+00,1.705323960000000083e+00,9.676406400000000518e-01,1.027730894240811745e-02,1.520317616727625831e-01
-1.077978099999999939e+00,1.706552789999999931e+00,9.674374499999999211e-01,9.516535807561392335e-03,1.318030187236642337e-01
-1.078761379999999992e+00,1.707767650000000081e+00,9.672822200000000814e-01,8.891877961898731961e-03,1.380455795999124546e-01
-1.079709220000000025e+00,1.708898650000000075e+00,9.669125100000001138e-01,8.216353623293070826e-03,1.460609091505000179e-01
-1.080720090000000022e+00,1.710113449999999924e+00,9.666072299999999284e-01,7.486944158433267091e-03,1.482884740783470545e-01
-1.081669219999999987e+00,1.711401820000000074e+00,9.662688100000000890e-01,6.636822721219855226e-03,1.377360710934847909e-01
-1.082596129999999990e+00,1.712721229999999872e+00,9.660442399999999985e-01,6.232692442387893425e-03,1.562539540066201216e-01
-1.083522090000000215e+00,1.714150640000000170e+00,9.657904699999999565e-01,5.485302084169847367e-03,1.814920407410880177e-01
-1.084362920000000008e+00,1.715790949999999926e+00,9.656636200000000558e-01,4.990334410568098532e-03,1.391813019624110193e-01
-1.085182789999999953e+00,1.717225000000000001e+00,9.656887300000001062e-01,4.866141711150732095e-03,1.832591115644598700e-01
-1.086075600000000030e+00,1.719036439999999999e+00,9.656944200000000533e-01,4.269721239612798980e-03,2.209771364696634655e-01
-1.087087389999999987e+00,1.721045429999999987e+00,9.657196199999998898e-01,4.110253958504241599e-03,1.866963916915674038e-01
-1.088107570000000024e+00,1.723011779999999993e+00,9.656576900000000130e-01,3.546908241468925242e-03,1.772784821182194770e-01
-1.088959599999999917e+00,1.724752559999999990e+00,9.653983300000000822e-01,3.209468067219303517e-03,1.785755272225959533e-01
-1.089941650000000095e+00,1.726456519999999939e+00,9.653294000000000041e-01,2.684619645853024775e-03,1.515278275413193543e-01
-1.090824530000000125e+00,1.727856270000000194e+00,9.651734600000000386e-01,3.015948880766838869e-03,1.664109345464202250e-01
-1.091931479999999954e+00,1.729317109999999991e+00,9.651132900000000125e-01,2.430326568714535115e-03,1.519219811435963130e-01
-1.092742950000000102e+00,1.730781099999999961e+00,9.650351300000000743e-01,2.812444267430175109e-03,1.543738551982038187e-01
-1.093594610000000023e+00,1.732403440000000128e+00,9.650576899999999680e-01,2.416364697184522192e-03,1.830954263139206173e-01
-1.094609170000000020e+00,1.734149640000000048e+00,9.650524600000000008e-01,2.788398447514246238e-03,1.943000905400777412e-01
-1.095307399999999820e+00,1.735974930000000027e+00,9.653447499999999737e-01,2.388023833088672668e-03,1.635256219436569680e-01
-1.096206709999999918e+00,1.737693719999999997e+00,9.654136599999999513e-01,2.690963108647158753e-03,1.946199002029754266e-01
-1.097382810000000042e+00,1.739488780000000068e+00,9.654657300000000220e-01,2.662211583890253253e-03,1.835146759056276722e-01
-1.098294370000000075e+00,1.741290220000000000e+00,9.655828300000000031e-01,3.037680492448179958e-03,1.842139110150617376e-01
-1.099316059999999817e+00,1.743207830000000014e+00,9.656917399999999096e-01,2.736071436585502635e-03,2.261694450608177087e-01
-1.100439249999999980e+00,1.745217660000000004e+00,9.657084500000000515e-01,3.459735093992054398e-03,1.962147337766553257e-01
-1.101657520000000057e+00,1.747202099999999980e+00,9.657560100000001091e-01,3.107682735496123706e-03,1.985753988294482741e-01
-1.102939010000000053e+00,1.749176709999999968e+00,9.656009100000000345e-01,3.649363596615317566e-03,1.958744648998981819e-01
-1.104254730000000073e+00,1.750887699999999825e+00,9.655789000000000177e-01,3.953273055697203130e-03,1.625904744684516789e-01
-1.105173799999999984e+00,1.752567809999999948e+00,9.658183100000000687e-01,4.020501049894053408e-03,1.866233909753237108e-01
-1.106140509999999910e+00,1.754379590000000100e+00,9.659301199999998921e-01,3.986721269740207095e-03,1.880224349193032052e-01
-1.107145449999999975e+00,1.756346830000000026e+00,9.662608900000000389e-01,3.837541637493852714e-03,1.975349866618438532e-01
-1.107686819999999850e+00,1.758348880000000003e+00,9.669222100000000042e-01,3.376034314828325281e-03,1.948394711612308761e-01
-1.108337919999999865e+00,1.760315580000000102e+00,9.674938100000000096e-01,2.660472327031303610e-03,1.977656579228471712e-01
-1.109211119999999884e+00,1.762418050000000180e+00,9.680664399999999725e-01,2.828876127811050939e-03,2.087542391808690501e-01
-1.109904940000000062e+00,1.764489119999999911e+00,9.687885700000000710e-01,1.760903062323554164e-03,1.907491770983303081e-01
-1.110773320000000064e+00,1.766392980000000001e+00,9.689882899999999744e-01,2.429955628175096277e-03,1.442964387888421296e-01
-1.111735949999999917e+00,1.767808280000000121e+00,9.690822899999999018e-01,1.590149305253886090e-03,1.406728941610893846e-01
-1.112640070000000092e+00,1.769210420000000061e+00,9.691516799999999598e-01,2.179736795968819762e-03,1.483486181305630758e-01
-1.113392579999999965e+00,1.770516109999999976e+00,9.692228099999999902e-01,1.800442871240282797e-03,1.419535729908108501e-01
-1.114221910000000149e+00,1.771975389999999928e+00,9.693860000000000809e-01,1.601927641998955685e-03,1.496217023343718311e-01
-1.114966860000000004e+00,1.773581570000000163e+00,9.695256700000001171e-01,1.903193847562332673e-03,1.913901848797683602e-01
-1.115643000000000162e+00,1.775379889999999961e+00,9.698495599999998884e-01,9.393389269588915463e-04,1.727648364146169013e-01
-1.116229700000000102e+00,1.777285720000000069e+00,9.703282300000001248e-01,1.831870484859540521e-03,1.907798181259231507e-01
-1.116762699999999997e+00,1.779245280000000040e+00,9.708723899999999185e-01,1.365508138569646946e-03,1.784042106757857682e-01
-1.117400369999999921e+00,1.781082669999999979e+00,9.711714799999999759e-01,2.525680882098952675e-03,1.854787215347697971e-01
-1.118312809999999935e+00,1.782874370000000042e+00,9.715390600000000099e-01,2.157209259807732829e-03,1.529831650787754904e-01
-1.118954309999999897e+00,1.784545279999999901e+00,9.718458699999998895e-01,3.246370277617639973e-03,1.296990161529334162e-01
-1.119491210000000070e+00,1.785751309999999981e+00,9.718236500000000389e-01,2.856508355090217870e-03,1.138848776611645630e-01
-1.120178360000000151e+00,1.786908450000000093e+00,9.719628300000000554e-01,2.947858200965693988e-03,1.263252909303734517e-01
-1.120642240000000012e+00,1.788183199999999973e+00,9.722268900000000658e-01,3.806676711476952597e-03,1.217109112082593175e-01
-1.121154250000000019e+00,1.789411529999999972e+00,9.724037799999999399e-01,3.754633296581593328e-03,1.215551687350429205e-01
-1.121634039999999999e+00,1.790644769999999886e+00,9.726118400000001163e-01,4.057027717442838154e-03,1.013493085818000100e-01
-1.122053509999999976e+00,1.791662230000000022e+00,9.728021599999999713e-01,4.595166397269991564e-03,1.056973014301524488e-01
-1.122563709999999881e+00,1.792701979999999917e+00,9.729356100000000618e-01,4.805618498029358421e-03,1.054410572394641338e-01
-1.123319229999999891e+00,1.793575550000000129e+00,9.730627399999999261e-01,4.603914503007387228e-03,9.914070721874561343e-02
-1.124115909999999996e+00,1.794441240000000048e+00,9.730350300000000230e-01,4.570081314659671726e-03,1.300624508104157862e-01
-1.125061340000000021e+00,1.795364459999999829e+00,9.729521200000000869e-01,4.644453143869637333e-03,1.185026861313392271e-01
-1.125906429999999903e+00,1.796487769999999928e+00,9.729007800000000206e-01,4.270557912287416963e-03,1.314286454830680961e-01
-1.126781370000000004e+00,1.797622779999999976e+00,9.729480000000000350e-01,4.393227827611491908e-03,1.349159972061279855e-01
-1.127644139999999906e+00,1.798832170000000064e+00,9.730072400000000510e-01,4.637618892503093601e-03,1.289525697773017399e-01
-1.128480209999999984e+00,1.799980439999999904e+00,9.730505299999998581e-01,4.449400951880958660e-03,1.383217121023508078e-01
-1.129390459999999985e+00,1.801191489999999895e+00,9.732309199999998883e-01,4.794660342099184985e-03,1.519216683914719757e-01
-1.130522790000000111e+00,1.802423490000000017e+00,9.731772300000000042e-01,4.601658489838083947e-03,1.721475557135729584e-01
-1.131888669999999930e+00,1.803727569999999947e+00,9.733751200000000381e-01,4.533241213326303157e-03,1.352263263057484899e-01
-1.133036929999999831e+00,1.804846559999999878e+00,9.734510699999998629e-01,4.658373978911481764e-03,1.604047740564506774e-01
-1.134341320000000097e+00,1.805820680000000067e+00,9.733471000000000206e-01,4.061334088055259042e-03,1.697778646329574093e-01
-1.135956799999999989e+00,1.806752089999999811e+00,9.731752399999999970e-01,3.943841045693764757e-03,1.297581046221280565e-01
-1.137257909999999983e+00,1.807556299999999894e+00,9.729943800000000476e-01,3.211597778754396969e-03,1.466201980273271477e-01
-1.138675730000000108e+00,1.808257039999999982e+00,9.726635900000000223e-01,2.613483453668692669e-03,1.517869808384280927e-01
-1.140132880000000126e+00,1.808982399999999879e+00,9.722717199999999504e-01,2.631704718390657626e-03,1.644090345129673170e-01
-1.141696430000000095e+00,1.809833089999999922e+00,9.719337499999999297e-01,1.492191199377581202e-03,1.623947337197447494e-01
-1.143306659999999919e+00,1.810588469999999894e+00,9.717357500000000092e-01,2.101766471090412043e-03,1.713956801030081800e-01
-1.144912170000000007e+00,1.811573329999999871e+00,9.715738300000000827e-01,1.706260835482135323e-03,1.537437772956684046e-01
-1.146366810000000180e+00,1.812674960000000057e+00,9.716038399999998854e-01,2.192206390671283447e-03,1.640074086190821401e-01
-1.147724779999999889e+00,1.813640970000000019e+00,9.715025800000001155e-01,2.340659564674052884e-03,1.633380033185266589e-01
-1.149186679999999905e+00,1.814690660000000122e+00,9.714716600000000701e-01,2.396158550179771762e-03,1.445203843386064779e-01
-1.150604170000000037e+00,1.815656479999999906e+00,9.714440100000000244e-01,3.081279947586905779e-03,1.811295461985639732e-01
-1.152131989999999995e+00,1.816675950000000039e+00,9.712816400000000572e-01,2.888939110850205407e-03,1.538977566317137613e-01
-1.153657620000000161e+00,1.817666209999999838e+00,9.711118099999999087e-01,3.743210223938898528e-03,1.752462187283040929e-01
-1.155269639999999987e+00,1.818708280000000066e+00,9.708994900000000872e-01,3.508500804631495013e-03,1.707147292125030802e-01
-1.156806149999999977e+00,1.819796349999999840e+00,9.708697200000000471e-01,4.181444809799679009e-03,1.741157255625803424e-01
-1.158152810000000033e+00,1.821161000000000030e+00,9.709463499999999581e-01,3.767696805556319199e-03,1.832035294427625804e-01
-1.159545899999999907e+00,1.822603280000000048e+00,9.711963900000001315e-01,4.150905871794598190e-03,1.739754619443775741e-01
-1.160840419999999984e+00,1.824012320000000020e+00,9.713169300000000783e-01,3.709645714040689119e-03,1.725521209643616494e-01
-1.162264270000000099e+00,1.825260630000000051e+00,9.715086400000001454e-01,4.167656389315372092e-03,1.179818409172534860e-01
-1.163207579999999908e+00,1.826256979999999919e+00,9.717374699999999921e-01,4.038358444430190271e-03,1.346830883882174368e-01
-1.164262159999999824e+00,1.827133149999999873e+00,9.717351499999999920e-01,4.000230804666132789e-03,1.341072981426402466e-01
-1.165555590000000086e+00,1.828061039999999915e+00,9.717334900000000886e-01,4.593615145590808184e-03,1.468610367708883258e-01
-1.166847579999999995e+00,1.829034529999999936e+00,9.717818099999999681e-01,4.341987740355842014e-03,1.657820594029609240e-01
-1.168358940000000068e+00,1.830055299999999940e+00,9.716747499999999205e-01,4.716289683225642973e-03,1.534503329964710949e-01
-1.169794270000000136e+00,1.830912889999999793e+00,9.714118199999999259e-01,4.710680027490908063e-03,1.554116288695995551e-01
-1.171182970000000045e+00,1.831899660000000152e+00,9.712359500000000700e-01,4.791292731507848165e-03,1.543385855203197043e-01
-1.172505730000000135e+00,1.832968500000000001e+00,9.711590500000001347e-01,4.932221094537487735e-03,1.493783959457161692e-01
-1.173773359999999988e+00,1.834018310000000040e+00,9.711301999999999435e-01,4.769964503609928734e-03,1.493997244157494741e-01
-1.174887400000000026e+00,1.835280000000000022e+00,9.713805100000000303e-01,5.094890679504260507e-03,1.504518276144398703e-01
-1.176032879999999947e+00,1.836477879999999896e+00,9.714236800000000116e-01,4.644613046874869131e-03,1.334825787592233970e-01
-1.177102089999999990e+00,1.837483570000000066e+00,9.713092500000000129e-01,4.648105026298310349e-03,1.532135952753002350e-01
-1.178546910000000114e+00,1.838587699999999936e+00,9.712787800000001193e-01,4.711178126594403257e-03,1.693488839054248518e-01
-1.179990719999999937e+00,1.839495600000000008e+00,9.710393499999998568e-01,4.686375687127432646e-03,1.560391753437228024e-01
-1.181598420000000038e+00,1.840403940000000071e+00,9.708764899999998699e-01,5.022501882139791297e-03,1.636210515754681349e-01
-1.183073500000000111e+00,1.841439040000000027e+00,9.708140200000000553e-01,4.911968115735250440e-03,1.631307398001896336e-01
-1.184547710000000142e+00,1.842202210000000173e+00,9.707671200000000944e-01,5.500887437913942399e-03,1.516124394653333429e-01
-1.186013070000000003e+00,1.843246270000000075e+00,9.707311699999999766e-01,5.228079704700312920e-03,1.700148579755554612e-01
-1.187632829999999862e+00,1.844238409999999995e+00,9.704794500000000212e-01,5.570999280156018266e-03,1.882703210519682258e-01
-1.189232569999999933e+00,1.845289280000000032e+00,9.703805600000001697e-01,5.361625880542218205e-03,1.626183841382739526e-01
-1.190767979999999948e+00,1.846459090000000192e+00,9.703697899999998988e-01,5.644621067582602549e-03,1.777134058539547590e-01
-1.192299189999999953e+00,1.847672440000000194e+00,9.705059100000000827e-01,5.487035462050510182e-03,1.754114856107569509e-01
-1.193742089999999978e+00,1.848957020000000062e+00,9.706123100000000337e-01,5.714884905980236081e-03,1.527686895137999046e-01
-1.194985450000000116e+00,1.850087500000000107e+00,9.707137500000000419e-01,5.564394778859686232e-03,1.508587005132413505e-01
-1.196328200000000175e+00,1.851065870000000002e+00,9.707738099999999593e-01,5.712896191687860323e-03,1.510104872143250287e-01
-1.197865589999999925e+00,1.851681719999999975e+00,9.705965300000000129e-01,5.980064784548721341e-03,1.348109979185947993e-01
-1.199263230000000124e+00,1.852410550000000100e+00,9.703206300000000173e-01,5.812768496362105339e-03,1.807998983148944028e-01
-1.200932160000000026e+00,1.853061630000000015e+00,9.698983499999999092e-01,6.165644146802430094e-03,1.547691809483910386e-01
-1.202524710000000052e+00,1.853937909999999967e+00,9.696319699999998987e-01,5.857095661938547908e-03,1.539825862705701820e-01
-1.203844499999999984e+00,1.855003660000000165e+00,9.695898900000000653e-01,6.007527617722547945e-03,1.643487321517440869e-01
-1.205032109999999879e+00,1.856166500000000052e+00,9.697809700000000754e-01,5.875598254731187638e-03,1.482237645880217503e-01
-1.206310870000000035e+00,1.857182509999999898e+00,9.698051799999999334e-01,5.912628025793608202e-03,1.278010265581817073e-01
-1.207448850000000018e+00,1.858185600000000104e+00,9.698119800000000179e-01,6.073701703812856012e-03,1.249478578728681066e-01
-1.208564020000000072e+00,1.858993910000000138e+00,9.698610399999999521e-01,5.956504891469410062e-03,1.263149130034774692e-01
-1.209791010000000000e+00,1.859557899999999986e+00,9.695233199999999663e-01,5.942311603113718289e-03,1.111392394333132888e-01
-1.210913140000000165e+00,1.860175099999999970e+00,9.692020599999999764e-01,5.911423149225636040e-03,1.301194753940699278e-01
-1.212212419999999957e+00,1.860697360000000078e+00,9.688934500000000449e-01,5.664687794442025033e-03,1.406239865970193847e-01
-1.213511569999999873e+00,1.861245519999999987e+00,9.686546699999999399e-01,5.819986786600053405e-03,1.239821177333036428e-01
-1.214760269999999975e+00,1.861985420000000113e+00,9.684042499999999665e-01,5.708331941276597980e-03,1.584190980211911681e-01
-1.216158960000000011e+00,1.862718960000000035e+00,9.680858399999999753e-01,5.491130514456846363e-03,1.154289338554980032e-01
-1.217335839999999836e+00,1.863171869999999952e+00,9.679102699999999615e-01,5.786311443346090454e-03,9.441104438290544298e-02
-1.218319909999999950e+00,1.863643219999999934e+00,9.676547600000000582e-01,5.580807524731612457e-03,1.080330841990602142e-01
-1.219362630000000003e+00,1.864163320000000068e+00,9.674106599999998668e-01,5.383389570604993520e-03,1.300800430565604293e-01
-1.220448740000000143e+00,1.865041149999999925e+00,9.670814300000000197e-01,5.278393585836633692e-03,1.262522989889212355e-01
-1.221586350000000154e+00,1.865818189999999932e+00,9.668870700000000706e-01,5.089868387247556934e-03,1.311142402103221416e-01
-1.222789130000000002e+00,1.866618719999999954e+00,9.668995000000000228e-01,5.030243885270496013e-03,1.461824680904971197e-01
-1.224162390000000045e+00,1.867445079999999979e+00,9.667231199999999358e-01,5.319151730201028376e-03,1.317385264510476939e-01
-1.225507149999999879e+00,1.868220329999999985e+00,9.665338400000000885e-01,4.960466515661597804e-03,1.656269053075277720e-01
-1.226957450000000005e+00,1.869079069999999954e+00,9.664887899999998755e-01,5.149113058333293358e-03,1.550072762170247587e-01
-1.228451760000000004e+00,1.869902270000000089e+00,9.664035300000000106e-01,5.227539830493886999e-03,1.399632633146928318e-01
-1.229882009999999859e+00,1.870746440000000010e+00,9.663594099999999187e-01,5.234154183609705975e-03,1.365650770096693833e-01
-1.231097810000000070e+00,1.871419759999999988e+00,9.663249000000000422e-01,5.644046270513835943e-03,1.085943317991922147e-01
-1.232262679999999833e+00,1.871960990000000047e+00,9.662165499999999518e-01,5.434417093396385658e-03,1.145304602583287895e-01
-1.233388600000000057e+00,1.872526700000000099e+00,9.661441399999999291e-01,5.473391498842264564e-03,1.054809817294341118e-01
-1.234435280000000024e+00,1.873032739999999974e+00,9.660998700000000827e-01,5.784270166831795117e-03,1.329586096951793917e-01
-1.235773320000000064e+00,1.873625160000000012e+00,9.660255899999999896e-01,5.745794116751851491e-03,1.327490147914742458e-01
-1.237091179999999957e+00,1.874250530000000081e+00,9.658986499999999698e-01,5.763430073818846811e-03,1.407776114950509694e-01
-1.238520300000000018e+00,1.874833429999999801e+00,9.657418099999999228e-01,6.091148472907162437e-03,1.369243258875588731e-01
-1.239939780000000047e+00,1.875298230000000066e+00,9.655276999999999887e-01,5.829276118121305694e-03,1.149087915821201678e-01
-1.241192779999999996e+00,1.875822679999999965e+00,9.653915900000000772e-01,5.956111334662947572e-03,1.174344703679834345e-01
-1.242471660000000089e+00,1.876373859999999949e+00,9.654525299999999755e-01,6.323660162919827847e-03,1.618647303461002718e-01
-1.243932200000000154e+00,1.877131830000000168e+00,9.654064900000000060e-01,6.275535926835262672e-03,1.403900990669414706e-01
-1.245258320000000030e+00,1.877929379999999870e+00,9.654629999999999601e-01,6.691976904981055893e-03,1.375417454897615854e-01
-1.246646530000000030e+00,1.878533809999999971e+00,9.653928400000000298e-01,6.735024751743753230e-03,1.230102367298646082e-01
-1.247949189999999930e+00,1.878896059999999979e+00,9.652798100000000714e-01,6.772444835641062283e-03,9.278755341071437401e-02
-1.248916520000000085e+00,1.879201200000000016e+00,9.651505400000000012e-01,6.931754795576728669e-03,9.550703278337166480e-02
-1.249901280000000003e+00,1.879569979999999862e+00,9.651950699999999328e-01,7.156132488970484706e-03,1.199884490101901097e-01
-1.251134989999999947e+00,1.880043960000000069e+00,9.651251299999999977e-01,7.116701597130487000e-03,1.125944769453186417e-01
-1.252285740000000036e+00,1.880496190000000123e+00,9.650210599999999861e-01,7.262536066368270246e-03,1.375624835202759466e-01
-1.253760889999999906e+00,1.880804450000000072e+00,9.648445299999999225e-01,7.404985417642600404e-03,1.421459168273536133e-01
-1.255316650000000145e+00,1.880829740000000028e+00,9.646635900000001262e-01,7.353827191211580704e-03,1.390284161236214899e-01
-1.256938770000000094e+00,1.881072150000000054e+00,9.644811399999999590e-01,7.641976455407361105e-03,1.468693141530783841e-01
-1.258522450000000070e+00,1.881269089999999977e+00,9.642027800000000370e-01,7.510666611493285738e-03,1.447296203930880376e-01
-1.260091960000000011e+00,1.881516460000000057e+00,9.640641199999999689e-01,7.674251184161130779e-03,1.253891470628594462e-01
-1.261442869999999994e+00,1.881790409999999802e+00,9.639509400000000339e-01,7.939509489168742815e-03,1.472150263144776094e-01
-1.263017259999999808e+00,1.882180660000000172e+00,9.639209599999999378e-01,7.979877501866620981e-03,1.443848437496711434e-01
-1.264586030000000028e+00,1.882396260000000154e+00,9.637655500000000819e-01,8.249517501708812997e-03,1.323810539736821335e-01
-1.266135320000000064e+00,1.882519849999999995e+00,9.635341299999998776e-01,8.260699072705612184e-03,1.473942393092737835e-01
-1.267595150000000004e+00,1.882450749999999839e+00,9.631942600000000798e-01,8.243549370180477606e-03,1.345987403769544344e-01
-1.269050989999999990e+00,1.882263629999999965e+00,9.629806299999998931e-01,8.634026131643299934e-03,1.169902275490461302e-01
-1.270413610000000082e+00,1.882414470000000062e+00,9.627521099999999388e-01,8.521729709460263563e-03,1.622243048354603534e-01
-1.272039599999999826e+00,1.882678209999999908e+00,9.626600999999999075e-01,8.750987403378934423e-03,1.438256534200068326e-01
-1.273729639999999996e+00,1.882872160000000017e+00,9.625159699999999985e-01,8.994720958879157818e-03,1.437849302031684873e-01
-1.275270180000000142e+00,1.883118019999999948e+00,9.622304299999999699e-01,8.917688774884463890e-03,1.622745172388521950e-01
-1.277032879999999926e+00,1.883254210000000040e+00,9.619619100000000866e-01,9.231097258430376665e-03,1.608015423862483861e-01
-1.278785220000000056e+00,1.883280010000000004e+00,9.616890399999999950e-01,9.202676166860391735e-03,1.472748959302863925e-01
-1.280389280000000074e+00,1.883429250000000055e+00,9.614921699999999793e-01,9.462737256513057901e-03,1.344595784572988340e-01
-1.281831129999999819e+00,1.883758390000000116e+00,9.615833300000000694e-01,9.664199655941486944e-03,1.324304085980954615e-01
-1.283272149999999945e+00,1.883964540000000021e+00,9.614623300000001427e-01,9.760149644088540397e-03,1.064660361756040730e-01
-1.284514589999999901e+00,1.884183509999999950e+00,9.613882000000000261e-01,1.002337753195995870e-02,1.215807377805833006e-01
-1.285846599999999951e+00,1.884324310000000002e+00,9.613570800000000860e-01,1.012009456904928648e-02,1.362204882165800324e-01
-1.287232200000000049e+00,1.884270770000000095e+00,9.613748999999999212e-01,1.044168939601718311e-02,9.630604086955341092e-02
-1.288334579999999896e+00,1.884158239999999873e+00,9.610940700000000225e-01,1.060551138394092742e-02,1.348568954011061805e-01
-1.289782580000000012e+00,1.884046360000000142e+00,9.607725699999999369e-01,1.062809251441183475e-02,1.384016633791410322e-01
-1.291262370000000104e+00,1.883789069999999954e+00,9.605075699999999772e-01,1.084657994534222666e-02,1.155382680591530431e-01
-1.292505529999999903e+00,1.883694189999999935e+00,9.602437100000000836e-01,1.109344869159725050e-02,1.308562601387492919e-01
-1.293941869999999827e+00,1.883685839999999834e+00,9.601159100000000723e-01,1.117570965973087825e-02,1.295824469492896924e-01
-1.295348120000000103e+00,1.883454350000000055e+00,9.600261299999999220e-01,1.154039864553204481e-02,1.342552231094296666e-01
-1.296930490000000047e+00,1.883378350000000090e+00,9.598413299999999371e-01,1.186430991535110044e-02,1.242641557859116147e-01
-1.298175800000000102e+00,1.883185890000000029e+00,9.599378700000000819e-01,1.220834356794574596e-02,1.256680974140827189e-01
-1.299551869999999942e+00,1.883041660000000173e+00,9.598788799999999899e-01,1.255881865912942576e-02,1.223427396194823047e-01
-1.300889820000000086e+00,1.882961189999999840e+00,9.597228899999999951e-01,1.282794618824863002e-02,1.323901872345334685e-01
-1.302346779999999926e+00,1.883031939999999960e+00,9.596950500000001050e-01,1.294675362840052961e-02,1.259614529024337126e-01
-1.303720720000000055e+00,1.883157710000000096e+00,9.598587200000000541e-01,1.331355503067831528e-02,9.365014303683580343e-02
-1.304823920000000026e+00,1.883294380000000157e+00,9.598619600000000140e-01,1.348665882071603886e-02,1.125757480099093821e-01
-1.306051800000000096e+00,1.883371009999999846e+00,9.600216299999999592e-01,1.370703575719426151e-02,1.192364587366946116e-01
-1.307351160000000068e+00,1.883193500000000187e+00,9.601209099999998831e-01,1.415087002299487279e-02,1.235900477855968183e-01
-1.308712789999999959e+00,1.883204990000000079e+00,9.600945000000000729e-01,1.444230091793550878e-02,1.172788206388906407e-01
-1.310100780000000187e+00,1.883101279999999988e+00,9.600678999999998631e-01,1.463569584429789093e-02,1.405949979201033817e-01
-1.311525360000000084e+00,1.883013209999999882e+00,9.601741299999999590e-01,1.505923182272596826e-02,8.430166154134331735e-02
-1.312521400000000060e+00,1.883015839999999885e+00,9.600780100000001482e-01,1.521566293362553411e-02,9.215085451567700536e-02
-1.313516730000000132e+00,1.883143790000000095e+00,9.602335600000000415e-01,1.535020930230595118e-02,8.247036842749916330e-02
-1.314236879999999941e+00,1.883525909999999914e+00,9.604340599999998673e-01,1.539717546695166389e-02,6.551643269822597648e-02
-1.314979829999999961e+00,1.883742779999999950e+00,9.605164400000001379e-01,1.548516609910609125e-02,8.937318944571356893e-02
-1.315872779999999853e+00,1.883966079999999987e+00,9.608668600000001003e-01,1.586625224205143528e-02,9.743075372251949751e-02
-1.316929569999999883e+00,1.884101779999999948e+00,9.609994800000001280e-01,1.606788356292464595e-02,8.339656778861259667e-02
-1.317833079999999990e+00,1.884249539999999890e+00,9.610798300000000793e-01,1.616021404050404023e-02,9.389893094097670478e-02
-1.318867080000000191e+00,1.884220320000000060e+00,9.611316099999999141e-01,1.639085576218941506e-02,9.285212143072135715e-02
-1.319866149999999960e+00,1.884003560000000022e+00,9.611749499999999724e-01,1.675835416676108372e-02,8.198139545387839178e-02
-1.320810620000000046e+00,1.883804750000000139e+00,9.610507299999999642e-01,1.688407054758400347e-02,1.079705399032988844e-01
-1.321895379999999953e+00,1.883636890000000008e+00,9.609940599999998723e-01,1.703606996939413185e-02,1.177016210121216988e-01
-1.323183460000000089e+00,1.883485990000000054e+00,9.610159799999998809e-01,1.735485658189351091e-02,1.047257089453594164e-01
-1.324426400000000115e+00,1.883516229999999902e+00,9.610611799999999594e-01,1.761030921963898863e-02,1.265904780597598978e-01
-1.325696599999999892e+00,1.883601979999999898e+00,9.612528999999999657e-01,1.784425443554316093e-02,1.111114669071578687e-01
-1.327011590000000130e+00,1.883581769999999933e+00,9.613520700000001140e-01,1.814806907937887084e-02,9.009515896271468038e-02
-1.327999740000000095e+00,1.883490260000000083e+00,9.612998299999999663e-01,1.836610045056109169e-02,1.177253954417802895e-01
-1.329291809999999963e+00,1.883389900000000061e+00,9.613595299999999622e-01,1.856028678353312603e-02,1.186648171189072648e-01
-1.330596120000000049e+00,1.883284280000000033e+00,9.613316499999999820e-01,1.876456243975051577e-02,1.077979768296766366e-01
-1.331775959999999870e+00,1.883146360000000019e+00,9.613195199999999829e-01,1.905695174054850352e-02,1.084329003619953491e-01
-1.332925729999999920e+00,1.882842440000000117e+00,9.612032199999999138e-01,1.919231540827978991e-02,1.124923165680449949e-01
-1.334149100000000088e+00,1.882662250000000093e+00,9.611012500000000180e-01,1.933482706659147773e-02,8.322140931277688392e-02
-1.335182850000000032e+00,1.882476999999999956e+00,9.609683399999999764e-01,1.949374212484867100e-02,1.188403839818725632e-01
-1.336372810000000078e+00,1.882266690000000020e+00,9.609465999999999841e-01,1.971315755662194497e-02,1.138272771384091497e-01
-1.337610819999999867e+00,1.882108479999999862e+00,9.608101199999999897e-01,1.978570957588339160e-02,1.127280156573722963e-01
-1.338840299999999983e+00,1.881950020000000112e+00,9.607295500000000432e-01,1.998249638440855944e-02,1.054814081516628893e-01
-1.339986579999999927e+00,1.881752679999999955e+00,9.607568499999999956e-01,2.024248008573310831e-02,1.119292541127147045e-01
-1.341201238999999878e+00,1.881686109999999967e+00,9.605530500000000194e-01,2.018676656361098609e-02,1.054711105111192510e-01
-1.342316329999999835e+00,1.881438150000000142e+00,9.603385399999999628e-01,2.027717816371388954e-02,1.221697701708839012e-01
-1.343659587999999960e+00,1.881339970000000195e+00,9.602952700000000341e-01,2.045651598908138080e-02,1.227800771573240857e-01
-1.345005000999999867e+00,1.881250349999999960e+00,9.601832600000000939e-01,2.048692081075401475e-02,1.244077557912451476e-01
-1.346416840000000059e+00,1.880944289999999963e+00,9.598710699999999374e-01,2.056432544954004890e-02,1.412489638557644367e-01
-1.347819608000000002e+00,1.880682419999999855e+00,9.597062299999999935e-01,2.066780660290215912e-02,1.275018824152427677e-01
-1.349258485000000007e+00,1.880343010000000037e+00,9.593821900000000236e-01,2.068234582902587701e-02,1.054217076152451221e-01
-1.350311988000000074e+00,1.880003850000000032e+00,9.590255999999999226e-01,2.071654376691826546e-02,1.387087853205387911e-01
-1.351723935999999959e+00,1.879673240000000023e+00,9.585422399999998788e-01,2.055018653052315472e-02,1.200334796598530041e-01
-1.352963318000000026e+00,1.879388839999999838e+00,9.581778600000000479e-01,2.049862154298023875e-02,9.618423053280653057e-02
-1.353928062000000043e+00,1.879143959999999947e+00,9.578106499999999857e-01,2.046511571577227032e-02,9.321949849225204254e-02
-1.354942307000000179e+00,1.878981079999999970e+00,9.578015499999998905e-01,2.056672613016330073e-02,1.026265709286232342e-01
-1.356045904999999996e+00,1.878851140000000086e+00,9.575857899999998812e-01,2.050009749612705101e-02,1.047355961103493410e-01
-1.357227745999999957e+00,1.878584299999999985e+00,9.573072399999998927e-01,2.053610942881119172e-02,1.029203571576725457e-01
-1.358363026000000140e+00,1.878218340000000097e+00,9.570432200000000833e-01,2.059018825180282397e-02,1.523346634580465542e-01
-1.359556451999999860e+00,1.877585880000000040e+00,9.566007199999999600e-01,2.063091702298043909e-02,1.125938734287131454e-01
-1.360723781999999993e+00,1.877095540000000007e+00,9.561728499999999631e-01,2.068621784777548503e-02,1.303497804634648760e-01
-1.362037890000000084e+00,1.876603569999999888e+00,9.558654500000000054e-01,2.077248784761955361e-02,1.366785695410944468e-01
-1.363461268000000004e+00,1.876289180000000112e+00,9.554808499999999372e-01,2.068640534144871451e-02,1.292104085127183943e-01
-1.364792046999999897e+00,1.875906370000000045e+00,9.551492200000000210e-01,2.077694657565223868e-02,1.277726735055984553e-01
-1.366063910999999909e+00,1.875445209999999863e+00,9.547543499999999739e-01,2.070944785542391808e-02,1.222382922051622606e-01
-1.367261559999999987e+00,1.874964349999999946e+00,9.543683400000000372e-01,2.075508803184656845e-02,9.586407363902919865e-02
-1.368152658999999938e+00,1.874448019999999993e+00,9.538844499999999949e-01,2.081509442700603049e-02,1.425452474533257241e-01
-1.369440789999999852e+00,1.873988680000000073e+00,9.533992500000000314e-01,2.068050860808301125e-02,1.130641777685134214e-01
-1.370661557000000030e+00,1.873868609999999935e+00,9.531807300000000316e-01,2.058743762640821012e-02,1.114915436514735680e-01
-1.371936974000000031e+00,1.873642200000000146e+00,9.529096500000000525e-01,2.056139512891014612e-02,1.348566804313985346e-01
-1.373262812000000110e+00,1.873308889999999893e+00,9.527842499999999992e-01,2.059277050583392665e-02,1.471155485015648301e-01
-1.374826002999999908e+00,1.873058290000000126e+00,9.524349999999999206e-01,2.050441623080501152e-02,1.391544258586282223e-01
-1.376397166999999921e+00,1.872672479999999862e+00,9.520950399999998925e-01,2.041916665708690126e-02,1.801026735565164349e-01
-1.378335378000000055e+00,1.872330119999999987e+00,9.518394999999999495e-01,2.040512072841723160e-02,1.874059863302292017e-01
-1.380384416999999919e+00,1.872101400000000027e+00,9.517209200000000813e-01,2.031108700326727037e-02,1.742422124827382179e-01
-1.382298967000000101e+00,1.871971170000000129e+00,9.516149700000000600e-01,2.025968113211284310e-02,1.597285588857509930e-01
-1.384006171000000007e+00,1.871665529999999800e+00,9.513143300000000968e-01,2.007183979482324299e-02,1.446488777387944791e-01
-1.385580413200000027e+00,1.871493520000000021e+00,9.511323499999999598e-01,1.997111412358442556e-02,1.135613577277341940e-01
-1.386886923800000115e+00,1.871240669999999939e+00,9.509104699999999522e-01,1.987974698600578072e-02,1.623154068423560137e-01
-1.388512830900000106e+00,1.871068489999999862e+00,9.506830800000001247e-01,1.966036304705235174e-02,1.548011480503493353e-01
-1.390218768635999913e+00,1.871033599999999852e+00,9.506199699999999808e-01,1.956444242049422064e-02,1.463037398154131696e-01
-1.391944294800000037e+00,1.870856370000000046e+00,9.505365899999999035e-01,1.939643554800479092e-02,1.775014253225734306e-01
-1.393731918600000119e+00,1.870630730000000019e+00,9.504256700000000002e-01,1.939416531176391470e-02,1.649296404919642633e-01
-1.395603047000000041e+00,1.870078860000000009e+00,9.502430500000000890e-01,1.933642936108709298e-02,1.513526716945813311e-01
-1.397038817999999960e+00,1.869346109999999950e+00,9.498146099999998926e-01,1.940451312177972690e-02,1.689131115744866574e-01
-1.398810031999999870e+00,1.868822629999999929e+00,9.495829300000000472e-01,1.929431438778868649e-02,1.624769279742780403e-01
-1.400489016999999947e+00,1.868208010000000030e+00,9.494605999999999879e-01,1.947072564704228209e-02,1.667350848987002032e-01
-1.402202074999999937e+00,1.867573050000000068e+00,9.492646799999999718e-01,1.944996645931607385e-02,1.825762810608572151e-01
-1.403986490999999948e+00,1.866715910000000145e+00,9.488950199999999224e-01,1.956294020395637004e-02,1.686399985942266533e-01
-1.405716863999999955e+00,1.866075130000000026e+00,9.486738399999999904e-01,1.949079599562302673e-02,1.502270135633563264e-01
-1.407377942000000104e+00,1.865459140000000016e+00,9.484711299999999401e-01,1.956440504405541556e-02,1.932398590631530522e-01
-1.409214765999999841e+00,1.864788319999999944e+00,9.482570499999999347e-01,1.948332526905128745e-02,1.684349695718849460e-01
-1.410923541999999919e+00,1.864073560000000018e+00,9.481365500000000779e-01,1.965941537894405969e-02,1.531305853087963909e-01
-1.412596339999999895e+00,1.863389080000000142e+00,9.479437100000001060e-01,1.959555262527947969e-02,1.631618690926064097e-01
-1.414220549000000160e+00,1.862673250000000058e+00,9.476464199999999893e-01,1.961956682789647854e-02,1.399573245626902218e-01
-1.415629696000000104e+00,1.862078380000000033e+00,9.474483700000000397e-01,1.953636571621537171e-02,1.528344041670252618e-01
-1.417160645000000052e+00,1.861381549999999940e+00,9.473368500000000081e-01,1.963980193869139038e-02,1.687938770566181357e-01
-1.418933404999999981e+00,1.860819880000000204e+00,9.472954799999999675e-01,1.960953558773949681e-02,1.804096495608959183e-01
-1.420796589000000054e+00,1.860127319999999917e+00,9.473344500000000501e-01,1.973832412282832890e-02,1.496688770986692729e-01
-1.422419988000000135e+00,1.859427809999999903e+00,9.471424900000000591e-01,1.967595660282735193e-02,1.784324902517617217e-01
-1.424070203000000090e+00,1.858686070000000079e+00,9.470026799999999856e-01,1.971025215801422772e-02,1.458043204304224072e-01
-1.425518248000000154e+00,1.858000690000000121e+00,9.468619300000000738e-01,1.971345603293598453e-02,1.102919995796609182e-01
-1.426583533000000070e+00,1.857284649999999981e+00,9.466042399999998747e-01,1.970393079317382320e-02,1.550095068473175686e-01
-1.428063711999999930e+00,1.856783260000000046e+00,9.463972999999999969e-01,1.961851057033998577e-02,1.186270963312931193e-01
-1.429407537999999978e+00,1.856360730000000014e+00,9.464380299999999302e-01,1.951599244392258903e-02,1.379591302142119391e-01
-1.430875458999999905e+00,1.855966079999999963e+00,9.464664700000000597e-01,1.946586383102445403e-02,1.584802317035179098e-01
-1.432437001000000043e+00,1.855204599999999981e+00,9.462731199999998566e-01,1.940726928963457804e-02,1.655917818833109179e-01
-1.434107946999999994e+00,1.854478150000000047e+00,9.461721499999999896e-01,1.936207351720896017e-02,1.469543179374513675e-01
-1.435589053999999809e+00,1.853602739999999915e+00,9.458844199999999480e-01,1.931100683871555049e-02,1.488163335617701533e-01
-1.436984067000000032e+00,1.853015159999999995e+00,9.458233300000000732e-01,1.923394491925644809e-02,1.321553642450278010e-01
-1.438212600999999813e+00,1.852263240000000089e+00,9.456081800000000204e-01,1.928847970315960766e-02,1.220021867363439011e-01
-1.439472888999999922e+00,1.851570480000000130e+00,9.454280799999998930e-01,1.913967620606777525e-02,1.698486006943591420e-01
-1.440922661000000105e+00,1.850706329999999955e+00,9.450602799999999748e-01,1.902187359021770274e-02,1.607798306249069997e-01
-1.442416256999999868e+00,1.849812339999999944e+00,9.447298000000000640e-01,1.885545985229880941e-02,1.508720299707861645e-01
-1.443844420000000017e+00,1.848820219999999903e+00,9.442955899999999625e-01,1.873409926078379792e-02,1.776917188808022630e-01
-1.445436819999999845e+00,1.847796410000000167e+00,9.437950999999999979e-01,1.849256341804722537e-02,1.594803664140851396e-01
-1.446882020000000102e+00,1.846845910000000091e+00,9.434841800000000056e-01,1.841157713290463710e-02,1.416418990073883000e-01
-1.448198190000000052e+00,1.846076319999999882e+00,9.431432200000000599e-01,1.822873257264208055e-02,1.585110742862168853e-01
-1.449736150000000112e+00,1.845279590000000081e+00,9.429169600000000262e-01,1.801823532331055591e-02,1.606168890958792339e-01
-1.451304609999999995e+00,1.844475869999999906e+00,9.427365000000000883e-01,1.790222523484171629e-02,1.603412815391005719e-01
-1.453040369999999859e+00,1.843735569999999990e+00,9.424887499999999863e-01,1.752905084607550915e-02,1.702564228130404866e-01
-1.454698799999999848e+00,1.842923149999999843e+00,9.421573600000000548e-01,1.725850016218409555e-02,1.867472146156488322e-01
-1.456408960000000086e+00,1.842192520000000000e+00,9.417628799999999689e-01,1.675463627938249961e-02,1.505652062963833970e-01
-1.457959390000000077e+00,1.841419600000000045e+00,9.413236299999998558e-01,1.641770424355959088e-02,1.752736488237992829e-01
-1.459697940000000083e+00,1.840689910000000040e+00,9.409043899999999239e-01,1.583844409163339545e-02,1.605211346326798072e-01
-1.461366989999999921e+00,1.840143070000000103e+00,9.406805699999999382e-01,1.547428118866586884e-02,1.628817527608125704e-01
-1.463034860000000048e+00,1.839597300000000102e+00,9.403036300000000569e-01,1.478772904101569897e-02,1.783064964628472970e-01
-1.464898699999999998e+00,1.839026830000000112e+00,9.400553200000000276e-01,1.434758736503453404e-02,1.876173143193332615e-01
-1.466807889999999892e+00,1.838353530000000013e+00,9.396261599999999881e-01,1.356233373223802996e-02,1.715088003819689177e-01
-1.468638039999999867e+00,1.837571469999999874e+00,9.391977500000000534e-01,1.311233962208900421e-02,2.009186189443805948e-01
-1.470486089999999857e+00,1.836752970000000040e+00,9.388844199999999418e-01,1.247683451029949972e-02,1.750439748602706513e-01
-1.472284020000000027e+00,1.836164889999999827e+00,9.385067899999999241e-01,1.195721570084771861e-02,1.747949061018598538e-01
-1.474226889999999957e+00,1.835513450000000102e+00,9.381814800000000121e-01,1.114267470830045820e-02,2.178757349642997110e-01
-1.476463120000000018e+00,1.834753199999999973e+00,9.377384299999999007e-01,1.042925196681430446e-02,2.341917801025839019e-01
-1.478628590000000020e+00,1.833878040000000098e+00,9.372718899999998854e-01,9.581030336336416112e-03,2.123455257498789162e-01
-1.480856510000000181e+00,1.832854010000000144e+00,9.366790599999998967e-01,8.741457858606629591e-03,2.438735381870436314e-01
-1.483215800000000195e+00,1.831767199999999818e+00,9.359897099999999748e-01,7.969679386531184143e-03,2.482644133178487922e-01
-1.485704329999999906e+00,1.830745169999999922e+00,9.354920100000000405e-01,6.864248155326321127e-03,2.537344275368987878e-01
-1.488554490000000063e+00,1.829815530000000079e+00,9.351774500000000767e-01,5.940130689092625038e-03,3.301880052922305797e-01
-1.491815279999999966e+00,1.829031800000000096e+00,9.350068999999999741e-01,5.265323371683807568e-03,2.840807732411025910e-01
-1.494866060000000108e+00,1.828334590000000093e+00,9.349223800000000528e-01,4.766068002043268373e-03,2.754780006501195144e-01
-1.498048909999999845e+00,1.827574270000000167e+00,9.348824600000000817e-01,4.651421686172991024e-03,2.669872250116914758e-01
-1.500621299999999936e+00,1.826705579999999829e+00,9.349150999999999989e-01,5.153441983412457295e-03,2.212102725966803851e-01
-1.502872229999999920e+00,1.825780589999999926e+00,9.347395200000000459e-01,5.299719186088911252e-03,2.184993408203750320e-01
-1.505203489999999977e+00,1.824664960000000002e+00,9.345217500000000399e-01,5.492842592337838017e-03,2.495942064313039221e-01
-1.507694749999999972e+00,1.823510670000000111e+00,9.343584400000001233e-01,6.255876656952351518e-03,2.345712100390053845e-01
-1.509968299999999930e+00,1.822277189999999880e+00,9.342971200000000920e-01,6.405133287176649134e-03,2.288228711589095354e-01
-1.512142030000000137e+00,1.821014739999999854e+00,9.340977500000000600e-01,6.851188078793341019e-03,2.137220061698885953e-01
-1.514029169999999924e+00,1.819645090000000076e+00,9.337663499999999672e-01,6.990804123954507884e-03,2.008648285600894423e-01
-1.515867740000000019e+00,1.818434360000000138e+00,9.335169199999999723e-01,7.241449662436524534e-03,1.907749604994990744e-01
-1.517582489999999895e+00,1.816971979999999931e+00,9.332952600000000709e-01,7.434802478754805669e-03,2.014476681295805649e-01
-1.519208690000000139e+00,1.815735029999999917e+00,9.331194900000000514e-01,7.565438354589939726e-03,1.875607095613409658e-01
-1.520943129999999810e+00,1.814610829999999897e+00,9.331273399999999718e-01,8.100663605001562004e-03,1.912521933905975968e-01
-1.522770710000000083e+00,1.813264219999999982e+00,9.331089799999999768e-01,8.381966316974695866e-03,2.317184392280085548e-01
-1.524517070000000141e+00,1.811682859999999895e+00,9.329913699999999865e-01,8.736880497374262255e-03,1.923675599634688815e-01
-1.526055619999999946e+00,1.810227910000000051e+00,9.328916900000001622e-01,8.696945500151282565e-03,1.794255423421325935e-01
-1.527558890000000114e+00,1.808716830000000053e+00,9.328732300000001088e-01,9.005937290582462923e-03,1.833806214983938476e-01
-1.528772799999999821e+00,1.807106630000000047e+00,9.327407700000001078e-01,8.658784598648803371e-03,1.589166373744012595e-01
-1.529998610000000037e+00,1.805859019999999981e+00,9.328290099999999585e-01,8.895633124213231727e-03,1.471318558376418228e-01
-1.530910280000000068e+00,1.804519020000000085e+00,9.329124400000000650e-01,8.631342165063424915e-03,1.692932735016105805e-01
-1.532004360000000176e+00,1.803007899999999886e+00,9.329074099999998815e-01,8.501190810686566970e-03,1.673110719973980587e-01
-1.532967779999999891e+00,1.801436290000000051e+00,9.328705800000001158e-01,8.328231043558979516e-03,1.769690085177526295e-01
-1.533911150000000001e+00,1.799564479999999911e+00,9.327082700000000060e-01,7.850382922494876861e-03,1.902121813369134495e-01
-1.534828210000000137e+00,1.797877149999999924e+00,9.329410099999999595e-01,7.636686879183926351e-03,1.739815022800387800e-01
-1.535808400000000074e+00,1.796230809999999956e+00,9.330479400000001311e-01,7.248170233631324316e-03,1.759892210401516888e-01
-1.536931090000000166e+00,1.794472909999999866e+00,9.331626099999998925e-01,7.274605906872357551e-03,1.952376571388632909e-01
-1.537817600000000118e+00,1.792513540000000072e+00,9.332260099999999392e-01,6.668242131454392950e-03,1.746833967109963082e-01
-1.538675250000000050e+00,1.790791479999999991e+00,9.333326000000000677e-01,6.623733592385859688e-03,1.785296956870139895e-01
-1.539516730000000111e+00,1.789034159999999929e+00,9.336053699999999900e-01,6.006802823083289347e-03,1.741150032236284395e-01
-1.540265519999999944e+00,1.787281100000000178e+00,9.338237700000000530e-01,5.939885186878618266e-03,1.568318545265962038e-01
-1.540854539999999995e+00,1.785677550000000169e+00,9.340959800000000479e-01,5.207464138954859961e-03,1.620352195302575404e-01
-1.541461269999999883e+00,1.783866639999999837e+00,9.343233799999999256e-01,4.912669703012751896e-03,1.831429792344791696e-01
-1.542025789999999841e+00,1.782134590000000074e+00,9.347199200000000374e-01,4.303308306477594651e-03,1.657279005837397623e-01
-1.542551149999999982e+00,1.780437940000000108e+00,9.351451699999999700e-01,3.770696178028678201e-03,1.528647842474619711e-01
-1.543274580000000062e+00,1.778808189999999900e+00,9.354814100000000687e-01,3.695396560127110156e-03,2.047100376743164474e-01
-1.543992400000000043e+00,1.776704910000000082e+00,9.358805600000000835e-01,3.074951135823122093e-03,1.943593974426391091e-01
-1.544756199999999913e+00,1.774740839999999986e+00,9.362633599999999889e-01,2.979854112402084698e-03,1.860798087162146286e-01
-1.545337160000000098e+00,1.772811260000000111e+00,9.366430699999999110e-01,2.594349315358358051e-03,2.045270525241211501e-01
-1.546043510000000065e+00,1.770698229999999818e+00,9.369972399999999535e-01,2.684455775497085906e-03,1.812764783045323624e-01
-1.546726849999999986e+00,1.768906369999999839e+00,9.375565200000001154e-01,2.457651405264789542e-03,1.974772772093658368e-01
-1.547882650000000027e+00,1.767164699999999922e+00,9.381690399999998986e-01,2.331097317595344411e-03,1.927574719123073821e-01
-1.548600909999999997e+00,1.765220950000000011e+00,9.386360799999999838e-01,2.464717194121806686e-03,1.719581113766861513e-01
-1.549274100000000098e+00,1.763495730000000039e+00,9.390378100000000838e-01,2.544557349127606408e-03,1.742080461128236724e-01
-1.549987570000000092e+00,1.761627370000000026e+00,9.395702500000000512e-01,2.667563510827782817e-03,2.134739371197849067e-01
-1.550732520000000170e+00,1.759718619999999900e+00,9.402878999999999543e-01,2.651806520996533717e-03,1.957755904695770155e-01
-1.551502849999999878e+00,1.757796469999999944e+00,9.409002599999999328e-01,2.993271984133848238e-03,2.043986585915197329e-01
-1.552595219999999943e+00,1.755749669999999929e+00,9.416099899999998968e-01,2.705736997086177330e-03,2.228536514017455394e-01
-1.553399780000000119e+00,1.753485179999999977e+00,9.421159300000000458e-01,3.590410852493033673e-03,2.051760697538764777e-01
-1.554154389999999886e+00,1.751416010000000023e+00,9.426362300000000749e-01,3.480979222733241070e-03,2.095321850602128166e-01
-1.554974689999999882e+00,1.749344379999999921e+00,9.432421700000001019e-01,3.900634333720747263e-03,2.248189776706462362e-01
-1.555707590000000140e+00,1.747015070000000003e+00,9.436607700000000376e-01,4.397952883092280836e-03,1.827494748590376417e-01
-1.556431729999999902e+00,1.745226869999999986e+00,9.442448399999999742e-01,4.457740127845113802e-03,1.782328224170738329e-01
-1.557389259999999886e+00,1.743500629999999996e+00,9.450057600000000280e-01,4.506830947583959947e-03,2.169479023860191869e-01
-1.558278009999999991e+00,1.741726619999999892e+00,9.459756999999999749e-01,4.229063399205544409e-03,1.764884284310914986e-01
-1.559226229999999935e+00,1.739974429999999961e+00,9.466232299999999267e-01,4.488313322697112806e-03,2.090374415706489353e-01
-1.560166839999999944e+00,1.737993679999999985e+00,9.473427699999998897e-01,4.183614628153612888e-03,2.179227028331809368e-01
-1.561188749999999903e+00,1.735935809999999968e+00,9.480338999999999849e-01,4.425958118712959403e-03,2.032868224552851766e-01
-1.562147790000000036e+00,1.734040390000000098e+00,9.487453999999999610e-01,4.197760900313304844e-03,2.147439254644010476e-01
-1.563425030000000104e+00,1.732218849999999977e+00,9.495584599999999931e-01,3.823883042275043852e-03,2.143236259022398560e-01
-1.564371769999999939e+00,1.730135289999999992e+00,9.501422400000001378e-01,4.076711582709695823e-03,2.036359178293714045e-01
-1.565293779999999968e+00,1.728271090000000010e+00,9.509851599999999960e-01,3.679940648991482984e-03,2.086903615391401956e-01
-1.566629959999999988e+00,1.726325219999999883e+00,9.517364100000000882e-01,3.657573454915235157e-03,2.391514720030592234e-01
-1.567744330000000019e+00,1.724283240000000106e+00,9.524543999999999233e-01,3.148781862323850149e-03,2.048121474626309613e-01
-1.568945880000000015e+00,1.722454520000000100e+00,9.530078100000001218e-01,2.882343939383358311e-03,2.011339292102622966e-01
-1.570145120000000061e+00,1.720523940000000085e+00,9.537456300000000109e-01,2.749590097978137863e-03,2.340033320342327083e-01
-1.571275559999999905e+00,1.718549670000000029e+00,9.544440499999998773e-01,2.124643152390550543e-03,1.999338973323455670e-01
-1.572408819999999929e+00,1.716776630000000026e+00,9.551038200000000478e-01,2.654124297334120326e-03,2.061753682667407661e-01
-1.573516709999999819e+00,1.714712629999999960e+00,9.558122599999999691e-01,1.671501089021658034e-03,2.327759843679692020e-01
-1.574553070000000110e+00,1.712442929999999919e+00,9.564075399999999449e-01,1.984511600721923594e-03,2.145121754559430327e-01
-1.575545420000000085e+00,1.710394300000000145e+00,9.570530399999999105e-01,2.184141456041591330e-03,2.199494744493733778e-01
-1.576603569999999843e+00,1.708312060000000132e+00,9.577008299999999474e-01,1.817941870742854774e-03,2.314791305952768052e-01
-1.577480429999999822e+00,1.705981930000000091e+00,9.582564600000000876e-01,2.743246296160785098e-03,2.047242845128479372e-01
-1.578329099999999929e+00,1.703989399999999987e+00,9.588957299999999462e-01,2.353413134768449818e-03,1.932335709472597363e-01
-1.579261840000000028e+00,1.702010399999999812e+00,9.595846700000000284e-01,2.706219891749294792e-03,2.249876022746753190e-01
-1.580203490000000155e+00,1.700059809999999949e+00,9.603291399999999145e-01,2.759106980854645653e-03,1.677277207406640269e-01
-1.581033889999999831e+00,1.698394799999999982e+00,9.610375799999999469e-01,2.794870144836780236e-03,1.907159504600596522e-01
-1.582168859999999899e+00,1.696847280000000069e+00,9.618944000000000383e-01,2.913063800880359450e-03,1.796640369551059935e-01
-1.582870540000000048e+00,1.695154529999999937e+00,9.626489699999999372e-01,2.988946288142409376e-03,1.488977966094189032e-01
-1.583486659999999935e+00,1.693769059999999937e+00,9.632760900000000293e-01,2.986599023521502826e-03,1.529508863830314203e-01
-1.584011779999999980e+00,1.692176540000000173e+00,9.639720299999999797e-01,3.367975589712626869e-03,2.012795134491285332e-01
-1.584547319999999981e+00,1.690312050000000177e+00,9.646318200000000287e-01,3.151049421272064058e-03,1.708902149796361625e-01
-1.585152019999999995e+00,1.688659150000000109e+00,9.653017099999999795e-01,3.685468433048936024e-03,1.669838702651379181e-01
-1.586021679999999989e+00,1.687033519999999953e+00,9.660294799999999960e-01,3.581104890281805626e-03,2.053331055191336130e-01
-1.586580279999999954e+00,1.685114760000000045e+00,9.666424999999999601e-01,4.184560308562932512e-03,1.722081668233337304e-01
-1.587249990000000111e+00,1.683478660000000016e+00,9.673324799999999390e-01,4.049502555635786476e-03,1.691701755480066183e-01
-1.588180979999999964e+00,1.681863599999999792e+00,9.680833599999999484e-01,4.847701447284083302e-03,1.987344172866336300e-01
-1.588872030000000102e+00,1.680079620000000107e+00,9.687350999999999601e-01,4.774426042499877766e-03,1.467020092228716321e-01
-1.589544610000000135e+00,1.678598809999999997e+00,9.693573600000000567e-01,5.370794573412847502e-03,1.884535101169601268e-01
-1.590484339999999941e+00,1.676870190000000038e+00,9.700278500000001358e-01,5.634950490838232587e-03,1.730700725271032137e-01
-1.591249130000000012e+00,1.675386329999999813e+00,9.709502399999999644e-01,6.069703263372954599e-03,1.642375299793528698e-01
-1.592096949999999955e+00,1.674028129999999948e+00,9.717976999999999865e-01,6.319541619405509222e-03,1.994322017265576785e-01
-1.593155560000000026e+00,1.672392440000000091e+00,9.728144299999998967e-01,6.929397789425820187e-03,1.996592005803595471e-01
-1.594068519999999989e+00,1.670581799999999895e+00,9.736683500000000713e-01,7.383064013869859200e-03,1.922034143062906486e-01
-1.594905000000000017e+00,1.668898250000000028e+00,9.746483499999999411e-01,7.893537633089571168e-03,1.778270783475834338e-01
-1.595761399999999997e+00,1.667220619999999931e+00,9.756011000000001099e-01,8.293393302165301059e-03,1.889420565855210732e-01
-1.596265499999999893e+00,1.665585000000000093e+00,9.764786899999999825e-01,8.544733441722997258e-03,1.612870039119006782e-01
-1.596762530000000124e+00,1.664130780000000032e+00,9.773716100000000573e-01,8.734892297527219185e-03,1.194941236452199268e-01
-1.597151590000000176e+00,1.663047409999999893e+00,9.782003599999998800e-01,8.789803484367680192e-03,1.334678212139001896e-01
-1.597346660000000140e+00,1.661782450000000022e+00,9.789276600000000883e-01,8.929178078731581439e-03,9.971680159456444703e-02
-1.597578860000000045e+00,1.660935610000000118e+00,9.795883299999998961e-01,8.908894764256868395e-03,1.369180342637223435e-01
-1.597739720000000085e+00,1.659601140000000141e+00,9.802738300000000127e-01,8.791449544125407717e-03,1.397533951136203101e-01
-1.597999089999999844e+00,1.658399249999999991e+00,9.812035399999999852e-01,8.963877017909077302e-03,1.370400358129915397e-01
-1.598394550000000081e+00,1.657253920000000047e+00,9.821049200000000479e-01,9.021453142000030248e-03,1.430861078006048503e-01
-1.599161300000000008e+00,1.656142189999999959e+00,9.831349099999999730e-01,9.523475730960889035e-03,1.561655940716886182e-01
-1.599590940000000128e+00,1.654818279999999975e+00,9.839030199999998505e-01,9.940673507585156762e-03,1.218387797955260143e-01
-1.599895779999999990e+00,1.653799409999999970e+00,9.847226100000000537e-01,9.918713840241668786e-03,1.127707713134504658e-01
-1.600267870000000148e+00,1.652768320000000069e+00,9.854928099999998858e-01,1.014884387757566432e-02,1.204899420283827294e-01
-1.600447219999999948e+00,1.651736719999999936e+00,9.861294000000000448e-01,1.035712720095686989e-02,1.086722983321701114e-01
-1.600544420000000079e+00,1.650683359999999933e+00,9.868675699999999162e-01,1.019260609220737010e-02,1.132384497500062426e-01
-1.600701340000000084e+00,1.649697830000000032e+00,9.876186800000000821e-01,1.019521766206602301e-02,1.258894717661426521e-01
-1.600850290000000120e+00,1.648483619999999927e+00,9.882729900000000178e-01,1.036260680854987973e-02,1.264071723988498541e-01
-1.601021250000000062e+00,1.647300050000000127e+00,9.889874199999999504e-01,1.033314394061168526e-02,1.337415296349110938e-01
-1.601225700000000085e+00,1.645882580000000095e+00,9.896754399999999618e-01,1.039398615219397186e-02,1.622688923121172189e-01
-1.601405210000000023e+00,1.644365730000000081e+00,9.903002899999999720e-01,1.063432321857393607e-02,1.507469912656476396e-01
-1.601470949999999949e+00,1.642786219999999853e+00,9.908154800000000817e-01,1.047173691482453095e-02,1.263859474692623774e-01
-1.601356290000000016e+00,1.641373450000000123e+00,9.913069900000001100e-01,1.037413484116628086e-02,1.474284742486225430e-01
-1.601154140000000003e+00,1.639912489999999945e+00,9.915847799999999435e-01,1.026039304413325567e-02,1.017945678683110367e-01
-1.600922449999999886e+00,1.638847550000000153e+00,9.921065500000000315e-01,9.889083176285628357e-03,1.051514508725581443e-01
-1.600870140000000053e+00,1.637854850000000084e+00,9.927020000000000843e-01,9.804187881823691122e-03,1.131868083754957038e-01
-1.600947159999999814e+00,1.636804880000000129e+00,9.933730200000000510e-01,9.984954065412309995e-03,1.044288653781974135e-01
-1.601094100000000076e+00,1.635952669999999998e+00,9.941322999999999688e-01,9.905055659556063694e-03,1.360699347633660961e-01
-1.601293249999999890e+00,1.634740639999999967e+00,9.949923599999999091e-01,9.988301415741326558e-03,1.392950370931735626e-01
-1.601308890000000096e+00,1.633419410000000127e+00,9.957763999999998950e-01,1.014687973173050532e-02,1.214453006749319497e-01
-1.601138710000000076e+00,1.632309189999999965e+00,9.965041199999999932e-01,9.782977481861068400e-03,1.115346051685641160e-01
-1.600949629999999901e+00,1.631211780000000111e+00,9.972201700000000724e-01,9.548050599478236783e-03,1.346688444991722966e-01
-1.600729480000000038e+00,1.630085350000000100e+00,9.979699100000000156e-01,9.468355457469849676e-03,1.204021153590674187e-01
-1.600572200000000000e+00,1.628962990000000000e+00,9.986598800000001663e-01,9.175792995403735455e-03,1.175368181228338832e-01
-1.600489049999999969e+00,1.627776100000000170e+00,9.993906999999999652e-01,9.053019021436979619e-03,1.530823291549908705e-01
-1.600365660000000023e+00,1.626199170000000027e+00,9.999771600000001426e-01,9.232749743716571131e-03,1.381472422722302695e-01
-1.600198559999999937e+00,1.624842119999999834e+00,1.000646600000000053e+00,8.925814072004732702e-03,1.373906979615874546e-01
-1.600338580000000066e+00,1.623470189999999924e+00,1.001274860000000100e+00,9.174071701927098699e-03,1.441070204161419011e-01
-1.600221430000000167e+00,1.622051299999999863e+00,1.001978400000000047e+00,9.235242500059406487e-03,1.431565935357150821e-01
-1.600159099999999945e+00,1.620706289999999994e+00,1.002800499999999984e+00,9.091441677979351932e-03,1.469314471840975078e-01
-1.600083799999999945e+00,1.619332659999999979e+00,1.003657239999999895e+00,9.211035076103032959e-03,1.469139361447905356e-01
-1.599943220000000110e+00,1.617916360000000164e+00,1.004428909999999897e+00,9.090392035886114483e-03,1.537691149923364753e-01
-1.599655540000000098e+00,1.616548249999999909e+00,1.005389220000000083e+00,8.856867081677455636e-03,1.308863506368742602e-01
-1.599148760000000058e+00,1.615248269999999930e+00,1.006072529999999965e+00,8.687636127934944205e-03,1.537858969401330322e-01
-1.598653410000000052e+00,1.613904879999999986e+00,1.006705630000000129e+00,8.230560872710851114e-03,1.156180674617888343e-01
-1.598286709999999999e+00,1.612737660000000073e+00,1.007327409999999812e+00,8.091847711604501989e-03,1.472639520672496816e-01
-1.597910070000000182e+00,1.611369290000000065e+00,1.008114399999999966e+00,8.025757200975092154e-03,1.411445011034328234e-01
-1.597689729999999919e+00,1.609935320000000170e+00,1.008675199999999883e+00,7.977781505863645872e-03,1.497645963729375140e-01
-1.597352890000000025e+00,1.608543190000000012e+00,1.009498189999999962e+00,8.022018423333478199e-03,1.386644840260588263e-01
-1.596989360000000024e+00,1.607334350000000134e+00,1.010359350000000100e+00,7.755485680123350330e-03,1.371984946142496831e-01
-1.596663460000000034e+00,1.606274790000000063e+00,1.011389499999999941e+00,7.395460587799783207e-03,1.217337538763206550e-01
-1.596375580000000127e+00,1.605434239999999901e+00,1.012394570000000105e+00,7.238985566977001671e-03,1.258889659576910014e-01
-1.596240689999999907e+00,1.604537890000000022e+00,1.013582569999999849e+00,6.830640306230569350e-03,1.557015498824151356e-01
-1.595892400000000100e+00,1.603407779999999949e+00,1.014637970000000111e+00,6.520609440021881906e-03,1.356757085828147191e-01
-1.595420259999999812e+00,1.602420839999999957e+00,1.015657040000000011e+00,6.404231274305956234e-03,1.264048347182226695e-01
-1.594696349999999985e+00,1.601511520000000077e+00,1.016607939999999877e+00,5.524546073343983635e-03,1.389281767242147025e-01
-1.594053339999999874e+00,1.600402079999999838e+00,1.017444369999999987e+00,5.172927969622233106e-03,1.271559141204366139e-01
-1.593347779999999991e+00,1.599625910000000095e+00,1.018373450000000124e+00,4.943539863195056498e-03,1.292856773112730229e-01
-1.592583510000000091e+00,1.598922439999999945e+00,1.019350470000000008e+00,3.922710409219708726e-03,1.328360958932961189e-01
-1.591806520000000003e+00,1.598151669999999802e+00,1.020322619999999958e+00,3.260382168351015457e-03,1.305728562550513838e-01
-1.590934549999999836e+00,1.597610019999999853e+00,1.021332829999999969e+00,2.937559410769584756e-03,1.324637027235020248e-01
-1.590262599999999971e+00,1.596978570000000097e+00,1.022464480000000009e+00,2.125951395328742454e-03,1.310969088414673522e-01
-1.589718890000000107e+00,1.595979889999999957e+00,1.023355629999999961e+00,1.696192518878808422e-03,1.628064858522364489e-01
-1.589526470000000025e+00,1.594842520000000041e+00,1.024731899999999918e+00,2.372857075615965230e-03,1.533517442593054780e-01
-1.589206630000000064e+00,1.593630960000000041e+00,1.026052199999999859e+00,1.096546031181662179e-03,1.671720114815746505e-01
-1.588739110000000121e+00,1.592568800000000007e+00,1.027296989999999965e+00,1.713228739018698033e-03,1.436331343169442165e-01
-1.588173749999999940e+00,1.591511050000000038e+00,1.028508699999999942e+00,1.157944625187282963e-03,1.356594268879595944e-01
-1.587561520000000170e+00,1.590723930000000008e+00,1.029622499999999885e+00,1.161190727356832195e-03,1.353804436444395742e-01
-1.586866520000000058e+00,1.589908040000000078e+00,1.030660310000000024e+00,2.450328118456683579e-03,1.342691604392098337e-01
-1.586149330000000024e+00,1.589434919999999973e+00,1.031866600000000078e+00,2.279916457965066798e-03,1.304367819885025037e-01
-1.585245430000000066e+00,1.589165830000000001e+00,1.033094479999999926e+00,3.132422283824460186e-03,1.227780626107535106e-01
-1.584710899999999922e+00,1.588551800000000069e+00,1.034042899999999987e+00,3.884378799756968512e-03,1.187599974909394618e-01
-1.584144620000000003e+00,1.588114360000000058e+00,1.035257450000000023e+00,4.401276850699055443e-03,1.316253595602933368e-01
-1.583754499999999954e+00,1.587523819999999919e+00,1.036523570000000172e+00,4.700538574174190597e-03,1.542091817794261910e-01
-1.583161620000000047e+00,1.586805330000000014e+00,1.037787160000000153e+00,5.503743782090460279e-03,1.524431450584070313e-01
-1.582768130000000051e+00,1.585935029999999912e+00,1.039169149999999986e+00,5.699304626031086868e-03,1.287271254405689402e-01
-1.582370540000000103e+00,1.585201830000000145e+00,1.040449440000000170e+00,6.121108413849704610e-03,1.387441301223785728e-01
-1.582001969999999869e+00,1.584357620000000022e+00,1.041520120000000160e+00,6.561314196081548950e-03,1.196867270807409622e-01
-1.581417450000000002e+00,1.583687889999999987e+00,1.042628349999999982e+00,6.833681858054215658e-03,1.253947146607435337e-01
-1.580647689999999939e+00,1.583106479999999872e+00,1.043619520000000023e+00,7.491989469887116310e-03,1.220822997603312754e-01
-1.579942710000000083e+00,1.582490460000000043e+00,1.044585650000000143e+00,8.205295169474465314e-03,1.104268214781549545e-01
-1.579305390000000031e+00,1.582025479999999984e+00,1.045512190000000174e+00,8.590016208285138066e-03,1.192623995786759455e-01
-1.578672829999999916e+00,1.581606740000000011e+00,1.046586889999999936e+00,9.206173022955942489e-03,1.163173931393738647e-01
-1.578174820000000089e+00,1.581096719999999900e+00,1.047652220000000023e+00,9.814066388566930130e-03,1.134274015896302862e-01
-1.577607140000000019e+00,1.580763300000000093e+00,1.048716100000000040e+00,1.037968331884932954e-02,1.205441355984396695e-01
-1.577234779999999947e+00,1.580156469999999924e+00,1.049957269999999943e+00,1.071628850779023610e-02,1.240241519459833602e-01
-1.576884689999999978e+00,1.579549320000000145e+00,1.051007440000000015e+00,1.111275972889273420e-02,1.296945947946890332e-01
-1.576547599999999827e+00,1.578689700000000196e+00,1.052239250000000181e+00,1.127083721435569001e-02,1.227962433999929964e-01
-1.576428139999999978e+00,1.577975960000000066e+00,1.053382709999999944e+00,1.136397381488089137e-02,1.180426587550020695e-01
-1.576081709999999969e+00,1.577362669999999856e+00,1.054476339999999901e+00,1.178715958442045665e-02,1.187041488154773200e-01
-1.575590519999999994e+00,1.576877979999999901e+00,1.055589039999999867e+00,1.218021346743956151e-02,1.174621580472709897e-01
-1.575075549999999991e+00,1.576415340000000054e+00,1.056682810000000083e+00,1.264614298488676326e-02,1.022015947983488243e-01
-1.574696900000000177e+00,1.575978510000000110e+00,1.057650580000000007e+00,1.308721392682557841e-02,1.082487929659819853e-01
-1.574281180000000058e+00,1.575713490000000050e+00,1.058736840000000123e+00,1.364744540630587546e-02,1.178792937916106620e-01
-1.573893890000000129e+00,1.575065179999999954e+00,1.059914759999999845e+00,1.389438224902759221e-02,1.425515695218565748e-01
-1.573628220000000022e+00,1.574177850000000101e+00,1.061031919999999795e+00,1.402450369308291638e-02,1.366629282017594316e-01
-1.573428810000000011e+00,1.573093609999999920e+00,1.062221920000000042e+00,1.387775051204612718e-02,1.511597515811356207e-01
-1.573334999999999928e+00,1.571934329999999935e+00,1.063414439999999850e+00,1.367808253676280894e-02,1.464335463124983583e-01
-1.573089919999999919e+00,1.570809279999999974e+00,1.064361189999999846e+00,1.349816485678324678e-02,1.273743816273011087e-01
-1.572766590000000075e+00,1.569845680000000021e+00,1.065480530000000092e+00,1.342254308957136627e-02,1.300702908874130370e-01
-1.572526410000000041e+00,1.568990730000000111e+00,1.066607330000000076e+00,1.354404248774723242e-02,1.333793108336804312e-01
-1.572308199999999934e+00,1.568005000000000093e+00,1.067675579999999957e+00,1.336720865911817865e-02,1.300814799880491424e-01
-1.572186949999999861e+00,1.567238279999999984e+00,1.068880720000000117e+00,1.341871471115266279e-02,1.232859676500140389e-01
-1.572134690000000168e+00,1.566464919999999816e+00,1.070123419999999825e+00,1.356645356306836886e-02,1.427464319865083542e-01
-1.571970809999999830e+00,1.565553449999999902e+00,1.071241389999999960e+00,1.338112781161206535e-02,1.429944881458882766e-01
-1.571845009999999876e+00,1.564555839999999920e+00,1.072456550000000064e+00,1.332869225573910486e-02,1.446137175635409944e-01
-1.571689130000000212e+00,1.563387069999999879e+00,1.073704079999999950e+00,1.308634033518141747e-02,1.554223913931923329e-01
-1.571743740000000056e+00,1.562246019999999902e+00,1.074796519999999811e+00,1.271593740384074737e-02,1.679440032335486610e-01
-1.571742970000000073e+00,1.560913820000000118e+00,1.076083660000000108e+00,1.240200787328008501e-02,1.459924838312256223e-01
-1.571728139999999829e+00,1.559672600000000076e+00,1.077292899999999998e+00,1.197598908940721539e-02,1.493713291827638012e-01
-1.571581300000000070e+00,1.558410669999999998e+00,1.078339520000000107e+00,1.171532662751230761e-02,1.473103197307531476e-01
-1.571309099999999903e+00,1.557156910000000005e+00,1.079336560000000000e+00,1.117783877105507466e-02,1.407745465100178339e-01
-1.571151779999999887e+00,1.555868900000000110e+00,1.080389440000000034e+00,1.080289452378409634e-02,1.673705619427186542e-01
-1.570932500000000065e+00,1.554464200000000185e+00,1.081328449999999997e+00,1.021416282876399031e-02,1.313284732895903806e-01
-1.570834749999999946e+00,1.553427459999999982e+00,1.082333500000000059e+00,9.885661196101225984e-03,1.290556629996601479e-01
-1.570881760000000016e+00,1.552454879999999982e+00,1.083516130000000022e+00,9.895679152483712396e-03,1.593094690509501421e-01
-1.570816960000000151e+00,1.551405099999999981e+00,1.084750579999999909e+00,9.594220476307591117e-03,1.339463119293744786e-01
-1.570707049999999994e+00,1.550318639999999970e+00,1.085906169999999893e+00,9.425833511207360946e-03,1.489098507349345124e-01
-1.570546790000000081e+00,1.549128030000000100e+00,1.087024030000000030e+00,9.157496591640121655e-03,1.537775702863628524e-01
-1.570387610000000045e+00,1.547807820000000056e+00,1.088076980000000082e+00,8.629654838109134668e-03,1.757616484837092041e-01
-1.570396920000000085e+00,1.546229819999999977e+00,1.089200100000000004e+00,8.256075678480608374e-03,1.679258060139310615e-01
-1.570214170000000076e+00,1.544706180000000151e+00,1.090237339999999833e+00,7.471328584455364484e-03,1.660062436886291792e-01
-1.570180609999999977e+00,1.543203560000000030e+00,1.091280260000000002e+00,7.133479450681821585e-03,1.622250648322056399e-01
-1.570204039999999912e+00,1.541778309999999985e+00,1.092359180000000096e+00,6.696305261119728756e-03,1.373535143150645677e-01
-1.570276149999999982e+00,1.540569560000000005e+00,1.093452939999999929e+00,6.588471326468584195e-03,1.406085910232293124e-01
-1.570165189999999988e+00,1.539479560000000191e+00,1.094371919999999943e+00,6.710465752546510010e-03,1.065275139930089987e-01
-1.569998659999999990e+00,1.538699659999999803e+00,1.095354570000000027e+00,6.551891973781114563e-03,1.293613474981873679e-01
-1.569900140000000111e+00,1.537734060000000014e+00,1.096398670000000131e+00,6.605368055763504408e-03,1.350430002697667053e-01
-1.569737600000000066e+00,1.536793649999999900e+00,1.097386280000000047e+00,6.887262103397792830e-03,1.131323174016160282e-01
-1.569615120000000141e+00,1.535846089999999942e+00,1.098331550000000156e+00,6.734580060033707599e-03,1.252072014509071352e-01
-1.569671950000000038e+00,1.534972989999999982e+00,1.099398450000000027e+00,7.021029330881764507e-03,1.307035698182804628e-01
-1.569567640000000042e+00,1.533997389999999905e+00,1.100452939999999824e+00,7.419265583957724598e-03,1.173168832550955110e-01
-1.569592620000000105e+00,1.533084370000000085e+00,1.101369579999999848e+00,7.525592348626015428e-03,1.153237200654599198e-01
-1.569565199999999994e+00,1.532203600000000110e+00,1.102417109999999978e+00,7.790064275222496025e-03,1.397584328885805582e-01
-1.569238080000000091e+00,1.531256160000000088e+00,1.103426820000000141e+00,8.022071910946728182e-03,9.385703578311915818e-02
-1.568992150000000141e+00,1.530794039999999967e+00,1.104318869999999952e+00,8.139187312072544006e-03,7.859960583597463968e-02
-1.568611350000000071e+00,1.530412380000000017e+00,1.105080309999999955e+00,8.050568361488623023e-03,8.094384190290720982e-02
-1.568315300000000079e+00,1.530193990000000115e+00,1.105817629999999996e+00,8.153621999271378970e-03,8.716215902037269259e-02
-1.568063189999999940e+00,1.529820249999999993e+00,1.106748870000000107e+00,8.472571067598142283e-03,9.546540649427359693e-02
-1.567676010000000009e+00,1.529597000000000095e+00,1.107701220000000042e+00,8.653390473594754079e-03,8.079623888155876288e-02
-1.567541580000000101e+00,1.529191599999999873e+00,1.108483389999999957e+00,8.756968073968290217e-03,1.089712211575157436e-01
-1.567325830000000142e+00,1.528596049999999984e+00,1.109503609999999973e+00,8.977408521589123544e-03,1.076680310350427300e-01
-1.567251900000000031e+00,1.528022070000000010e+00,1.110540639999999968e+00,9.466388060105043398e-03,1.214735647225163168e-01
-1.566949579999999953e+00,1.527650940000000013e+00,1.111790770000000039e+00,9.746793182011131984e-03,1.256973274423318354e-01
-1.566732419999999903e+00,1.526942019999999900e+00,1.112960820000000073e+00,9.978132344742587576e-03,1.072103615168980423e-01
-1.566681330000000205e+00,1.526357610000000031e+00,1.114091319999999996e+00,1.050812171243762153e-02,1.105590565778230977e-01
-1.566370900000000121e+00,1.525768919999999973e+00,1.114997610000000083e+00,1.063010780418072176e-02,1.045912337065433434e-01
-1.566059250000000125e+00,1.525332350000000003e+00,1.116018970000000055e+00,1.073142287890585349e-02,8.754478779950462808e-02
-1.565518589999999932e+00,1.525136339999999979e+00,1.116884470000000018e+00,1.072529011750266228e-02,1.009646113434851666e-01
-1.565029519999999952e+00,1.524895279999999964e+00,1.117754570000000003e+00,1.085243085551345667e-02,7.330652988011603088e-02
-1.564548700000000014e+00,1.524735680000000038e+00,1.118462920000000027e+00,1.079602531114117608e-02,1.058086254515945290e-01
-1.563838060000000141e+00,1.524300490000000119e+00,1.119278510000000004e+00,1.047085079655915400e-02,1.018528579084146124e-01
-1.563293159999999959e+00,1.523733280000000079e+00,1.120079250000000082e+00,1.035254620016261111e-02,1.048321547953924432e-01
-1.562810420000000144e+00,1.523110919999999924e+00,1.120925809999999911e+00,1.042092982314444562e-02,1.063105189760810004e-01
-1.562355610000000006e+00,1.522438109999999956e+00,1.121891650000000018e+00,1.028059789928096636e-02,1.272401544825362274e-01
-1.561925650000000054e+00,1.521611449999999977e+00,1.122791450000000024e+00,1.020817708151172849e-02,1.209820128783363757e-01
-1.561522340000000009e+00,1.520872079999999960e+00,1.123824930000000055e+00,1.041695420489603327e-02,1.074297844752656605e-01
-1.561109899999999939e+00,1.520147359999999948e+00,1.124789720000000104e+00,1.036389803587419237e-02,1.443401531722786069e-01
-1.560429509999999853e+00,1.519246729999999879e+00,1.125730459999999988e+00,1.010398718153356426e-02,1.119258235353501746e-01
-1.559815160000000089e+00,1.518438090000000074e+00,1.126587070000000024e+00,1.005448374102814804e-02,1.255111051811245715e-01
-1.559284840000000116e+00,1.517539689999999997e+00,1.127495200000000031e+00,9.886384437280468576e-03,1.244764326092919204e-01
-1.558682860000000003e+00,1.516591349999999894e+00,1.128284719999999908e+00,9.655856237563716082e-03,1.313987903800763468e-01
-1.558102670000000023e+00,1.515665110000000038e+00,1.129234520000000019e+00,9.728604015551223574e-03,1.239231850840031984e-01
-1.557526879999999947e+00,1.514912060000000116e+00,1.130219269999999998e+00,9.615672653064916836e-03,1.133577073603397045e-01
-1.557025910000000124e+00,1.514156239999999931e+00,1.131078500000000098e+00,9.551999249146972404e-03,1.122218336107697195e-01
-1.556458370000000091e+00,1.513481859999999957e+00,1.131945970000000079e+00,9.588359538388381911e-03,1.039795872720785386e-01
-1.555803290000000061e+00,1.512834400000000024e+00,1.132769139999999952e+00,9.449088964746990213e-03,1.155369896552100178e-01
-1.555259869999999989e+00,1.512170879999999995e+00,1.133572299999999977e+00,9.293351740965278759e-03,1.058431132624475662e-01
-1.554737629999999982e+00,1.511456690000000158e+00,1.134464299999999870e+00,9.356759581340152315e-03,1.368100560979112479e-01
-1.553976409999999975e+00,1.510610629999999954e+00,1.135455139999999918e+00,9.356520678361061882e-03,1.549741086060465456e-01
-1.553438679999999961e+00,1.509593130000000061e+00,1.136532019999999976e+00,9.397858527329409559e-03,1.501874180605560494e-01
-1.552926899999999888e+00,1.508336450000000051e+00,1.137690569999999957e+00,9.845469529555058580e-03,1.483226208755819286e-01
-1.552308530000000131e+00,1.507196239999999854e+00,1.138685149999999924e+00,1.002438817988421035e-02,1.473583129777951695e-01
-1.551663159999999930e+00,1.505936990000000142e+00,1.139481900000000048e+00,1.019076899726890223e-02,1.459263227135948193e-01
-1.550898740000000053e+00,1.504791959999999928e+00,1.140315739999999911e+00,1.046719356545967178e-02,1.481894782279894740e-01
-1.549930869999999850e+00,1.503733410000000159e+00,1.141096479999999858e+00,1.039181848260426963e-02,1.165448046654336822e-01
-1.549057169999999983e+00,1.502946809999999855e+00,1.141616479999999934e+00,1.025055061815715804e-02,1.162094574556404303e-01
-1.548308060000000097e+00,1.502195094000000175e+00,1.142497659999999859e+00,1.041922416152157513e-02,1.103681646246079395e-01
-1.547715249999999987e+00,1.501651496000000030e+00,1.143410000000000037e+00,1.052974481041745770e-02,1.000543655458179942e-01
-1.547374009999999966e+00,1.501271739999999966e+00,1.144291350000000040e+00,1.058328138954067223e-02,9.882252346093635398e-02
-1.546875950000000000e+00,1.500792708999999947e+00,1.145239230000000052e+00,1.070633222313224081e-02,1.158225939378449698e-01
-1.546382630000000091e+00,1.500155648000000008e+00,1.146229130000000040e+00,1.108390075152709993e-02,1.192874236805330085e-01
-1.545783100000000188e+00,1.499474546999999935e+00,1.147181940000000067e+00,1.118234296267166597e-02,1.189671429885894027e-01
-1.545224209999999987e+00,1.498754369000000031e+00,1.148124149999999899e+00,1.140953152135351645e-02,1.095473602456237122e-01
-1.544748199999999905e+00,1.498150934000000101e+00,1.149056510000000086e+00,1.173807106574385056e-02,9.979834682592779449e-02
-1.544264760000000125e+00,1.497634259999999884e+00,1.149898410000000037e+00,1.193865110359219363e-02,9.627035414917976819e-02
-1.543674520000000161e+00,1.497203610000000129e+00,1.150667610000000174e+00,1.187962536760312979e-02,1.025470970233019058e-01
-1.543155500000000124e+00,1.496730893000000062e+00,1.151554480000000158e+00,1.201024770268496571e-02,1.014296155068114824e-01
-1.542714609999999986e+00,1.496124042000000154e+00,1.152383170000000012e+00,1.238162056787236662e-02,8.788422273198606693e-02
-1.542349810000000154e+00,1.495544380000000118e+00,1.153171210000000002e+00,1.269282587781788395e-02,1.063098616046937034e-01
-1.541804979999999992e+00,1.494944005000000020e+00,1.154016909999999951e+00,1.283539918929394071e-02,1.025879814762420822e-01
-1.541310509999999967e+00,1.494500226999999848e+00,1.154931589999999897e+00,1.299559695680558777e-02,1.066578599646612335e-01
-1.540824629999999917e+00,1.493873161000000005e+00,1.155800299999999892e+00,1.339542591823129729e-02,1.162116130927292323e-01
-1.540334899999999951e+00,1.493143211000000026e+00,1.156731650000000000e+00,1.372971051526655425e-02,1.247553488721063752e-01
-1.539925809999999951e+00,1.492225782999999861e+00,1.157670299999999930e+00,1.428455712436309429e-02,1.185604447885529045e-01
-1.539593640000000097e+00,1.491377829000000155e+00,1.158608799999999883e+00,1.492712724313821279e-02,1.115420701967365230e-01
-1.538960869999999925e+00,1.490473451999999810e+00,1.159340049999999955e+00,1.546763808691255238e-02,1.199044579237433239e-01
-1.538447850000000061e+00,1.489779820999999949e+00,1.160203529999999983e+00,1.575732520009165416e-02,1.037271001404838772e-01
-1.538015350000000003e+00,1.488995359000000018e+00,1.161048209999999914e+00,1.625122625710072669e-02,1.007074552377181242e-01
-1.537542999999999882e+00,1.488397731000000057e+00,1.161855289999999874e+00,1.663361114967091062e-02,1.011668533611803644e-01
-1.537226980000000021e+00,1.487828607000000192e+00,1.162653359999999969e+00,1.707187027160301379e-02,8.731485447296832847e-02
-1.536941360000000145e+00,1.487356643999999894e+00,1.163530759999999997e+00,1.732539990447379274e-02,9.806669684099342255e-02
-1.536741649999999959e+00,1.486939276000000199e+00,1.164507400000000192e+00,1.764094362234255517e-02,9.469377437638744344e-02
-1.536506510000000159e+00,1.486457541000000049e+00,1.165403820000000090e+00,1.804338061282256475e-02,9.888696296330880264e-02
-1.536302309999999949e+00,1.486072072999999882e+00,1.166402439999999929e+00,1.844540109748307385e-02,1.028399285628489590e-01
-1.535877400000000170e+00,1.485660165000000088e+00,1.167370159999999935e+00,1.859748001861604230e-02,9.075340879016224882e-02
-1.535650170000000037e+00,1.485400190999999870e+00,1.168308770000000107e+00,1.877528063258399743e-02,8.863499532138101322e-02
-1.535385050000000140e+00,1.485039156000000027e+00,1.169176769999999976e+00,1.906024565035129015e-02,6.576437867788616221e-02
-1.535197050000000063e+00,1.484911650999999999e+00,1.169924289999999978e+00,1.920457139189520393e-02,8.329729528169661779e-02
-1.534904499999999894e+00,1.485033146999999998e+00,1.170709959999999938e+00,1.908089933895163598e-02,7.714476255697763629e-02
-1.534703979999999968e+00,1.484932445999999961e+00,1.171529950000000042e+00,1.911241563774226590e-02,8.668288309745797449e-02
-1.534451250000000044e+00,1.484626178000000074e+00,1.172480120000000126e+00,1.934052024937751857e-02,8.346818204986206080e-02
-1.534362900000000085e+00,1.484309614999999916e+00,1.173339219999999905e+00,1.969835591785841153e-02,9.766932004114074750e-02
-1.534298500000000010e+00,1.484011773999999839e+00,1.174372520000000142e+00,2.012940582738302273e-02,8.579213100345765841e-02
-1.534270030000000062e+00,1.483901448000000123e+00,1.175311060000000074e+00,2.037629680823301037e-02,7.964400596217406647e-02
-1.533950689999999950e+00,1.483694488999999894e+00,1.176101929999999962e+00,2.045282124304927812e-02,7.562496484971660549e-02
-1.533610960000000079e+00,1.484084913000000006e+00,1.176756109999999911e+00,2.005592041187027538e-02,9.116979593919120883e-02
-1.533006800000000114e+00,1.484833108000000124e+00,1.177252439999999956e+00,1.921744378394970101e-02,1.380637353485013319e-01
-1.532212710000000033e+00,1.485961809999999828e+00,1.177518570000000153e+00,1.794073792142093435e-02,1.465633797551080253e-01
-1.531252449999999987e+00,1.487233190999999843e+00,1.177783409999999975e+00,1.647975387695727739e-02,0.000000000000000000e+00
