-8.739063100000000750e-01,1.648598489999999916e+00,9.568992179999999959e-01,5.060546670916418743e-03,2.574494704638218834e-01
-8.741513699999999831e-01,1.649090019999999823e+00,9.565736609999999640e-01,4.941267873918668389e-03,9.911308889213180096e-02
-8.743798299999999690e-01,1.649253019999999959e+00,9.561700169999999277e-01,4.757350748135920002e-03,1.140301048218572699e-01
-8.742378399999999328e-01,1.649891190000000174e+00,9.551115940000000082e-01,5.202187855060312095e-03,1.262778052786721061e-01
-8.745350299999999910e-01,1.650365709999999986e+00,9.537157439999999209e-01,5.234391747026231369e-03,9.536761099907473116e-02
-8.747104700000000177e-01,1.650844450000000130e+00,9.528087610000000041e-01,5.553378165290149930e-03,1.231443861421518959e-01
-8.746194800000000047e-01,1.651349640000000063e+00,9.515671970000000313e-01,6.197177285055512942e-03,4.032223108447452464e-02
-8.750652500000000167e-01,1.652047999999999961e+00,9.507842679999999325e-01,6.360704823580739208e-03,4.611023106323025589e-01
-8.752029999999999532e-01,1.653102000000000071e+00,9.492939430000000289e-01,7.146600828831111731e-03,1.142360186953177981e-01
-8.753313400000000133e-01,1.653274540000000181e+00,9.490300389999999364e-01,7.239002527760434770e-03,9.756622393238549573e-02
-8.756837100000000040e-01,1.653878350000000053e+00,9.484334389999999892e-01,7.331500978266382307e-03,7.024150484541102912e-02
-8.759882199999999841e-01,1.654407959999999900e+00,9.479707589999999406e-01,7.411240297755941793e-03,9.266504202966983905e-02
-8.763342199999999416e-01,1.655038370000000203e+00,9.472588610000000076e-01,7.632318333941602584e-03,8.766843349150107989e-02
-8.763234100000000248e-01,1.655807540000000078e+00,9.466207959999999311e-01,8.037636684580623872e-03,7.047107965504799398e-02
-8.764843900000000021e-01,1.656450069999999997e+00,9.461649810000000160e-01,8.225533711800197059e-03,8.589903349916026831e-02
-8.767012499999999875e-01,1.657101250000000192e+00,9.455904629999999367e-01,8.398142034591361826e-03,9.326558999831061070e-02
-8.770840500000000040e-01,1.657816989999999935e+00,9.449768080000000570e-01,8.534477458512755924e-03,7.472054215734276472e-02
-8.774455400000000793e-01,1.658523360000000002e+00,9.446650129999999423e-01,8.405926019408437727e-03,8.169415135164054265e-02
-8.781805400000000095e-01,1.658984739999999958e+00,9.444618469999999100e-01,8.045669762438005176e-03,8.901472205309644836e-02
-8.788994199999999868e-01,1.659671859999999999e+00,9.442552870000000542e-01,7.588826174789399873e-03,7.095807914741313061e-02
-8.793958899999999579e-01,1.660310860000000055e+00,9.442815530000000512e-01,7.169758788321189610e-03,7.952931858563629108e-02
-8.798059500000000588e-01,1.660991319999999938e+00,9.440486750000000038e-01,6.972643879155481644e-03,9.941557010993369581e-02
-8.805928100000000036e-01,1.661794360000000026e+00,9.438979379999999919e-01,6.441943468670286062e-03,1.050883738317794081e-01
-8.812666799999999689e-01,1.662586010000000059e+00,9.433005199999999757e-01,6.336121375486744242e-03,1.138445141103184982e-01
-8.821177000000000046e-01,1.663241330000000184e+00,9.427997110000000403e-01,6.150569178931314038e-03,1.209922898012016218e-01
-8.827200800000000180e-01,1.664048079999999930e+00,9.418551550000000550e-01,6.372645593458371553e-03,1.315124967221525942e-01
-8.834054199999999968e-01,1.664848719999999949e+00,9.407870149999999487e-01,6.745337719049099463e-03,1.447158999488372122e-01
-8.840248699999999626e-01,1.665860279999999971e+00,9.398558959999999685e-01,6.988902946251069649e-03,1.100240889200571753e-01
-8.847835199999999345e-01,1.666681480000000048e+00,9.391745120000000169e-01,6.963477399614643494e-03,1.106276461631651303e-01
-8.857294700000000187e-01,1.667372230000000011e+00,9.388834069999999477e-01,6.730827785974739276e-03,1.073879776372487216e-01
-8.866394399999999454e-01,1.668006539999999926e+00,9.385061829999999938e-01,6.624119446212445826e-03,1.173051964789113000e-01
-8.876207700000000589e-01,1.668722390000000111e+00,9.380994670000000202e-01,6.613780003786602635e-03,1.169160575529897550e-01
-8.884978700000000229e-01,1.669566309999999998e+00,9.375563879999999628e-01,6.694908903871963669e-03,1.198617826818035442e-01
-8.893201499999999760e-01,1.670377339999999933e+00,9.369404880000000713e-01,6.858688789225207694e-03,1.340592238944003090e-01
-8.901401800000000586e-01,1.671439319999999951e+00,9.363583599999999452e-01,6.949111285366006870e-03,1.041913175661884905e-01
-8.905198800000000414e-01,1.672469959999999922e+00,9.357831400000000688e-01,6.890874987953260825e-03,1.283819959869169636e-01
-8.910229299999999908e-01,1.673443710000000140e+00,9.350160949999999360e-01,7.036512968084788523e-03,1.245512871268127097e-01
-8.915093200000000495e-01,1.674560810000000011e+00,9.342845950000000510e-01,7.109270428498564755e-03,1.111707504602745950e-01
-8.918143800000000176e-01,1.675673850000000131e+00,9.337608689999999934e-01,6.947322304331340209e-03,1.365067333458343801e-01
-8.920942600000000278e-01,1.676919679999999913e+00,9.331341579999999913e-01,6.725305474561301712e-03,1.162399201425175221e-01
-8.922198199999999968e-01,1.678065800000000163e+00,9.324786569999999886e-01,6.564520128954354043e-03,1.231617484960251391e-01
-8.919793499999999487e-01,1.679411269999999901e+00,9.321519489999999797e-01,5.924762936000139459e-03,1.312500025476382171e-01
-8.918995100000000065e-01,1.680641739999999995e+00,9.315634360000000225e-01,5.520812544924540329e-03,1.153325595504637868e-01
-8.917221799999999199e-01,1.681889259999999942e+00,9.308870710000000104e-01,5.212349868537398921e-03,1.330721103864182797e-01
-8.914041799999999904e-01,1.683138119999999960e+00,9.303752339999999954e-01,4.785320446277004959e-03,1.631113768389669538e-01
-8.911341000000000401e-01,1.684596380000000115e+00,9.293917379999999673e-01,4.553740263809936267e-03,1.358210561801844463e-01
-8.909306700000000356e-01,1.685838359999999980e+00,9.284874749999999510e-01,4.436553911441388706e-03,1.551168780352917276e-01
-8.908103800000000128e-01,1.687152579999999791e+00,9.274280400000000091e-01,4.440127667128586191e-03,1.705282830423844598e-01
-8.908859300000000481e-01,1.688561710000000105e+00,9.262156400000000067e-01,4.470858200904936214e-03,1.405655104013402990e-01
-8.908869900000000452e-01,1.689733829999999992e+00,9.250203070000000416e-01,4.653145679370924992e-03,1.322061328593481244e-01
-8.911930600000000924e-01,1.690918259999999895e+00,9.242561510000000258e-01,4.464278192115806246e-03,1.185119273976445731e-01
-8.917666300000000046e-01,1.692061390000000110e+00,9.235324050000000007e-01,4.085108206036228498e-03,1.374123166272881724e-01
-8.923338200000000553e-01,1.693138509999999819e+00,9.227811449999999693e-01,3.862565608701757497e-03,1.180193991355742988e-01
-8.926780300000000112e-01,1.694325159999999997e+00,9.222457119999999398e-01,3.549661129776250472e-03,1.314513116100299028e-01
-8.931110499999999064e-01,1.695541259999999939e+00,9.213599270000000230e-01,3.298239368697975481e-03,1.316219072297734882e-01
-8.934263199999999960e-01,1.696728519999999962e+00,9.204982160000000357e-01,3.050369456222693561e-03,1.306786850925435728e-01
-8.934375500000000248e-01,1.697956200000000138e+00,9.196521350000000927e-01,2.771672033759386110e-03,1.567049902722837396e-01
-8.936220699999999351e-01,1.699165869999999856e+00,9.184581870000000370e-01,2.780866394807507327e-03,1.576945425320005756e-01
-8.937421100000000340e-01,1.700340930000000084e+00,9.171008459999999696e-01,2.882828987351720822e-03,1.567897252111693507e-01
-8.939118200000000236e-01,1.701603709999999881e+00,9.157357130000000067e-01,2.904677972352506712e-03,1.620344973401739719e-01
-8.939578700000000433e-01,1.702631379999999917e+00,9.142014429999999470e-01,3.159965563696828187e-03,1.537130688771664311e-01
-8.941102800000000350e-01,1.703664410000000018e+00,9.127923229999999055e-01,3.246051342759256973e-03,1.476537584905974476e-01
-8.943441300000000149e-01,1.704585889999999937e+00,9.114014750000000165e-01,3.407009863006745399e-03,1.450011027235517391e-01
-8.941446299999999958e-01,1.705571929999999847e+00,9.099995499999999904e-01,3.458613181652577234e-03,1.571544029155284850e-01
-8.943998699999999857e-01,1.706429030000000013e+00,9.085348730000000206e-01,3.725525414183831260e-03,1.210899614176032396e-01
-8.944014100000000633e-01,1.707356859999999976e+00,9.075111449999999635e-01,3.668614528500483557e-03,1.285507084096399744e-01
-8.946653100000000469e-01,1.708232669999999898e+00,9.064479690000000200e-01,3.709666500099566711e-03,1.462312798371737665e-01
-8.947027899999999700e-01,1.709381409999999990e+00,9.053415339999999478e-01,3.402641936460018123e-03,1.136502644746993917e-01
-8.944451799999999508e-01,1.710105399999999998e+00,9.043684650000000103e-01,3.321713345944399005e-03,1.414299047009583699e-01
-8.941563599999999834e-01,1.710954269999999999e+00,9.030267680000000352e-01,3.426365903975296320e-03,1.192268297602170624e-01
-8.940565200000000212e-01,1.711730590000000163e+00,9.019863704999999676e-01,3.371755591434520433e-03,1.223957994560638946e-01
-8.940846800000000760e-01,1.712437989999999965e+00,9.008541639999999573e-01,3.371562663186907123e-03,1.179402442368890219e-01
-8.941606900000000913e-01,1.713139650000000014e+00,8.997083678000000750e-01,3.485745251069865148e-03,1.338605720489250694e-01
-8.943448699999999585e-01,1.713950140000000122e+00,8.985075461999999513e-01,3.548945689828696733e-03,1.206235847154613072e-01
-8.944661299999999704e-01,1.714541470000000123e+00,8.973381279000000044e-01,3.602300510956491647e-03,1.214024725670373450e-01
-8.945055400000000434e-01,1.715199059999999998e+00,8.960523925000000167e-01,3.742656566699156372e-03,1.405838443166757545e-01
-8.946152299999999835e-01,1.715893939999999951e+00,8.947674948999999600e-01,3.916339783671361763e-03,1.417629811531433137e-01
-8.947411500000000961e-01,1.716448610000000041e+00,8.933292212900000306e-01,4.201086626526935076e-03,1.405769277406357098e-01
-8.945096800000000847e-01,1.717084720000000120e+00,8.917994439999999967e-01,4.331386101923501326e-03,1.548658296415302560e-01
-8.944798000000000471e-01,1.717832369999999997e+00,8.903697162000000498e-01,4.364791079609925233e-03,1.315436745783094552e-01
-8.944190800000000330e-01,1.718299639999999906e+00,8.889446637999999234e-01,4.644754015513747475e-03,1.369579479146996182e-01
-8.943699600000000194e-01,1.718942409999999921e+00,8.875211480999999347e-01,4.789519283388835730e-03,1.164729489023178521e-01
-8.942101900000000159e-01,1.719506160000000117e+00,8.863936009999999754e-01,4.779902638977004056e-03,1.285954477058352252e-01
-8.942500399999999683e-01,1.720120420000000205e+00,8.851328489999999993e-01,4.785669303033679954e-03,1.207816838401736398e-01
-8.942242700000000433e-01,1.720700019999999997e+00,8.838828160000000711e-01,4.853040879897425192e-03,1.241306880937628199e-01
-8.942972000000000143e-01,1.721256420000000009e+00,8.827188339999999522e-01,4.931466491740166616e-03,1.137421027671664531e-01
-8.942003099999999982e-01,1.721869560000000021e+00,8.815790989999999772e-01,4.794701304993001512e-03,1.436449783294685145e-01
-8.940684299999999141e-01,1.722329200000000116e+00,8.800114310000000106e-01,5.012636832412616268e-03,1.475014309331818541e-01
-8.938884699999999350e-01,1.722833040000000038e+00,8.784937059999999853e-01,5.163783917800498710e-03,1.617770735915214364e-01
-8.936622199999999516e-01,1.723140780000000039e+00,8.767705580000000332e-01,5.545890176208374649e-03,1.660136477691737111e-01
-8.930989300000000686e-01,1.723555220000000165e+00,8.749211539999999232e-01,5.798455298250942275e-03,1.538993896348139767e-01
-8.928163300000000469e-01,1.723956579999999850e+00,8.733928520000000528e-01,6.008866562140070464e-03,1.609432343754913786e-01
-8.926325699999999586e-01,1.724496789999999891e+00,8.717339809999999911e-01,6.060486766536432764e-03,1.337370685869011810e-01
-8.925231799999999716e-01,1.724846469999999909e+00,8.701852730000000369e-01,6.222013921041224388e-03,1.394184018502808431e-01
-8.925007699999999433e-01,1.725337040000000099e+00,8.688180280000000755e-01,6.196433334692073858e-03,1.225431047420977165e-01
-8.923467499999999664e-01,1.725564270000000011e+00,8.674482850000000411e-01,6.430861267017361736e-03,1.334411072842204005e-01
-8.923298299999999905e-01,1.725919800000000004e+00,8.659679219999999455e-01,6.598785497876419152e-03,1.505211559227787321e-01
-8.920622599999999958e-01,1.726242340000000208e+00,8.644564900000000218e-01,6.699374504780079842e-03,1.529695953305745815e-01
-8.918046900000000665e-01,1.726647040000000022e+00,8.627783390000000052e-01,6.759731477493908722e-03,1.506110961140267324e-01
-8.915272599999999326e-01,1.727065499999999920e+00,8.611363969999999979e-01,6.774952884176306707e-03,1.638595622562752374e-01
-8.911253900000000172e-01,1.727483729999999884e+00,8.595305289999999321e-01,6.754496453877476859e-03,1.462523610895805903e-01
-8.906664300000000090e-01,1.727903009999999906e+00,8.579819140000000122e-01,6.708127964938970234e-03,1.581288015407063541e-01
-8.899652999999999592e-01,1.728333090000000016e+00,8.563760329999999810e-01,6.665525460035958381e-03,1.308778845857563045e-01
-8.894300200000000434e-01,1.728918479999999924e+00,8.551887689999999598e-01,6.423344615942740490e-03,1.190456483301998297e-01
-8.889781399999999723e-01,1.729226280000000004e+00,8.539453689999999542e-01,6.393765271040212882e-03,1.228957481980228056e-01
-8.886258700000000399e-01,1.729722089999999879e+00,8.526832429999999796e-01,6.155387107181015810e-03,1.250911377754349019e-01
-8.883469500000000796e-01,1.730207260000000025e+00,8.515060560000000667e-01,5.947136153816758378e-03,1.326956475688784165e-01
-8.882044899999999021e-01,1.730609509999999851e+00,8.501226800000000194e-01,5.817254150937597491e-03,1.439790000226534028e-01
-8.878886400000000068e-01,1.731020620000000010e+00,8.485638039999999771e-01,5.645148792655072661e-03,1.468241833536109153e-01
-8.876957899999999846e-01,1.731542230000000071e+00,8.470615989999999984e-01,5.319679332911040649e-03,1.407061729177756237e-01
-8.873986099999999766e-01,1.731946420000000098e+00,8.455365519999999968e-01,5.134328001871682999e-03,1.804727052716845748e-01
-8.866792700000000194e-01,1.732321900000000081e+00,8.437425430000000670e-01,5.111630727737248754e-03,1.519050019822200392e-01
-8.862943500000000085e-01,1.732618019999999870e+00,8.421580260000000040e-01,5.046990568841740535e-03,1.479875040545496345e-01
-8.860079800000000283e-01,1.732862319999999956e+00,8.405119559999999490e-01,4.988083614208583226e-03,1.455120045723448940e-01
-8.858952300000000335e-01,1.733185069999999994e+00,8.388872569999999973e-01,4.790172666600833219e-03,1.560602621341347085e-01
-8.858177299999999699e-01,1.733602249999999900e+00,8.373174569999999317e-01,4.430314665602301007e-03,1.420739032091405396e-01
-8.856348200000000448e-01,1.733801649999999972e+00,8.357205560000000588e-01,4.246124406613211409e-03,1.632896644662438779e-01
-8.852662500000000323e-01,1.733942349999999966e+00,8.338996829999999472e-01,4.193134699969599047e-03,1.366661986849330712e-01
-8.849925799999999176e-01,1.734193120000000032e+00,8.324541970000000068e-01,3.983623178792110829e-03,1.592965875031408240e-01
-8.848996399999999873e-01,1.734294040000000203e+00,8.307216699999999676e-01,3.835987066727320621e-03,1.513478352578787323e-01
-8.848321199999999997e-01,1.734423389999999898e+00,8.290009799999999984e-01,3.650963940509497664e-03,1.508883882314793479e-01
-8.847948599999999608e-01,1.734655269999999971e+00,8.273716399999999638e-01,3.392459260197657270e-03,1.660126396438334762e-01
-8.849366800000000310e-01,1.734542690000000054e+00,8.255694899999999059e-01,3.377131227032825495e-03,1.569125151711613098e-01
-8.849660300000000701e-01,1.734569940000000088e+00,8.237795799999999558e-01,3.176793407966437346e-03,1.514066517315019178e-01
-8.850749300000000375e-01,1.734604370000000007e+00,8.221317000000000208e-01,2.966590130065224502e-03,1.409400941624989467e-01
-8.850617200000000517e-01,1.734676850000000048e+00,8.205252400000000446e-01,2.762560499337465749e-03,1.423964752661546207e-01
-8.846658899999999548e-01,1.734592000000000134e+00,8.189517500000000894e-01,2.698084959855736892e-03,1.291434214020975302e-01
-8.843690399999999396e-01,1.734578490000000084e+00,8.176247300000000218e-01,2.698246303175353376e-03,1.380804882050005455e-01
-8.841361699999999990e-01,1.734497810000000140e+00,8.161385800000000579e-01,2.549130972586371394e-03,1.393355891077248110e-01
-8.837673699999999410e-01,1.734431980000000095e+00,8.145219099999999601e-01,2.340016362634927179e-03,1.456614448405018636e-01
-8.834564900000000387e-01,1.734423889999999968e+00,8.130378200000000222e-01,2.112880243790390793e-03,1.551242486001223331e-01
-8.832577799999999923e-01,1.734192790000000040e+00,8.113715200000000127e-01,2.119434841862346229e-03,1.380692558017648508e-01
-8.831789500000000182e-01,1.733988279999999937e+00,8.097431600000000174e-01,2.156919955051714126e-03,1.571611357973685952e-01
-8.830414399999999553e-01,1.733768610000000043e+00,8.081261899999999665e-01,2.200289636343296870e-03,1.546018763050560074e-01
-8.828968099999999763e-01,1.733639249999999965e+00,8.063744200000000362e-01,1.965445323329994415e-03,1.599757071734757008e-01
-8.827160600000000246e-01,1.733374780000000115e+00,8.045774399999999771e-01,1.857940751907745250e-03,1.773339995258500223e-01
-8.827092800000000405e-01,1.733149910000000071e+00,8.027433800000000064e-01,1.804474775357050838e-03,1.537362715950170156e-01
-8.826648999999999745e-01,1.732894680000000021e+00,8.010084600000000332e-01,1.799002553083170258e-03,1.531335962176701704e-01
-8.825821200000000255e-01,1.732613410000000131e+00,7.992875499999999578e-01,1.839506786342374545e-03,1.352065470093839483e-01
-8.825285099999999883e-01,1.732292319999999997e+00,7.978474399999999633e-01,2.033010300047686809e-03,1.459685366810727358e-01
-8.827114999999999823e-01,1.731881580000000032e+00,7.963196999999999637e-01,2.516878985251384555e-03,1.378641474743464435e-01
-8.829617100000000107e-01,1.731490989999999952e+00,7.948166299999999129e-01,2.799766216865322982e-03,1.189296571590075513e-01
-8.829624899999999332e-01,1.731181659999999845e+00,7.935565299999999267e-01,2.932108205472599115e-03,1.267582068023838104e-01
-8.829205600000000764e-01,1.730713210000000002e+00,7.922560100000000105e-01,3.205957018707605508e-03,1.341150943166826981e-01
-8.826242199999999594e-01,1.730292380000000074e+00,7.908106499999999484e-01,3.113454440858252556e-03,1.315724599215664092e-01
-8.824701399999999030e-01,1.730017609999999983e+00,7.894102000000000618e-01,3.046321329357675953e-03,1.591238717871945041e-01
-8.821472999999999676e-01,1.729512839999999940e+00,7.876962899999999657e-01,2.971597883243964813e-03,1.879942408023344280e-01
-8.815905800000000125e-01,1.728958930000000116e+00,7.858015999999999890e-01,2.694924989178723758e-03,1.624364234637837023e-01
-8.812594400000000050e-01,1.728341920000000087e+00,7.841736500000000554e-01,2.622275338422746724e-03,1.631950359124627603e-01
-8.809911099999999662e-01,1.727762149999999997e+00,7.824245899999999754e-01,2.621933017965883891e-03,1.779491988910952005e-01
-8.806549299999999469e-01,1.727134380000000080e+00,7.806184999999999929e-01,2.563561568852948044e-03,1.521383929904888410e-01
-8.804803199999999830e-01,1.726587110000000092e+00,7.790612199999999987e-01,2.686418367808757288e-03,1.397002117370736152e-01
-8.802339599999999820e-01,1.725751269999999948e+00,7.776438399999999751e-01,2.758534293442749252e-03,1.642956902291548837e-01
-8.799203200000000891e-01,1.725009089999999912e+00,7.760426899999999240e-01,2.636412578600097392e-03,1.333470216565810496e-01
-8.798271099999999123e-01,1.724453510000000023e+00,7.747013499999999553e-01,2.625885845709952267e-03,1.367877712075651064e-01
-8.798419800000000235e-01,1.723648730000000073e+00,7.734446900000000458e-01,2.820934657059636936e-03,1.396252439299445758e-01
-8.796853199999999928e-01,1.722875260000000130e+00,7.720607800000000021e-01,2.923630873143830654e-03,1.364712180826276322e-01
-8.795401500000000761e-01,1.722218009999999966e+00,7.708081100000000463e-01,2.998726975684892857e-03,1.343720055458517693e-01
-8.793220399999999159e-01,1.721390540000000025e+00,7.695359699999999581e-01,2.878338801131581897e-03,1.402110488415227452e-01
-8.789706900000000545e-01,1.720653589999999955e+00,7.681618099999999449e-01,2.693569996176194744e-03,1.166570475269410184e-01
-8.788861299999999321e-01,1.720089030000000019e+00,7.670229600000000314e-01,2.859983967332570785e-03,1.411188080159410108e-01
-8.787817399999999779e-01,1.719223089999999843e+00,7.657542600000000199e-01,2.934967421164952437e-03,1.363654930059605142e-01
-8.786182200000000053e-01,1.718374140000000105e+00,7.644606499999999638e-01,2.858756756791261226e-03,1.087340140773229019e-01
-8.786873800000000179e-01,1.717695030000000012e+00,7.634904200000000030e-01,3.064987977089013351e-03,9.307290463464383545e-02
-8.787738299999999780e-01,1.717098500000000083e+00,7.626732600000000195e-01,3.272298815893762147e-03,8.248623814572891844e-02
-8.785960400000000226e-01,1.716363960000000022e+00,7.620468599999999926e-01,3.199431160503340629e-03,7.881271068326477225e-02
-8.786038999999999932e-01,1.715761239999999965e+00,7.614879599999999638e-01,3.291190887991712107e-03,8.796980040046684102e-02
-8.785289299999999857e-01,1.714979460000000122e+00,7.608643400000000279e-01,3.427709700091256806e-03,1.047601583965366429e-01
-8.784338899999999395e-01,1.714144899999999971e+00,7.600892200000000098e-01,3.462600736224061455e-03,1.046407300936869067e-01
-8.782961300000000637e-01,1.713291059999999977e+00,7.593440499999999371e-01,3.522668529254575128e-03,1.130152844992219768e-01
-8.782347600000000032e-01,1.712269159999999957e+00,7.585599899999999618e-01,3.788417660356414168e-03,1.233442863743230977e-01
-8.779611899999999469e-01,1.711241339999999944e+00,7.576383300000000265e-01,3.712196719006064828e-03,1.112906595423368422e-01
-8.779749199999999920e-01,1.710436280000000142e+00,7.568053399999999931e-01,3.917725472566878364e-03,1.328560853137240594e-01
-8.778022199999999664e-01,1.709276930000000139e+00,7.558441099999999579e-01,4.130247048954699754e-03,1.388177199937580264e-01
-8.775328300000000414e-01,1.708160759999999945e+00,7.547530399999999862e-01,4.074131507217337508e-03,1.467589633348758971e-01
-8.774091800000000108e-01,1.707094670000000036e+00,7.535648600000000030e-01,4.093352115674896499e-03,1.529386265598886852e-01
-8.771486800000000139e-01,1.705941959999999868e+00,7.523869599999999380e-01,4.074615666980252460e-03,1.589328758952987530e-01
-8.768695100000000187e-01,1.704662530000000009e+00,7.511324799999999913e-01,4.080391201269720561e-03,1.528220767337332142e-01
-8.768724999999999437e-01,1.703522910000000001e+00,7.499154899999999069e-01,4.213359235835430032e-03,1.546075557403199796e-01
-8.767958300000000538e-01,1.702259100000000025e+00,7.486871000000000498e-01,4.335785318589974700e-03,1.732699080342069431e-01
-8.767597200000000202e-01,1.700833939999999878e+00,7.474457000000001017e-01,4.530949078725301712e-03,1.545382911213921129e-01
-8.767909400000000186e-01,1.699558780000000047e+00,7.463407999999999154e-01,4.764280654621393628e-03,1.531707600656001811e-01
-8.768245500000000359e-01,1.698084139999999964e+00,7.452699400000000196e-01,5.051217499940047900e-03,1.735553142396217274e-01
-8.767440200000000683e-01,1.696721660000000131e+00,7.440835199999999983e-01,5.113023280447637729e-03,1.656894340900922635e-01
-8.766873899999999553e-01,1.695404309999999803e+00,7.428469899999999848e-01,5.116867660620214552e-03,1.585649223983331968e-01
-8.765077700000000194e-01,1.694058880000000045e+00,7.416507700000000147e-01,5.058946164588038440e-03,1.660482218241286501e-01
-8.760800100000000201e-01,1.692707139999999999e+00,7.403965699999999206e-01,4.814484977710433398e-03,1.411822159726190129e-01
-8.759478099999999934e-01,1.691590750000000032e+00,7.394477000000000411e-01,4.756129251881174337e-03,1.359952988091473747e-01
-8.758465899999999804e-01,1.690309859999999942e+00,7.384637399999999241e-01,4.801237043648176953e-03,1.438695146562678495e-01
-8.758250899999999728e-01,1.689095879999999994e+00,7.374667599999999990e-01,4.845794522686667008e-03,1.264673870318816229e-01
-8.756757900000000649e-01,1.687990820000000003e+00,7.367669299999999311e-01,4.929567186011362713e-03,1.376169763174504013e-01
-8.757317399999999807e-01,1.686746570000000167e+00,7.358107200000000292e-01,4.949860209834162569e-03,1.412413237493933826e-01
-8.757283900000000232e-01,1.685526940000000140e+00,7.347573499999999758e-01,4.865342346659627150e-03,1.283918008206670347e-01
-8.758121600000000617e-01,1.684489679999999989e+00,7.338196699999999240e-01,4.823461929662127036e-03,1.362675143732307581e-01
-8.758029399999999187e-01,1.683314280000000052e+00,7.328019500000000352e-01,4.764295068370493283e-03,1.443500855753211132e-01
-8.756207999999999769e-01,1.682142339999999958e+00,7.317658400000000007e-01,4.518151666467126043e-03,1.165548048499220335e-01
-8.756880900000000301e-01,1.681182310000000069e+00,7.309346599999999583e-01,4.371655504474129469e-03,1.389372001460741080e-01
-8.755895700000000392e-01,1.679901599999999995e+00,7.301298599999999084e-01,4.385024488700093800e-03,1.484431577763316579e-01
-8.753136400000000039e-01,1.678679620000000039e+00,7.289899800000000374e-01,4.052356831820241173e-03,1.269616320566536172e-01
-8.753065599999999558e-01,1.677558569999999971e+00,7.281764099999999962e-01,3.998189641400203866e-03,1.359267220086118610e-01
-8.754333700000000995e-01,1.676253699999999958e+00,7.273478200000000893e-01,3.981408455722794219e-03,1.304646969834081793e-01
-8.754012600000000699e-01,1.675062509999999838e+00,7.265693699999999922e-01,3.909432203607164993e-03,1.035774464987030269e-01
-8.754430500000000004e-01,1.674072169999999860e+00,7.260245499999999907e-01,4.069236536980838648e-03,1.313593417296258503e-01
-8.756418299999999544e-01,1.672889840000000072e+00,7.251273099999999694e-01,3.896634409666760099e-03,1.242187022200147151e-01
-8.756291100000000993e-01,1.671713919999999964e+00,7.244512699999999805e-01,3.837657867944993615e-03,1.046711992777464573e-01
-8.757689599999999297e-01,1.670698589999999983e+00,7.239476199999999029e-01,4.016184165610349119e-03,1.383208044226696964e-01
-8.761097300000000310e-01,1.669417360000000183e+00,7.230913900000000005e-01,3.986223896697188400e-03,1.522995512354505532e-01
-8.763380299999999901e-01,1.667944359999999904e+00,7.222010700000000005e-01,3.929564407335780531e-03,1.421204621602673579e-01
-8.766742899999999672e-01,1.666699420000000043e+00,7.214730099999999702e-01,3.936957634595533717e-03,1.457756822283738651e-01
-8.769180699999999939e-01,1.665226760000000139e+00,7.205892200000000303e-01,3.885629799260324410e-03,1.453110559466282703e-01
-8.770121900000000803e-01,1.663821839999999996e+00,7.197137900000000199e-01,3.739986918399604461e-03,1.582743104251552457e-01
-8.771185599999999916e-01,1.662380720000000034e+00,7.189189699999999350e-01,3.679674238692856245e-03,1.399281507804500668e-01
-8.771961099999999734e-01,1.660986840000000075e+00,7.181442999999999577e-01,3.602803627135391703e-03,1.602418852990630249e-01
-8.771070699999999887e-01,1.659495910000000185e+00,7.172356600000000526e-01,3.250394169419990823e-03,1.398515769996212799e-01
-8.773185799999999590e-01,1.658179190000000025e+00,7.164943900000000365e-01,3.068747032682837047e-03,1.570046829110418596e-01
-8.774721399999999560e-01,1.656570010000000037e+00,7.157223099999999727e-01,2.963959871826875401e-03,1.850164155995671356e-01
-8.779219499999999510e-01,1.654863739999999916e+00,7.147420599999999569e-01,2.814867424888704058e-03,1.664184944120491727e-01
-8.781134699999999516e-01,1.653234430000000144e+00,7.139641699999998981e-01,2.672459849408262769e-03,1.647893069778121611e-01
-8.784857400000000149e-01,1.651602800000000038e+00,7.131070699999999540e-01,2.521497988993794126e-03,1.633499503217028248e-01
-8.789466599999999907e-01,1.650030509999999895e+00,7.124060300000000234e-01,2.522283518282585416e-03,1.414094805326055748e-01
-8.793511999999999995e-01,1.648631009999999897e+00,7.118982199999999150e-01,2.660625815574129728e-03,1.625336716894891786e-01
-8.798073500000000990e-01,1.646927760000000074e+00,7.113236200000000453e-01,2.761912202532973513e-03,1.680389638941114649e-01
-8.803488499999999606e-01,1.645305399999999807e+00,7.106635599999999720e-01,2.824659352222770245e-03,1.771622965390774462e-01
-8.811576899999999934e-01,1.643747999999999987e+00,7.098493399999999953e-01,2.944144283098229422e-03,1.720444923558341888e-01
-8.816905699999999513e-01,1.641976080000000060e+00,7.091988299999999468e-01,2.966930312663155350e-03,1.581221375497866843e-01
-8.821756300000000994e-01,1.640343990000000085e+00,7.086021800000000814e-01,2.955961114663129257e-03,1.453387498412311574e-01
-8.827431800000000717e-01,1.638916269999999953e+00,7.082100900000000143e-01,3.041408789262030083e-03,1.509319470729518220e-01
-8.831723899999999183e-01,1.637270610000000071e+00,7.079297099999999343e-01,3.113046009345075017e-03,1.574449267106333983e-01
-8.835350900000000784e-01,1.635698370000000068e+00,7.073406099999999253e-01,2.949325820098510839e-03,1.547375103256752593e-01
-8.841873300000000491e-01,1.634249080000000021e+00,7.067713399999999702e-01,3.059114397485071263e-03,1.596133153821539530e-01
-8.846090799999999366e-01,1.632612359999999985e+00,7.060930400000000606e-01,2.904835790814977881e-03,1.698290998738225532e-01
-8.851158800000000770e-01,1.630972520000000037e+00,7.053951700000000713e-01,2.825981272354881682e-03,1.446759600966567860e-01
-8.855325399999999236e-01,1.629545819999999923e+00,7.048637700000000006e-01,2.853844025327818314e-03,1.608429594229920379e-01
-8.859949000000000296e-01,1.627942680000000086e+00,7.040994799999999998e-01,2.722764408243986706e-03,1.746626804433438207e-01
-8.861529999999999685e-01,1.626252880000000012e+00,7.032330400000000870e-01,2.328645282132869431e-03,1.556387853291168188e-01
-8.865331199999999523e-01,1.624703869999999828e+00,7.026459099999999847e-01,2.211970968932388919e-03,1.437492086592764007e-01
-8.869335700000000600e-01,1.623182880000000106e+00,7.021858500000000003e-01,2.162590010566082556e-03,1.432570452452764931e-01
-8.874263199999999907e-01,1.621734829999999850e+00,7.018647999999999554e-01,2.247829850166518147e-03,1.291863206527767705e-01
-8.879481599999999863e-01,1.620430760000000081e+00,7.017334200000000521e-01,2.455080406748414140e-03,1.413198897764349482e-01
-8.885292000000000190e-01,1.618877649999999946e+00,7.014535400000000420e-01,2.407748503498656316e-03,1.523788626545110048e-01
-8.891265100000000920e-01,1.617381919999999917e+00,7.010415700000000028e-01,2.485767365503069055e-03,1.515806672890589735e-01
-8.896934899999999757e-01,1.615948879999999921e+00,7.006955400000000056e-01,2.592157232904682401e-03,1.362602375209983063e-01
-8.902798000000000656e-01,1.614446449999999977e+00,7.005277500000000046e-01,2.657812212139924399e-03,1.373695934724218914e-01
-8.911167499999999020e-01,1.613045330000000055e+00,7.004134300000000035e-01,2.968651760025013079e-03,1.600408243162515509e-01
-8.920959400000000317e-01,1.611616549999999926e+00,7.001931200000000022e-01,3.362763806826197816e-03,1.618421512349954572e-01
-8.929372300000000262e-01,1.610157720000000126e+00,7.002428299999999828e-01,3.441927426922399783e-03,1.441172157209188176e-01
-8.935500500000000956e-01,1.608709299999999898e+00,7.001851500000000339e-01,3.407254853250765367e-03,1.481466315408491441e-01
-8.942703199999999519e-01,1.607263359999999919e+00,7.002379399999999476e-01,3.464328344080504565e-03,1.355431510373122095e-01
-8.952099100000000531e-01,1.606035069999999898e+00,7.002536299999999603e-01,3.857986845221172880e-03,1.782091103700454704e-01
-8.964628900000000122e-01,1.604554430000000087e+00,7.003878199999999943e-01,4.355247223224002241e-03,1.561921310058401180e-01
-8.972710099999999800e-01,1.603055090000000016e+00,7.004396099999999903e-01,4.482703781904361778e-03,1.447160722760916229e-01
-8.982785100000000300e-01,1.601787829999999913e+00,7.007643399999999856e-01,4.740517721578535286e-03,1.685115184886520623e-01
-8.994423099999999671e-01,1.600439310000000059e+00,7.012194200000000377e-01,5.157444912221541972e-03,1.491855743332411166e-01
-9.002110600000000629e-01,1.599022649999999990e+00,7.014456599999999709e-01,5.222269045702397465e-03,1.413785614394282852e-01
-9.009420799999999785e-01,1.597621269999999871e+00,7.017679799999999579e-01,5.277215185843636518e-03,1.696363571494932665e-01
-9.019101000000000479e-01,1.596053649999999990e+00,7.019435200000000430e-01,5.449065267630721736e-03,1.651877268322281544e-01
-9.027620100000000036e-01,1.594463790000000047e+00,7.019640799999999903e-01,5.490206577588937695e-03,1.685409221893495180e-01
-9.036338499999999607e-01,1.592736520000000100e+00,7.019720999999999878e-01,5.456073758015060962e-03,1.721066452317351059e-01
-9.042303300000000821e-01,1.590962529999999875e+00,7.018205499999999875e-01,5.165881056344583284e-03,1.629897653994229478e-01
-9.050483400000000067e-01,1.589384990000000109e+00,7.018856399999999773e-01,5.155215395432141343e-03,1.677857370989383201e-01
-9.058190299999999695e-01,1.587547370000000013e+00,7.020354600000000556e-01,4.927561269573336317e-03,1.784075772879808730e-01
-9.066586499999998994e-01,1.585791540000000222e+00,7.020634700000000228e-01,4.808020749851245855e-03,1.786743727312572749e-01
-9.075140300000000826e-01,1.584040250000000150e+00,7.020975799999999989e-01,4.700114018383168280e-03,1.670303195588447587e-01
-9.083302599999999449e-01,1.582319540000000080e+00,7.021683199999999569e-01,4.575480109190668485e-03,1.886407052630655334e-01
-9.091723699999999520e-01,1.580442579999999930e+00,7.021079399999999859e-01,4.424340422808768596e-03,2.161788058164187121e-01
-9.101593900000000126e-01,1.578427669999999949e+00,7.019079799999999869e-01,4.404182023872348951e-03,1.838472910581047115e-01
-9.112254499999999924e-01,1.576520829999999984e+00,7.020254200000000111e-01,4.392704205589097709e-03,2.057049942835549317e-01
-9.124630900000000322e-01,1.574652630000000109e+00,7.021472399999999503e-01,4.538625954250973503e-03,1.933717630284689515e-01
-9.137393400000000110e-01,1.572987730000000139e+00,7.023708400000000518e-01,4.744336720143292260e-03,1.785930737645629041e-01
-9.149622700000000775e-01,1.571357940000000175e+00,7.023948299999999145e-01,5.056818164953325555e-03,1.820274826862996465e-01
-9.160116600000000053e-01,1.569677339999999921e+00,7.025303099999999912e-01,5.179538318933402281e-03,1.755530326492093229e-01
-9.171168499999999835e-01,1.568120750000000063e+00,7.027051500000000006e-01,5.363391284206305530e-03,1.649915524080475260e-01
-9.182356000000000407e-01,1.566517069999999956e+00,7.028830299999999642e-01,5.552789485997162468e-03,1.944407186962858192e-01
-9.195516200000000140e-01,1.565001450000000016e+00,7.031585200000000091e-01,5.813457941819121996e-03,1.626018855885388581e-01
-9.207070500000000823e-01,1.563680399999999970e+00,7.034169500000000408e-01,6.052888955284062983e-03,1.446180001736174781e-01
-9.217903300000001021e-01,1.562364120000000023e+00,7.036528899999999753e-01,6.286875497367561995e-03,1.601329132877634953e-01
-9.226949899999999927e-01,1.560989010000000121e+00,7.039263799999999627e-01,6.339441542012975647e-03,1.485749602272549985e-01
-9.236869699999999961e-01,1.559735340000000026e+00,7.041942100000000426e-01,6.452222187479318173e-03,1.274493878705628969e-01
-9.246009600000000273e-01,1.558616210000000057e+00,7.046551300000000184e-01,6.413626081601584393e-03,1.502450137094153704e-01
-9.256102299999999783e-01,1.557421300000000119e+00,7.051504499999999842e-01,6.419000122246520425e-03,1.585141015098731065e-01
-9.268032600000000176e-01,1.556267140000000104e+00,7.056355600000000505e-01,6.551984500042741001e-03,1.724297674879673448e-01
-9.280658399999999197e-01,1.554966870000000112e+00,7.064011000000000040e-01,6.458392521401826528e-03,1.700200232096587827e-01
-9.293107800000000029e-01,1.553837249999999948e+00,7.071851599999999793e-01,6.387923110409292164e-03,1.702466220599747615e-01
-9.306432800000000727e-01,1.552837110000000020e+00,7.080061399999999505e-01,6.342220534016611289e-03,1.715188163376852870e-01
-9.319612400000000241e-01,1.551667829999999970e+00,7.088581000000000465e-01,6.245705302886146552e-03,1.874328588745693414e-01
-9.334021699999999200e-01,1.550535780000000141e+00,7.097656800000000654e-01,6.210598761609018373e-03,1.745686266943952125e-01
-9.347020299999999615e-01,1.549468179999999862e+00,7.106589800000000512e-01,6.102908580807904146e-03,1.617401993018344752e-01
-9.360187600000000607e-01,1.548364969999999952e+00,7.115306599999999815e-01,6.019495540832347363e-03,1.955763534880118892e-01
-9.373654200000000047e-01,1.547121060000000048e+00,7.124162200000000444e-01,5.916199598086585056e-03,1.734030459653584100e-01
-9.385587900000000872e-01,1.545821840000000114e+00,7.130996000000000556e-01,5.814339285052104282e-03,1.545455746813669817e-01
-9.397670300000000587e-01,1.544663609999999965e+00,7.138654700000000020e-01,5.700302358112263774e-03,1.816927848262252232e-01
-9.409810699999999750e-01,1.543490900000000110e+00,7.147188599999999559e-01,5.527115902394325042e-03,1.689394782579555498e-01
-9.422333600000000198e-01,1.542397589999999985e+00,7.155188000000000104e-01,5.433839065679089107e-03,1.579772778409581913e-01
-9.434650299999999268e-01,1.541343690000000155e+00,7.164708300000000030e-01,5.228688141580012903e-03,1.648380575509103274e-01
-9.445174800000000204e-01,1.540477439999999865e+00,7.175158700000000556e-01,4.896484825555874089e-03,1.552703251492705827e-01
-9.455934599999999968e-01,1.539557159999999980e+00,7.184459599999999391e-01,4.662412319475906126e-03,1.310703672441555223e-01
-9.465694599999999737e-01,1.538797430000000022e+00,7.193962099999999804e-01,4.448562740773763166e-03,1.327723826855596312e-01
-9.472688599999999903e-01,1.537952989999999964e+00,7.203428400000000398e-01,3.915165147640660079e-03,1.458862151939609719e-01
-9.481040500000000870e-01,1.537179519999999799e+00,7.213502999999999998e-01,3.465090422038013575e-03,1.495631360038385815e-01
-9.491180799999999751e-01,1.536211960000000154e+00,7.224472100000000063e-01,3.040470894466830009e-03,1.665646261183132693e-01
-9.502966099999999861e-01,1.535342709999999888e+00,7.235260599999999709e-01,2.782437780759861295e-03,1.529897554721323660e-01
-9.513968699999999501e-01,1.534474829999999956e+00,7.244327699999999481e-01,2.628951658494310326e-03,1.420758520553331294e-01
-9.524504299999999590e-01,1.533585690000000001e+00,7.252855999999999748e-01,2.427487444045783524e-03,1.573309529913229365e-01
-9.535067299999999690e-01,1.532586479999999973e+00,7.261978499999999226e-01,2.024570857688173797e-03,1.584249695977233141e-01
-9.545413400000000159e-01,1.531374679999999877e+00,7.268675500000000289e-01,1.790942689339903313e-03,1.584058501033869526e-01
-9.556376300000000157e-01,1.530174020000000024e+00,7.276570100000000485e-01,1.711945640900958913e-03,1.567875530027736941e-01
-9.567028300000000041e-01,1.528912779999999971e+00,7.283462400000000336e-01,1.963674412650904654e-03,1.706219119293612696e-01
-9.578597000000000916e-01,1.527713539999999925e+00,7.289902300000000723e-01,2.435102205760537701e-03,1.682917273976509143e-01
-9.592092800000000530e-01,1.526541980000000187e+00,7.296925300000000059e-01,2.913661372517269751e-03,1.935883276134762188e-01
-9.609049299999999905e-01,1.525492529999999958e+00,7.306380399999999886e-01,3.130741058184185154e-03,1.746764272254141270e-01
-9.622226600000000074e-01,1.524483669999999957e+00,7.313854400000000533e-01,3.555572751062765265e-03,1.456152178439174272e-01
-9.635846200000000028e-01,1.523672370000000109e+00,7.322497900000000115e-01,3.669536806110475398e-03,1.820114902471478557e-01
-9.649570200000000542e-01,1.522973039999999889e+00,7.331919100000000578e-01,3.695945179531211471e-03,1.536046508641632780e-01
-9.662076099999999945e-01,1.522367709999999930e+00,7.341288999999999731e-01,3.675594151997753703e-03,1.366507099527894953e-01
-9.674572299999999458e-01,1.521882529999999845e+00,7.350518299999999616e-01,3.626532339122566419e-03,1.321068077396154727e-01
-9.684735700000000058e-01,1.521436570000000099e+00,7.359713600000000744e-01,3.650811230041764617e-03,1.462502411721777196e-01
-9.696788800000000208e-01,1.521079039999999827e+00,7.369538399999999712e-01,3.470444980633070886e-03,1.240642772183684212e-01
-9.708785300000000174e-01,1.520673700000000128e+00,7.377128899999999545e-01,3.416684002801516091e-03,1.576790657097748849e-01
-9.722210099999999411e-01,1.520296709999999996e+00,7.385819200000000029e-01,3.381482765681375399e-03,1.317513588106660749e-01
-9.733624599999999294e-01,1.520036339999999875e+00,7.394158299999999961e-01,3.364542609345352268e-03,1.351553908108297786e-01
-9.745644099999999366e-01,1.519871179999999988e+00,7.403678000000000203e-01,3.093458600417919261e-03,1.322102632913761955e-01
-9.756058900000000866e-01,1.519846720000000095e+00,7.413654199999999417e-01,2.659679013508865764e-03,1.395854724424527293e-01
-9.768025099999999572e-01,1.519766490000000081e+00,7.423039200000000060e-01,2.442511128040083385e-03,1.474320598375531144e-01
-9.781808800000000303e-01,1.519739699999999916e+00,7.433914400000000144e-01,2.193218627041128039e-03,1.683280963572127420e-01
-9.796193600000000501e-01,1.519774669999999883e+00,7.443914600000000048e-01,1.902457521759802440e-03,1.511260651116680398e-01
-9.809445400000000870e-01,1.519899340000000043e+00,7.453670600000000812e-01,1.350865814505551469e-03,1.385183800996634129e-01
-9.823418400000000217e-01,1.519788940000000199e+00,7.460974000000000217e-01,1.174468738281051004e-03,1.287704658504794375e-01
-9.835822999999999094e-01,1.519580839999999933e+00,7.467232000000000314e-01,1.360725279253768025e-03,1.412983240198565082e-01
-9.849915999999999672e-01,1.519307229999999898e+00,7.472848000000000823e-01,1.733474638666559131e-03,1.469946795954168717e-01
-9.865154699999999499e-01,1.519016029999999962e+00,7.480991900000000250e-01,1.739639148185607954e-03,1.860879347979086107e-01
-9.883444200000000013e-01,1.518852650000000137e+00,7.489564300000000063e-01,1.871868182805555038e-03,1.583258595440487637e-01
-9.898229900000000692e-01,1.518687079999999856e+00,7.496692199999999140e-01,1.925917318292948285e-03,1.470282519822221079e-01
-9.914838400000000052e-01,1.518457559999999873e+00,7.501694199999999757e-01,2.337421072378775399e-03,1.297765636482884899e-01
-9.927491299999999796e-01,1.518191599999999974e+00,7.507496100000000672e-01,2.665719821174016794e-03,1.472704718871960250e-01
-9.942179899999999959e-01,1.517885469999999959e+00,7.513243800000000139e-01,3.108639263954629701e-03,1.404260399715047680e-01
-9.956999300000000108e-01,1.517664369999999874e+00,7.518919800000000153e-01,3.347986917567076417e-03,1.588851157338662112e-01
-9.972828200000000143e-01,1.517392020000000175e+00,7.525439299999999720e-01,3.686100147269363685e-03,1.328565578424001359e-01
-9.985609399999999525e-01,1.516872210000000054e+00,7.529880200000000912e-01,4.253835583811281518e-03,1.335179040665333827e-01
-9.999856100000000803e-01,1.516684750000000026e+00,7.534939900000000579e-01,4.686864201009023449e-03,1.615366989581811519e-01
-1.001640370000000058e+00,1.516336699999999871e+00,7.539904899999999577e-01,5.207313052909559419e-03,1.423735390654402577e-01
-1.003072460000000055e+00,1.516147449999999841e+00,7.545615400000000861e-01,5.528213266843214763e-03,1.359540003773563599e-01
-1.004499919999999991e+00,1.515818180000000126e+00,7.550716700000000836e-01,6.033272557385329846e-03,1.547738029998179943e-01
-1.006088590000000060e+00,1.515455360000000029e+00,7.555141100000000165e-01,6.714005037069904758e-03,1.465274196763213244e-01
-1.007590219999999981e+00,1.515100349999999985e+00,7.559320999999999957e-01,7.271458245833518214e-03,1.320377906487357200e-01
-1.009002020000000055e+00,1.514717509999999878e+00,7.565093299999999799e-01,7.756818036373068145e-03,1.610083439977095798e-01
-1.010562079999999918e+00,1.514347230000000044e+00,7.569975500000000190e-01,8.403425551630587520e-03,1.439403413301603984e-01
-1.012009810000000121e+00,1.513970629999999984e+00,7.574802200000000374e-01,9.016343291678715482e-03,1.331093679110988970e-01
-1.013499340000000082e+00,1.513666670000000103e+00,7.579704399999999120e-01,9.554948160199574700e-03,1.629231953303836855e-01
-1.015085599999999921e+00,1.513442340000000108e+00,7.585271499999999278e-01,1.008838643679446125e-02,1.352785687938723447e-01
-1.016473560000000109e+00,1.513168599999999975e+00,7.589524100000000217e-01,1.069047911637743126e-02,1.199127534075406093e-01
-1.017815220000000132e+00,1.513130660000000072e+00,7.594369499999999995e-01,1.101887575964541691e-02,1.149944161478120425e-01
-1.018896330000000017e+00,1.513249379999999977e+00,7.600623100000000187e-01,1.107609201647417364e-02,1.532699697518473958e-01
-1.020182769999999906e+00,1.513747849999999895e+00,7.610099299999999456e-01,1.082288418030527555e-02,1.202963831520358767e-01
-1.021401600000000132e+00,1.514074680000000006e+00,7.615468499999999974e-01,1.085868055635224629e-02,1.459318315686022327e-01
-1.022702369999999972e+00,1.514540760000000041e+00,7.623407099999999215e-01,1.071029870632005457e-02,1.191144912472147932e-01
-1.023842279999999993e+00,1.514826469999999814e+00,7.628955299999999884e-01,1.078687647876817868e-02,1.159194321196696104e-01
-1.024952770000000069e+00,1.515324160000000031e+00,7.634106999999999976e-01,1.071076883507901881e-02,1.211743448314634847e-01
-1.026048480000000040e+00,1.515754449999999975e+00,7.640149899999999494e-01,1.062697896266860675e-02,1.355129829397476449e-01
-1.027104449999999947e+00,1.516309130000000005e+00,7.648885600000000506e-01,1.033365737631159777e-02,1.277972398386077735e-01
-1.028276039999999947e+00,1.516625080000000070e+00,7.656971200000000088e-01,1.024314445316470111e-02,1.291646518723441883e-01
-1.029282349999999902e+00,1.517173200000000000e+00,7.665172900000000178e-01,9.926211245918499862e-03,1.324803889005824464e-01
-1.030391569999999923e+00,1.517689769999999827e+00,7.672866499999999590e-01,9.762061764827217880e-03,1.380491026733073334e-01
-1.031394609999999989e+00,1.518409019999999998e+00,7.682652300000000212e-01,9.285978551633594993e-03,1.375058664167378153e-01
-1.032354229999999928e+00,1.519103520000000040e+00,7.691857899999999804e-01,8.804668707645943448e-03,1.324693866055174918e-01
-1.033283249999999986e+00,1.519758460000000033e+00,7.700783499999999115e-01,8.396764161068295124e-03,1.121098895168670118e-01
-1.034179860000000062e+00,1.520429990000000009e+00,7.708049499999999332e-01,8.082759735523605688e-03,1.230665128866209879e-01
-1.035124500000000003e+00,1.521014969999999966e+00,7.715587600000000101e-01,7.771646286244604518e-03,1.080966276203483983e-01
-1.035995690000000025e+00,1.521413360000000159e+00,7.721491500000000618e-01,7.712226912390402790e-03,1.052802044906881451e-01
-1.036904000000000048e+00,1.521982850000000109e+00,7.727994299999999539e-01,7.465320176080896507e-03,1.218470922837237153e-01
-1.037884229999999963e+00,1.522492770000000162e+00,7.735385900000000259e-01,7.272665912985350721e-03,1.109699084381420009e-01
-1.038708080000000145e+00,1.522997689999999960e+00,7.742680100000000065e-01,7.051269427174266212e-03,1.103155125814073156e-01
-1.039685020000000071e+00,1.523450870000000013e+00,7.749195600000000628e-01,6.903505461640489609e-03,1.274710210679832756e-01
-1.040727769999999941e+00,1.523973269999999935e+00,7.756771199999999977e-01,6.768883215730672753e-03,1.137470057069844137e-01
-1.041466449999999933e+00,1.524460869999999968e+00,7.765469499999999581e-01,6.399058627790524430e-03,1.072566720632026210e-01
-1.042317179999999954e+00,1.525084029999999924e+00,7.772678699999999719e-01,6.083016412126547416e-03,1.364091952084857395e-01
-1.043233359999999887e+00,1.525692159999999964e+00,7.781685299999999694e-01,5.795687088525368347e-03,1.215826302318239321e-01
-1.044011149999999999e+00,1.526325829999999995e+00,7.790362800000000254e-01,5.339448661781455267e-03,1.116680204473983612e-01
-1.044576219999999944e+00,1.526869350000000125e+00,7.800406399999999518e-01,4.808858047031443900e-03,1.190047841305003212e-01
-1.045409159999999948e+00,1.527473259999999833e+00,7.808325799999999983e-01,4.545770625713576631e-03,9.391892079887853573e-02
-1.046125200000000088e+00,1.528031260000000113e+00,7.813077899999999465e-01,4.315601590010491491e-03,9.774392528130154689e-02
-1.046835919999999920e+00,1.528693899999999939e+00,7.819471200000001065e-01,4.073120323142997122e-03,1.155012795353739241e-01
-1.047638269999999983e+00,1.529394319999999974e+00,7.825075599999999909e-01,3.733683237889790559e-03,9.479499002747998615e-02
-1.048348260000000032e+00,1.529953890000000039e+00,7.830099299999999651e-01,3.685155088812449437e-03,1.154133930195092167e-01
-1.049132989999999932e+00,1.530934980000000056e+00,7.835677500000000073e-01,3.144983854171540857e-03,1.293564780205986309e-01
-1.049983869999999930e+00,1.531979200000000096e+00,7.841679200000000183e-01,2.735891961189235687e-03,1.248644309167293298e-01
-1.050691569999999908e+00,1.532856009999999936e+00,7.846823199999999332e-01,2.530930111125218214e-03,1.097492239422547394e-01
-1.051253949999999993e+00,1.533877359999999967e+00,7.852732199999999940e-01,1.893699446189928528e-03,1.285935447144751775e-01
-1.052083869999999921e+00,1.534909049999999997e+00,7.857370099999999580e-01,1.852933115765440604e-03,1.301558290006141205e-01
-1.052851879999999962e+00,1.535977710000000052e+00,7.862703899999999857e-01,1.735668925400336762e-03,1.168332430946081579e-01
-1.053600510000000101e+00,1.537049729999999892e+00,7.867464200000000574e-01,1.664982005728485575e-03,1.365931393173253905e-01
-1.054177380000000053e+00,1.538216979999999845e+00,7.873179200000000044e-01,1.992222316710608784e-03,1.337307683549512904e-01
-1.054862619999999973e+00,1.539376029999999895e+00,7.878798799999999769e-01,2.284365056574711068e-03,1.097484220542101624e-01
-1.055582959999999959e+00,1.540303219999999973e+00,7.884542700000000126e-01,2.428787950171834836e-03,1.382151007835381584e-01
-1.056206949999999978e+00,1.541467270000000056e+00,7.890250500000000056e-01,3.013483960120025545e-03,1.296700057497173209e-01
-1.056837360000000059e+00,1.542590329999999899e+00,7.896136300000000663e-01,3.433608616514051502e-03,1.322347613631793539e-01
-1.057484899999999950e+00,1.543875139999999924e+00,7.900635200000000191e-01,4.045311375654463484e-03,1.370692899468649584e-01
-1.058216580000000073e+00,1.545081160000000065e+00,7.905599299999999108e-01,4.612989929200008235e-03,1.185136619180978401e-01
-1.058877700000000033e+00,1.546126529999999999e+00,7.909407800000000099e-01,5.058698796064095213e-03,1.205156296590686876e-01
-1.059502990000000144e+00,1.547333700000000034e+00,7.913973600000000497e-01,5.593140304310140372e-03,1.405083005064955703e-01
-1.060313990000000040e+00,1.548478170000000098e+00,7.918169000000000457e-01,6.032152670398889006e-03,1.176211242997194512e-01
-1.061004270000000194e+00,1.549519770000000074e+00,7.921090500000000922e-01,6.463200901124732667e-03,1.140563120950459641e-01
-1.061713309999999799e+00,1.550624989999999981e+00,7.924524200000000462e-01,6.853160825093807147e-03,1.285185028699660781e-01
-1.062420920000000102e+00,1.551721520000000076e+00,7.927528200000000247e-01,7.291364034061114871e-03,1.308114983845857782e-01
-1.063265039999999884e+00,1.552808520000000136e+00,7.931306000000000189e-01,7.633641714935462431e-03,1.213858026518743055e-01
-1.064146629999999982e+00,1.553894619999999893e+00,7.934955900000000284e-01,7.863771889455957106e-03,1.227496515375612468e-01
-1.064780300000000013e+00,1.554953709999999933e+00,7.938267599999999646e-01,8.246924192915694798e-03,1.318357744363231054e-01
-1.065731589999999951e+00,1.556028489999999875e+00,7.942768900000000132e-01,8.446518927718037889e-03,1.205339185294911630e-01
-1.066568480000000152e+00,1.556976909999999936e+00,7.948168100000000402e-01,8.578396821003182390e-03,1.557966331952970740e-01
-1.067826109999999940e+00,1.557906360000000046e+00,7.952468599999999999e-01,8.408504855401023256e-03,1.329635843617610058e-01
-1.069000120000000109e+00,1.558780260000000029e+00,7.956463599999999969e-01,8.243641669286646406e-03,1.210382107879444530e-01
-1.070181800000000072e+00,1.559554040000000086e+00,7.959282899999999827e-01,8.023309065323466424e-03,1.428981101806983123e-01
-1.071519680000000196e+00,1.560169880000000120e+00,7.961473900000000103e-01,7.616735462184533179e-03,1.250403915968549551e-01
-1.072897619999999996e+00,1.560711320000000013e+00,7.962962999999999569e-01,7.065280725264968913e-03,1.106321714614641183e-01
-1.073989909999999881e+00,1.561196159999999944e+00,7.964732900000000004e-01,6.660876040116770619e-03,1.385772256032902494e-01
-1.075373190000000090e+00,1.561604630000000160e+00,7.965018199999999160e-01,6.139078005319706551e-03,1.095123072778173834e-01
-1.076518569999999952e+00,1.561937669999999834e+00,7.964335299999999451e-01,5.632001792852921532e-03,1.176766768161301990e-01
-1.077858460000000074e+00,1.562338320000000058e+00,7.965257799999999611e-01,5.122523649960042738e-03,1.339673940898692961e-01
-1.079186150000000177e+00,1.562724950000000002e+00,7.967064299999999655e-01,4.565011275111967824e-03,1.325830102223905793e-01
-1.080396200000000029e+00,1.563356270000000103e+00,7.971894699999999556e-01,4.017533055719743271e-03,1.096469733254431256e-01
-1.081931249999999789e+00,1.564352119999999902e+00,7.977140200000000236e-01,3.528832512786665102e-03,1.214347888766525302e-01
-1.082329490000000005e+00,1.564764480000000013e+00,7.978988000000000191e-01,3.511875228492598346e-03,1.119633192021766560e-01
-1.083001519999999829e+00,1.565216839999999943e+00,7.980928000000000466e-01,3.320301289943581625e-03,1.100278165063842267e-01
-1.083935810000000055e+00,1.566025479999999970e+00,7.983148800000000600e-01,3.200690638737216289e-03,1.249025656881473656e-01
-1.084878340000000163e+00,1.567005560000000131e+00,7.987373800000000523e-01,2.957868541297808442e-03,1.199765373688394116e-01
-1.085817809999999994e+00,1.567727040000000072e+00,7.991370399999999652e-01,2.698923309266292470e-03,1.177667414851635286e-01
-1.086761630000000034e+00,1.568494969999999933e+00,7.998323999999999989e-01,2.290960333091836536e-03,1.256017907512593790e-01
-1.087812540000000050e+00,1.569230050000000043e+00,8.003150799999999565e-01,1.764485011696118781e-03,1.465738321261831623e-01
-1.088882459999999996e+00,1.570127379999999961e+00,8.009336899999999204e-01,1.526513016027054425e-03,1.239578649193120441e-01
-1.090104419999999852e+00,1.570877309999999971e+00,8.012806599999999779e-01,1.293511264775004015e-03,1.331811430989376932e-01
-1.091247619999999863e+00,1.571622700000000039e+00,8.017832099999999684e-01,7.508736261848734765e-04,1.406511232725903282e-01
-1.092413960000000017e+00,1.572350759999999958e+00,8.022865599999999819e-01,9.649865153461602025e-04,1.283859046225416800e-01
-1.093502710000000100e+00,1.573094639999999877e+00,8.030607699999999793e-01,1.782700577943468166e-03,1.431412487978451498e-01
-1.094685470000000160e+00,1.573905770000000093e+00,8.036787699999999868e-01,2.187582295297697734e-03,1.460951565617331360e-01
-1.095931879999999969e+00,1.574600350000000093e+00,8.042217200000000288e-01,2.848342831770736723e-03,1.275379551767137354e-01
-1.097275650000000047e+00,1.575080590000000003e+00,8.047423000000000215e-01,3.700406539908878724e-03,1.427068049474697620e-01
-1.098682429999999988e+00,1.575543179999999932e+00,8.052228999999999637e-01,4.470120390694190711e-03,1.323452803954764667e-01
-1.099990539999999850e+00,1.576031899999999819e+00,8.055900200000000178e-01,5.295438486659967067e-03,1.020183758006076302e-01
-1.100965399999999983e+00,1.576638659999999970e+00,8.057810499999999987e-01,5.641275013514164896e-03,1.030354628301287240e-01
-1.101800480000000082e+00,1.577383750000000084e+00,8.058864099999999420e-01,5.918776232381016932e-03,8.121876178934223089e-02
-1.102128949999999996e+00,1.578194859999999977e+00,8.057472599999999652e-01,5.607868708136704884e-03,1.001631042945913819e-01
-1.102838870000000027e+00,1.579138500000000001e+00,8.055850399999999745e-01,5.576370741665198638e-03,9.790049991568763876e-02
-1.103082189999999851e+00,1.580178649999999907e+00,8.056272899999999959e-01,5.240470624161441826e-03,1.182345427899077761e-01
-1.103434409999999977e+00,1.581347760000000102e+00,8.057824999999999571e-01,5.139996776817923330e-03,9.404370977637215023e-02
-1.103622730000000107e+00,1.582379370000000174e+00,8.060098999999999458e-01,4.991447049684024674e-03,9.546841802503273910e-02
-1.103674539999999871e+00,1.583459409999999901e+00,8.058780899999999914e-01,4.661583555381203225e-03,1.006433709674245808e-01
-1.104050750000000081e+00,1.584424869999999874e+00,8.057229900000000278e-01,4.328361638715180759e-03,8.097581174354682998e-02
-1.104357310000000147e+00,1.585324900000000037e+00,8.055615499999999596e-01,4.195520343008788365e-03,8.930847839555484946e-02
-1.104914039999999931e+00,1.586119620000000063e+00,8.054730900000000027e-01,4.042977126586317499e-03,8.658695532951525553e-02
-1.105389879999999936e+00,1.586822560000000104e+00,8.051673000000000302e-01,3.880599373550480680e-03,8.597534197648006027e-02
-1.105942929999999880e+00,1.587647910000000051e+00,8.049230400000000341e-01,3.654081150248280827e-03,9.185461073741085780e-02
-1.106620919999999897e+00,1.588383160000000016e+00,8.048598499999999323e-01,3.787855094179208397e-03,9.343239892373286781e-02
-1.107049749999999833e+00,1.589236290000000107e+00,8.046697600000000117e-01,3.576134417803526495e-03,8.320070732744043462e-02
-1.107493590000000028e+00,1.590143510000000093e+00,8.044592300000000806e-01,3.422802544860041596e-03,1.054931348620076897e-01
-1.107900200000000002e+00,1.591086409999999951e+00,8.040669099999999681e-01,3.037217048582540376e-03,8.690262090585472443e-02
-1.108430749999999909e+00,1.591841639999999947e+00,8.037068599999999119e-01,2.875938710351766750e-03,7.220949312032119705e-02
-1.108886229999999973e+00,1.592502029999999902e+00,8.033969600000000488e-01,2.750165622539949006e-03,9.844458081542961647e-02
-1.109387709999999805e+00,1.593320999999999987e+00,8.029159399999999946e-01,2.442276387245988483e-03,8.748165293006819609e-02
-1.109893229999999953e+00,1.594029050000000058e+00,8.024266199999999793e-01,2.384571186985089998e-03,8.136134867799266202e-02
-1.110405569999999953e+00,1.594529880000000066e+00,8.018363099999999966e-01,2.252616794618971137e-03,8.514999058217224970e-02
-1.110661589999999865e+00,1.595099910000000065e+00,8.011488799999999522e-01,2.227689422832346972e-03,7.914678842925047808e-02
-1.110942890000000016e+00,1.595728070000000054e+00,8.005059600000000719e-01,2.242975229154236735e-03,8.006273036939982879e-02
-1.111058000000000101e+00,1.596479610000000049e+00,8.000759600000000304e-01,2.060116796130721968e-03,8.559481502734461733e-02
-1.111326869999999856e+00,1.597348340000000144e+00,7.996152100000000207e-01,2.289287586258916506e-03,9.859649081703486528e-02
-1.111693409999999993e+00,1.598301490000000102e+00,7.995122000000000062e-01,1.982351446691519095e-03,9.201506594352781843e-02
-1.112185980000000018e+00,1.599209820000000004e+00,7.996982500000000549e-01,1.963735342478762670e-03,1.047571722687668516e-01
-1.112988569999999955e+00,1.600153229999999871e+00,7.998391000000000250e-01,1.835362168020280519e-03,1.003161967995301745e-01
-1.113611569999999995e+00,1.601054200000000094e+00,7.998502300000001064e-01,1.943807999211786749e-03,7.789004172839783524e-02
-1.114123529999999862e+00,1.601814620000000078e+00,7.997130899999999043e-01,1.954666077211108469e-03,9.551354539140198552e-02
-1.114553439999999895e+00,1.602701380000000064e+00,7.993744299999999692e-01,2.060223424510012561e-03,1.005049958819046879e-01
-1.114941100000000018e+00,1.603703720000000166e+00,7.991518200000000682e-01,1.907997710900126561e-03,8.724081449779369501e-02
-1.115364259999999996e+00,1.604560899999999846e+00,7.987468599999999475e-01,2.030044437247826867e-03,9.519574983209777574e-02
-1.115703539999999938e+00,1.605447550000000057e+00,7.984626400000000013e-01,1.982798528267552558e-03,9.165648385673465237e-02
-1.116039219999999998e+00,1.606353680000000006e+00,7.982018499999999905e-01,1.979533564580256144e-03,7.802234330838081489e-02
-1.116347250000000013e+00,1.607223789999999930e+00,7.981013700000000322e-01,1.795208500286210856e-03,8.743258904403648779e-02
-1.116599899999999979e+00,1.608049260000000036e+00,7.978102300000000646e-01,1.895749505208887921e-03,8.458880012623387623e-02
-1.117103620000000186e+00,1.608844759999999985e+00,7.976019799999999327e-01,1.834789875817067172e-03,6.449108046352368395e-02
-1.117606590000000066e+00,1.609357050000000067e+00,7.977633399999999320e-01,1.981425215394394795e-03,9.431950966098086309e-02
-1.118197139999999923e+00,1.610139130000000085e+00,7.978375100000000275e-01,1.807785460888467052e-03,8.699371259667257328e-02
-1.118775360000000108e+00,1.610917649999999979e+00,7.980492799999999720e-01,1.953779726197576571e-03,8.361360714010997175e-02
-1.119374870000000133e+00,1.611656859999999858e+00,7.979971099999999540e-01,2.058452445066786055e-03,8.486175982428463549e-02
-1.119926890000000119e+00,1.612346819999999958e+00,7.979634599999999578e-01,2.250960962811479182e-03,7.145036889125053192e-02
-1.120264769999999910e+00,1.613060740000000104e+00,7.977614600000000333e-01,2.326256284698617182e-03,6.956112656395767313e-02
-1.120459960000000033e+00,1.613775280000000034e+00,7.973919500000000715e-01,2.092098760216740821e-03,7.705470314886839200e-02
-1.120605960000000012e+00,1.614384990000000020e+00,7.968903600000000198e-01,2.178648406994659371e-03,7.981071163511609112e-02
-1.120656309999999989e+00,1.614988419999999980e+00,7.962646300000000288e-01,2.106253162703736106e-03,6.763297069583013021e-02
-1.120722510000000005e+00,1.615586259999999941e+00,7.957811999999999664e-01,2.088660802452091750e-03,7.472307042076212213e-02
-1.120873950000000008e+00,1.616280750000000044e+00,7.953820299999999621e-01,2.319382901096723321e-03,7.352590618916278464e-02
-1.120998550000000149e+00,1.616992090000000104e+00,7.950327999999999840e-01,2.153034951086471582e-03,6.833252547211254857e-02
-1.121176249999999985e+00,1.617733650000000134e+00,7.947484799999999794e-01,2.182030041360521078e-03,7.040894706103606460e-02
-1.121247780000000027e+00,1.618373379999999973e+00,7.943979500000000193e-01,2.315468431073962330e-03,7.270303475888584277e-02
-1.121467460000000083e+00,1.619137099999999885e+00,7.941600399999999560e-01,2.151273098237503623e-03,7.724343117351460675e-02
-1.121721120000000127e+00,1.619856949999999962e+00,7.937193200000000060e-01,2.499985515818038597e-03,8.855655079292586163e-02
-1.121967640000000044e+00,1.620691659999999867e+00,7.932998399999999783e-01,2.446097325700723277e-03,7.813980281710451725e-02
-1.122174709999999909e+00,1.621341979999999960e+00,7.928558300000000392e-01,2.732194562142223251e-03,5.320741063735654613e-02
-1.122297820000000002e+00,1.621939400000000031e+00,7.926860399999999807e-01,2.692546994204604582e-03,8.194719500827848946e-02
-1.122605240000000171e+00,1.622695999999999916e+00,7.924366400000000255e-01,2.601635322100368658e-03,8.093288550939239934e-02
-1.123007769999999850e+00,1.623475140000000039e+00,7.921500200000000103e-01,2.742776736247410849e-03,6.674674298795833793e-02
-1.123309270000000026e+00,1.624169230000000130e+00,7.920643899999999515e-01,2.455032957395911035e-03,9.661165389102374657e-02
-1.123662260000000135e+00,1.625109339999999847e+00,7.921354900000000532e-01,2.224404452274827537e-03,1.148445098031619094e-01
-1.123937230000000120e+00,1.626341229999999971e+00,7.924874800000000219e-01,1.297435546067680651e-03,7.077292953129167563e-02
-1.124214059999999904e+00,1.627096459999999967e+00,7.925501400000000141e-01,1.169390197838108278e-03,7.966110574630186347e-02
-1.124436020000000092e+00,1.627913860000000046e+00,7.923518000000000505e-01,9.720521693817141089e-04,8.801674198657392922e-02
-1.124784809999999968e+00,1.628782329999999945e+00,7.921368699999999929e-01,8.804637402527893536e-04,9.379710059372103892e-02
-1.125305609999999845e+00,1.629623130000000142e+00,7.916194500000000023e-01,9.964914708615317963e-04,9.277275742923980772e-02
-1.125635570000000030e+00,1.630479530000000121e+00,7.913158300000000533e-01,1.037131852128765066e-03,8.492437372306120558e-02
-1.125923369999999979e+00,1.631301469999999920e+00,7.909995699999999852e-01,9.700832637974915029e-04,7.361074815996085374e-02
-1.126021860000000041e+00,1.632166369999999977e+00,7.909016600000000619e-01,6.623348851600283820e-04,8.817070949856140039e-02
-1.126409350000000087e+00,1.632981120000000175e+00,7.907281600000000132e-01,8.616283308362109906e-04,9.744527747867462453e-02
-1.126770940000000110e+00,1.633978480000000122e+00,7.906592499999999246e-01,2.878941411354234625e-04,8.375044331861754288e-02
-1.127139630000000059e+00,1.634904849999999854e+00,7.906296800000000013e-01,8.865568418325209428e-04,1.132685124229095008e-01
-1.127796760000000065e+00,1.635876670000000033e+00,7.907482499999999304e-01,1.001649474117531548e-03,9.124717525868883405e-02
-1.128202640000000034e+00,1.636835320000000094e+00,7.907345700000000255e-01,1.630841865080736924e-03,9.388418413377046245e-02
-1.128511790000000126e+00,1.637858229999999971e+00,7.906595899999999677e-01,1.719596711179715263e-03,9.521296175578197740e-02
-1.128728770000000159e+00,1.638820070000000184e+00,7.905586999999999476e-01,2.209252135406913637e-03,8.790553776752033088e-02
-1.128951770000000021e+00,1.639793029999999874e+00,7.904606299999999974e-01,2.306588616702186321e-03,6.387380254338259622e-02
-1.128992350000000089e+00,1.640488460000000037e+00,7.902464000000000155e-01,2.479990428227623993e-03,8.285741969613512337e-02
-1.129086640000000141e+00,1.641185780000000038e+00,7.896789400000000514e-01,2.218444908849494333e-03,7.078155529386519207e-02
-1.129212499999999952e+00,1.641822819999999794e+00,7.892609800000000009e-01,2.098376788567653337e-03,6.877720899860535753e-02
-1.129427449999999888e+00,1.642396059999999824e+00,7.887700500000000003e-01,2.129714743480974268e-03,7.535329057592309032e-02
-1.129386900000000082e+00,1.643001669999999859e+00,7.882155800000000268e-01,1.699717178621172869e-03,7.323174138934232524e-02
-1.129628859999999957e+00,1.643722869999999947e+00,7.878698499999999827e-01,1.831517812908092357e-03,5.785624004473894494e-02
-1.129977209999999843e+00,1.644129519999999900e+00,7.875356199999999918e-01,1.804164656260570871e-03,8.057600235510643805e-02
-1.130611469999999841e+00,1.644628479999999948e+00,7.871849799999999231e-01,1.662434505085694150e-03,7.161980576115051234e-02
-1.130906790000000051e+00,1.645178669999999954e+00,7.867152600000000273e-01,1.726030933847969798e-03,7.363683296378860377e-02
-1.131011549999999977e+00,1.645573780000000097e+00,7.859401699999999380e-01,1.239946124555281904e-03,9.173580364308790702e-02
-1.131308310000000095e+00,1.645975219999999961e+00,7.851250099999999010e-01,8.573031789279444157e-04,1.012672798474437280e-01
-1.131431709999999979e+00,1.646364370000000132e+00,7.840983599999999942e-01,1.140297890289907520e-03,9.989543627245531243e-02
-1.131598710000000008e+00,1.646792620000000040e+00,7.830020800000000447e-01,1.177390792770034028e-03,9.060260106746306774e-02
-1.131769189999999981e+00,1.647193119999999844e+00,7.821643399999999025e-01,1.838467921422621675e-03,8.223067654245104496e-02
-1.132051879999999899e+00,1.647512939999999926e+00,7.813752400000000264e-01,2.213385738546279260e-03,5.456459892225854619e-02
-1.132174879999999995e+00,1.647943460000000027e+00,7.809042400000000272e-01,2.346722513549435486e-03,8.405308236707519087e-02
-1.132529349999999990e+00,1.648430800000000085e+00,7.802130099999999846e-01,2.866444905209270932e-03,6.805886522509356495e-02
-1.132652160000000130e+00,1.648932370000000036e+00,7.796794599999999908e-01,2.889732184147959359e-03,8.409361559029736310e-02
-1.132891990000000071e+00,1.649556660000000008e+00,7.789914300000000402e-01,3.215986212128438618e-03,8.798703245592151556e-02
-1.133329730000000035e+00,1.650124739999999868e+00,7.784216499999999650e-01,3.397461673514643853e-03,7.826285301882844603e-02
-1.133728510000000078e+00,1.650821120000000031e+00,7.780299499999999702e-01,3.436584082632071664e-03,8.472138133595429055e-02
-1.134243630000000058e+00,1.651412259999999854e+00,7.774645799999999607e-01,3.717229977133615620e-03,7.421781093830780163e-02
-1.134601369999999942e+00,1.651879010000000036e+00,7.769079599999999530e-01,3.950310888094724776e-03,9.316034234578385309e-02
-1.135071080000000121e+00,1.652507069999999967e+00,7.762614899999999984e-01,4.322400943387829340e-03,6.515726661615602044e-02
-1.135493960000000024e+00,1.652913379999999988e+00,7.757532700000000503e-01,4.553438387735054931e-03,8.509398457467098886e-02
-1.135789629999999883e+00,1.653603130000000032e+00,7.752825899999999937e-01,4.675516348586397815e-03,9.194936980867798870e-02
-1.136159200000000036e+00,1.654467450000000062e+00,7.749296799999999541e-01,4.550956298724406421e-03,7.984518142781334149e-02
-1.136466519999999925e+00,1.655237850000000011e+00,7.744661499999999643e-01,4.621194819026684490e-03,8.916661166848892373e-02
-1.136642829999999993e+00,1.655998239999999955e+00,7.739621999999999336e-01,4.556418944357660226e-03,8.278597408702265126e-02
-1.136892529999999901e+00,1.656740419999999991e+00,7.734354300000000348e-01,4.624524948381197008e-03,8.493993242208974781e-02
-1.136989409999999978e+00,1.657607849999999994e+00,7.730141400000000163e-01,4.421406585036037964e-03,9.570500787707533763e-02
-1.136949720000000053e+00,1.658428750000000118e+00,7.724493100000000556e-01,4.283532046921043057e-03,9.580829348577576954e-02
-1.137069010000000047e+00,1.659403150000000160e+00,7.719683499999999698e-01,4.057657415935923828e-03,3.930441805853461534e-02
-1.137149830000000028e+00,1.659690090000000007e+00,7.716332999999999664e-01,4.124765749348740032e-03,9.549239125021040386e-02
-1.137253260000000044e+00,1.660438309999999973e+00,7.709870500000000071e-01,4.224211136555618661e-03,9.194074746224284445e-02
-1.137349359999999976e+00,1.661269669999999810e+00,7.703545299999999818e-01,4.086183512692621173e-03,1.109550091909985575e-01
-1.137489229999999907e+00,1.662076850000000050e+00,7.693892900000000035e-01,4.303179478885271574e-03,1.164357881966564673e-01
-1.137100840000000002e+00,1.662914760000000047e+00,7.685170900000000138e-01,4.191559387542999511e-03,1.229346365459876578e-01
-1.136818879999999865e+00,1.664000600000000052e+00,7.677820499999999937e-01,3.877652681313677012e-03,1.223604222906637118e-01
-1.136358489999999888e+00,1.665088619999999908e+00,7.669266900000000220e-01,3.775091552346876520e-03,1.265297666164887092e-01
-1.135925399999999863e+00,1.666191659999999963e+00,7.663545699999999572e-01,3.412915979701331651e-03,1.127756452473250709e-01
-1.135587090000000021e+00,1.667323560000000038e+00,7.658445000000000391e-01,3.126381891532043628e-03,1.054427730641451649e-01
-1.135166860000000000e+00,1.668344559999999976e+00,7.653665900000000688e-01,3.024722833798081881e-03,9.770586911268669406e-02
-1.135055149999999902e+00,1.669191329999999862e+00,7.648143099999999972e-01,2.956154679901055061e-03,1.084340247709417310e-01
-1.134781000000000040e+00,1.670356689999999977e+00,7.643298899999999563e-01,2.929980809527615079e-03,1.045868866367159616e-01
-1.134465440000000047e+00,1.671248319999999898e+00,7.636916299999999547e-01,3.037758302581120961e-03,1.117109106188311773e-01
-1.134247259999999979e+00,1.672184380000000026e+00,7.630370100000000155e-01,3.350595791810770212e-03,1.043003966984439312e-01
-1.133994039999999925e+00,1.673169319999999960e+00,7.624188899999999602e-01,3.406236182078488991e-03,8.222442512949912352e-02
-1.133758239999999917e+00,1.673879980000000156e+00,7.618536200000000091e-01,3.776178046702879237e-03,1.072157054108582724e-01
-1.133535310000000074e+00,1.674759969999999987e+00,7.612024600000000252e-01,3.907722577486790784e-03,9.104996519811686673e-02
-1.133357090000000067e+00,1.675659019999999888e+00,7.607133299999999654e-01,4.163138751158862796e-03,8.462584827450163327e-02
-1.133156729999999834e+00,1.676473710000000006e+00,7.602370600000000200e-01,4.292958334133004615e-03,9.411869826273368267e-02
-1.133017259999999915e+00,1.677314379999999883e+00,7.597516600000000508e-01,4.572781114989101295e-03,9.242174145714666944e-02
-1.132802799999999888e+00,1.678233529999999973e+00,7.592813000000000478e-01,4.731383046309076829e-03,9.096662242136736853e-02
-1.132625420000000105e+00,1.678939900000000041e+00,7.585430800000000362e-01,5.085644550772230182e-03,9.142034567960177771e-02
-1.132594569999999967e+00,1.679550319999999930e+00,7.577537199999999640e-01,5.102550666255139568e-03,9.464882520321088455e-02
-1.132503719999999880e+00,1.680098549999999857e+00,7.568833899999999337e-01,5.365217599408373880e-03,8.532803574308810146e-02
-1.132369410000000132e+00,1.680694960000000071e+00,7.561256800000000222e-01,5.489815920784442936e-03,8.643316245648222096e-02
-1.132287869999999863e+00,1.681267599999999973e+00,7.553809100000000720e-01,5.722279796462339044e-03,8.402975392684225442e-02
-1.132363859999999889e+00,1.681927359999999982e+00,7.547489400000000348e-01,5.613826256556297620e-03,6.473767360361815104e-02
-1.132357339999999990e+00,1.682414000000000076e+00,7.541517699999999991e-01,5.711736451946985288e-03,8.541358854256229927e-02
-1.132581150000000036e+00,1.682879309999999906e+00,7.534268299999999918e-01,5.522304478340469246e-03,8.446659009866266943e-02
-1.132656950000000107e+00,1.683370500000000103e+00,7.526508200000000537e-01,5.527777412387210529e-03,6.443655331785091978e-02
-1.132627030000000090e+00,1.683811170000000024e+00,7.520232299999999315e-01,5.618786240701828874e-03,8.545473304042965068e-02
-1.132816889999999965e+00,1.684317870000000106e+00,7.513171200000000605e-01,5.450699802539232808e-03,7.756826709136928344e-02
-1.132954690000000042e+00,1.684709519999999960e+00,7.505355000000000221e-01,5.456695190909881775e-03,6.570819427537968882e-02
-1.133066229999999841e+00,1.685269359999999939e+00,7.500494699999999959e-01,5.282013470581186330e-03,8.556045124940897528e-02
-1.133388550000000050e+00,1.685897879999999960e+00,7.495068700000000472e-01,5.017793801442899451e-03,7.274803828026356334e-02
-1.133411770000000152e+00,1.686591839999999953e+00,7.490520500000000803e-01,4.945549136445698962e-03,6.294298590468411225e-02
-1.133142950000000093e+00,1.687193179999999959e+00,7.487658299999999656e-01,5.180915654186949749e-03,8.292331155148968680e-02
-1.133150799999999903e+00,1.687852640000000015e+00,7.481465500000000768e-01,5.267544584728309914e-03,8.747396733655166123e-02
-1.133085269999999811e+00,1.688607799999999992e+00,7.475667299999999571e-01,5.269693760533097210e-03,7.444504052406562822e-02
-1.132937489999999991e+00,1.689220069999999962e+00,7.469426799999999700e-01,5.509076267524302961e-03,9.446995617713008220e-02
-1.132811330000000005e+00,1.689853080000000007e+00,7.462007199999999285e-01,5.584403360762800646e-03,8.650605546368025922e-02
-1.132714849999999940e+00,1.690533960000000002e+00,7.455530799999999791e-01,5.760467934855595731e-03,7.976254552089984129e-02
-1.132573010000000213e+00,1.691219379999999939e+00,7.449119600000000396e-01,5.870421193074478947e-03,9.046536555709595862e-02
-1.132362990000000069e+00,1.691798699999999878e+00,7.441986200000000329e-01,6.129589071095981057e-03,9.374549688717652429e-02
-1.132248880000000124e+00,1.692512020000000117e+00,7.434110600000000124e-01,6.225469509233635262e-03,8.884012494653581449e-02
-1.132113649999999971e+00,1.693035540000000116e+00,7.425536299999999645e-01,6.404090407466124513e-03,9.515092103635465481e-02
-1.132141330000000057e+00,1.693458379999999819e+00,7.416572799999999743e-01,6.315836069254717432e-03,8.959589622805655407e-02
-1.132237420000000050e+00,1.694012290000000087e+00,7.408576399999999840e-01,6.265770060902266236e-03,7.510041461145494646e-02
-1.132357810000000020e+00,1.694493849999999968e+00,7.401144600000000295e-01,6.094961923933541088e-03,8.031425160202462776e-02
-1.132590070000000004e+00,1.695123710000000061e+00,7.396147800000000272e-01,5.893845706277000412e-03,7.799333639292516107e-02
-1.132663049999999894e+00,1.695848089999999919e+00,7.391030200000000550e-01,5.877600564941514762e-03,7.142304999326323789e-02
-1.132640789999999953e+00,1.696381029999999956e+00,7.384869099999999964e-01,5.873411607668918913e-03,1.028161408300722612e-01
-1.132408209999999915e+00,1.696986110000000103e+00,7.376352400000000253e-01,6.142682782449377862e-03,9.357150866172246617e-02
-1.132306599999999941e+00,1.697724269999999924e+00,7.368705800000000528e-01,6.223957733894056217e-03,8.557990720411923213e-02
-1.132199069999999974e+00,1.698312910000000064e+00,7.360989500000000296e-01,6.368857897260821535e-03,1.010074197493080195e-01
-1.132127399999999895e+00,1.698853440000000159e+00,7.351413199999999870e-01,6.369093095410257969e-03,1.136634156993608924e-01
-1.132000729999999900e+00,1.699232489999999984e+00,7.339674000000000476e-01,6.403167763146714632e-03,8.759786304653284505e-02
-1.131826939999999837e+00,1.699662040000000207e+00,7.330818199999999951e-01,6.541411890685559609e-03,1.060726320536317518e-01
-1.131853629999999944e+00,1.700057579999999957e+00,7.319945999999999398e-01,6.422009096326429696e-03,9.552986589754025593e-02
-1.131774419999999948e+00,1.700570329999999908e+00,7.310906700000000535e-01,6.504472279455059645e-03,8.411765102735085931e-02
-1.131618599999999919e+00,1.701113270000000011e+00,7.302632599999999696e-01,6.582269341230288784e-03,9.587664132418909080e-02
-1.131568160000000045e+00,1.701612210000000180e+00,7.294003000000000014e-01,6.640085671111396921e-03,9.679837162315794996e-02
-1.131494119999999937e+00,1.702169550000000031e+00,7.285052000000000749e-01,6.625350053914205034e-03,9.874772391101957481e-02
-1.131458560000000002e+00,1.702418790000000071e+00,7.274079999999999435e-01,6.634072721013744775e-03,1.223579504031839377e-01
-1.131312350000000189e+00,1.702697280000000202e+00,7.261093800000000265e-01,6.607978697249000319e-03,1.148426987563121171e-01
-1.131295350000000033e+00,1.703026050000000069e+00,7.249004799999999582e-01,6.544610732763209669e-03,1.104696371792630583e-01
-1.131272029999999873e+00,1.703246570000000126e+00,7.236047400000000795e-01,6.526821946200266067e-03,1.135409499524507176e-01
-1.131194130000000131e+00,1.703375469999999892e+00,7.224312500000000803e-01,6.492240915146281488e-03,1.078217147278361099e-01
-1.131179610000000002e+00,1.703697269999999930e+00,7.212998899999999436e-01,6.490602837726152166e-03,1.012587942501800425e-01
-1.131157480000000159e+00,1.703951070000000012e+00,7.201221600000000667e-01,6.425085737240919873e-03,1.287322663155974212e-01
-1.130842260000000099e+00,1.704299240000000104e+00,7.187971599999999350e-01,6.657490191415918988e-03,1.061437689390425931e-01
-1.130858730000000145e+00,1.704564579999999996e+00,7.176700699999999378e-01,6.660542557945086165e-03,1.006189672784947864e-01
-1.130861490000000025e+00,1.704725049999999964e+00,7.165332899999999894e-01,6.563662230089183439e-03,1.044554421611478684e-01
-1.130932979999999866e+00,1.704980470000000192e+00,7.154249599999999987e-01,6.485459030238411443e-03,1.100023983256612492e-01
-1.130849010000000154e+00,1.705255650000000012e+00,7.142598399999999792e-01,6.501326402988717897e-03,9.119446343317534620e-02
-1.130726230000000054e+00,1.705492890000000150e+00,7.132541700000000207e-01,6.565183958877155238e-03,1.079203380093618075e-01
-1.130707469999999937e+00,1.705711639999999862e+00,7.120974199999999810e-01,6.584864404594881204e-03,1.051198066938012765e-01
-1.130782989999999932e+00,1.705996099999999904e+00,7.109889799999999926e-01,6.408989133123915889e-03,8.059307209114235926e-02
-1.130832459999999928e+00,1.705944860000000007e+00,7.100317499999999615e-01,6.493105275112981759e-03,9.378340255459985397e-02
-1.131040500000000115e+00,1.706147499999999928e+00,7.090996699999999597e-01,6.221249454000243526e-03,7.787862035094501867e-02
-1.131014699999999928e+00,1.706476010000000043e+00,7.082744400000000606e-01,6.185557706763362626e-03,8.312935295607189190e-02
-1.130769509999999922e+00,1.706804640000000095e+00,7.074191199999999569e-01,6.257652187690010935e-03,1.119826123244753724e-01
-1.130486389999999952e+00,1.707113039999999859e+00,7.063311599999999579e-01,6.479266257324413532e-03,1.003640107553312733e-01
-1.130243030000000148e+00,1.707543829999999874e+00,7.052984199999999815e-01,6.478411997256696385e-03,1.207752704246410347e-01
-1.130092040000000075e+00,1.708023889999999989e+00,7.040155299999999450e-01,6.452745611179804865e-03,1.076173435737680789e-01
-1.129768660000000091e+00,1.708418910000000013e+00,7.030171100000000006e-01,6.612687279147566079e-03,9.818020415105054022e-02
-1.129424070000000002e+00,1.708866360000000029e+00,7.020507999999999749e-01,6.721442423654252520e-03,1.087053689984295857e-01
-1.129161430000000133e+00,1.709195359999999830e+00,7.008840800000000204e-01,6.882355169772777156e-03,1.322741788425400578e-01
-1.128740319999999908e+00,1.709298259999999958e+00,6.995076299999999359e-01,7.170647873023750993e-03,1.201345038655890207e-01
-1.128568309999999908e+00,1.709545740000000036e+00,6.982308299999999690e-01,7.186786396199796624e-03,9.679255427374371112e-02
-1.128309580000000034e+00,1.709701530000000025e+00,6.971695399999999765e-01,7.394622975304359844e-03,1.218894073030127034e-01
-1.127808469999999952e+00,1.710012670000000012e+00,6.959763500000000214e-01,7.643980801408407390e-03,1.130620074570161809e-01
-1.127421999999999924e+00,1.710334650000000067e+00,6.948500499999999969e-01,7.832610549810450906e-03,1.002438732243016439e-01
-1.127017299999999889e+00,1.710622190000000042e+00,6.937653699999999368e-01,8.084360821920481832e-03,1.213418045123254713e-01
-1.126685570000000025e+00,1.710892360000000112e+00,6.925755799999999685e-01,8.188000496024723865e-03,1.184497328919073972e-01
-1.126371919999999971e+00,1.711146140000000093e+00,6.913478699999999755e-01,8.326706801305081007e-03,1.041823511544189701e-01
-1.126093269999999924e+00,1.711461759999999943e+00,6.901817900000000172e-01,8.415621659663771389e-03,1.223058116263707612e-01
-1.125837769999999960e+00,1.711707749999999972e+00,6.889577199999999957e-01,8.446452718615186581e-03,1.200742244246600920e-01
-1.125662149999999917e+00,1.711953349999999929e+00,6.876829599999999543e-01,8.440493111933749029e-03,1.041425429560931537e-01
-1.125498869999999929e+00,1.712333840000000107e+00,6.865137800000000734e-01,8.380626827922859137e-03,1.161042027673677285e-01
-1.125296309999999966e+00,1.712666950000000021e+00,6.853697499999999998e-01,8.334681991599868223e-03,1.065205854347468922e-01
-1.125109960000000076e+00,1.713077460000000052e+00,6.842985999999999791e-01,8.338725951438688208e-03,1.061656999085902470e-01
-1.124942740000000052e+00,1.713443219999999823e+00,6.830998400000000137e-01,8.237543280226111361e-03,1.332290170011514452e-01
-1.124617889999999898e+00,1.713724920000000207e+00,6.817812400000000661e-01,8.325047236748832694e-03,1.194244638825606303e-01
-1.124341240000000131e+00,1.714019490000000090e+00,6.804799200000000159e-01,8.407643229353752370e-03,1.027718826559476939e-01
-1.124007769999999962e+00,1.714078929999999890e+00,6.792513999999999497e-01,8.528749433404713559e-03,1.339221458599667569e-01
-1.123604159999999963e+00,1.714371709999999993e+00,6.780199900000000168e-01,8.694173727836453786e-03,1.189722510184288845e-01
-1.123161909999999875e+00,1.714787999999999979e+00,6.768728799999998991e-01,8.958481942522441080e-03,1.153491426075776427e-01
-1.122701039999999928e+00,1.714889890000000028e+00,6.755827100000000307e-01,9.168966504563098516e-03,1.673163773515513875e-01
-1.121918310000000085e+00,1.715101450000000138e+00,6.740411499999999778e-01,9.678908351725348455e-03,1.358768946355757568e-01
-1.121447799999999884e+00,1.715379210000000043e+00,6.726631100000000085e-01,9.920564709541633552e-03,1.405334734998266999e-01
-1.121015089999999992e+00,1.715616389999999880e+00,6.711374500000000243e-01,1.012373524657274662e-02,1.547027793642948290e-01
-1.120320129999999859e+00,1.715737779999999990e+00,6.696041299999999641e-01,1.056123498224530513e-02,1.260702737086522029e-01
-1.119905420000000040e+00,1.716029739999999970e+00,6.683242799999999928e-01,1.073756226796368854e-02,1.287196104465193613e-01
-1.119501480000000049e+00,1.716315599999999941e+00,6.669414799999999754e-01,1.093166743753209470e-02,1.369960612415312418e-01
-1.118905269999999952e+00,1.716509929999999962e+00,6.655847400000000080e-01,1.134893979759357165e-02,1.186660273574225016e-01
-1.118520409999999909e+00,1.716760840000000066e+00,6.643110999999999322e-01,1.151068230660999385e-02,1.221156275242403361e-01
-1.118207779999999874e+00,1.716494419999999854e+00,6.629809399999999631e-01,1.158515514977694581e-02,1.323880252480084951e-01
-1.117849910000000113e+00,1.716476979999999930e+00,6.616488099999999761e-01,1.175802485286515237e-02,1.275795635471531631e-01
-1.117450999999999972e+00,1.716491629999999935e+00,6.602489400000000064e-01,1.190962592588440914e-02,1.509580727519275745e-01
-1.117147409999999841e+00,1.716416179999999958e+00,6.585551299999999886e-01,1.192960552899405453e-02,1.491818986565945637e-01
-1.116810389999999931e+00,1.716227799999999970e+00,6.570509199999999828e-01,1.201066548399806234e-02,1.346823897172352846e-01
-1.116527779999999970e+00,1.716028890000000029e+00,6.555535700000000299e-01,1.205657416322740601e-02,1.280599782821670585e-01
-1.116117730000000030e+00,1.715790850000000090e+00,6.541714499999999877e-01,1.223256970051268822e-02,1.393654378671524141e-01
-1.115743600000000058e+00,1.715505770000000041e+00,6.527255699999999772e-01,1.233331295093904358e-02,1.372878487026883976e-01
-1.115541909999999914e+00,1.715221560000000034e+00,6.512688800000000500e-01,1.228492355108909938e-02,1.199137421668801384e-01
-1.115274899999999958e+00,1.714849289999999860e+00,6.499161599999999650e-01,1.233643729063219757e-02,1.563670655093649109e-01
-1.114987850000000114e+00,1.714526129999999871e+00,6.483468300000000406e-01,1.235771929104627180e-02,1.461736960283147591e-01
-1.114735070000000050e+00,1.714106130000000006e+00,6.468292599999999615e-01,1.232654438556893446e-02,1.389341984889722603e-01
-1.114505749999999962e+00,1.713597860000000139e+00,6.453453399999999895e-01,1.228924228200028480e-02,1.398472747825859064e-01
-1.114258980000000010e+00,1.713169190000000119e+00,6.439020199999999639e-01,1.229807715412862060e-02,1.255563421513311573e-01
-1.114142389999999816e+00,1.712729179999999962e+00,6.426086899999999824e-01,1.221559035268476520e-02,1.222159421247169253e-01
-1.114044670000000181e+00,1.712135329999999955e+00,6.412846999999999298e-01,1.206278187226286942e-02,1.253409167113468115e-01
-1.113927840000000113e+00,1.711632209999999876e+00,6.400851300000000021e-01,1.198374702280536643e-02,1.038843584993207059e-01
-1.113888440000000202e+00,1.711199469999999945e+00,6.389834300000000189e-01,1.186089687331420145e-02,1.136217666694789713e-01
-1.113789960000000079e+00,1.710682150000000012e+00,6.377987899999999488e-01,1.174523612858413037e-02,1.431897273411157356e-01
-1.113444649999999925e+00,1.710101869999999913e+00,6.364683100000000371e-01,1.188555137364277932e-02,1.209395544215627338e-01
-1.113233680000000003e+00,1.709595849999999917e+00,6.352019500000000152e-01,1.191931956478220998e-02,1.438955881983911000e-01
-1.113224939999999830e+00,1.709022929999999940e+00,6.336648799999999859e-01,1.166198814674859231e-02,1.383930289556555560e-01
-1.113088209999999911e+00,1.708402580000000004e+00,6.323702900000000016e-01,1.159020285450610213e-02,9.846411533938802252e-02
-1.113112319999999933e+00,1.707949300000000115e+00,6.313425799999999866e-01,1.144637465823999598e-02,1.149541454636973797e-01
-1.113084329999999955e+00,1.707196939999999996e+00,6.302699700000000682e-01,1.131608808048960822e-02,1.241803753000333965e-01
-1.113122080000000125e+00,1.706568560000000012e+00,6.291394399999999942e-01,1.113263802715236048e-02,1.192025922620311290e-01
-1.113155660000000102e+00,1.705928459999999980e+00,6.279398599999999053e-01,1.098032773722166025e-02,1.199455641882444384e-01
-1.113092360000000003e+00,1.705176760000000069e+00,6.267281500000000394e-01,1.086844646624804747e-02,1.311984433200482636e-01
-1.113092199999999865e+00,1.704546940000000177e+00,6.255147599999999475e-01,1.070814377486594728e-02,1.155577259553907943e-01
-1.113013840000000032e+00,1.704041570000000005e+00,6.243624199999999735e-01,1.065532160541850237e-02,1.356688924949710773e-01
-1.113154889999999897e+00,1.703492499999999854e+00,6.229219899999999255e-01,1.026630984717495990e-02,1.127594508489770664e-01
-1.113188049999999985e+00,1.702974889999999908e+00,6.218064500000000105e-01,1.006275856199976768e-02,1.091177516047274754e-01
-1.113105299999999964e+00,1.702554949999999900e+00,6.206955900000000748e-01,1.000824281822741517e-02,1.071189825606020940e-01
-1.112867349999999922e+00,1.701877269999999998e+00,6.196412000000000031e-01,1.007732887651289870e-02,1.397238400729400309e-01
-1.112259470000000139e+00,1.701396209999999964e+00,6.184104400000000057e-01,1.045222206129378315e-02,8.689143928182875565e-02
-1.112102759999999968e+00,1.701088069999999952e+00,6.174812400000000423e-01,1.045707042436360042e-02,1.021564557704163767e-01
-1.111944360000000076e+00,1.700688169999999833e+00,6.163979099999999933e-01,1.040453472667561378e-02,1.121767047397832784e-01
-1.111751130000000032e+00,1.700091030000000059e+00,6.154118000000000643e-01,1.051008377739209680e-02,9.337317846365759955e-02
-1.111526979999999831e+00,1.699692800000000004e+00,6.144504400000000421e-01,1.052819853517231521e-02,1.092567639548966685e-01
-1.111299539999999864e+00,1.699289889999999970e+00,6.132928399999999503e-01,1.056642552480733729e-02,1.066552225217921868e-01
-1.111046370000000172e+00,1.698932679999999973e+00,6.122713799999999207e-01,1.062818863013325309e-02,8.999364033250177586e-02
-1.110903009999999913e+00,1.698547330000000022e+00,6.113304699999999592e-01,1.062147277405073656e-02,1.037004644361696343e-01
-1.110935290000000020e+00,1.698144160000000014e+00,6.102196100000000234e-01,1.041620638725055011e-02,1.004591762202839966e-01
-1.110874620000000146e+00,1.697725719999999994e+00,6.092073600000000866e-01,1.030241802609454908e-02,9.445117366311098217e-02
-1.110843599999999931e+00,1.697366699999999895e+00,6.082419700000000207e-01,1.020411080667502947e-02,1.059357445572161743e-01
-1.110826069999999888e+00,1.696847269999999908e+00,6.071518399999999982e-01,1.003870722938974072e-02,1.043695848676230442e-01
-1.110784390000000066e+00,1.696220870000000103e+00,6.062006200000000788e-01,1.000179253891006655e-02,9.439421031168447607e-02
-1.110811680000000079e+00,1.695803410000000122e+00,6.052595899999999585e-01,9.795532954086576261e-03,9.270549122216126259e-02
-1.110872749999999964e+00,1.695325519999999919e+00,6.043178899999999132e-01,9.646220979896714606e-03,9.079477169830740824e-02
-1.110983239999999928e+00,1.694840659999999888e+00,6.034612000000000309e-01,9.384821495009961628e-03,8.613609911449708612e-02
-1.111099630000000005e+00,1.694384620000000119e+00,6.026478200000000562e-01,9.216714146467776259e-03,8.944664937104948588e-02
-1.111170949999999991e+00,1.693882690000000135e+00,6.017108599999999585e-01,8.970026444119354875e-03,1.119070418173051112e-01
-1.111216790000000065e+00,1.693278880000000042e+00,6.007156700000000349e-01,8.838022781787637297e-03,8.872140597934809192e-02
-1.111409270000000005e+00,1.692780540000000000e+00,5.998557800000000606e-01,8.503959821100899250e-03,1.069218606941199912e-01
-1.111611050000000045e+00,1.692025769999999874e+00,5.989187999999999734e-01,8.231217027596694769e-03,1.173801301056273949e-01
-1.111748149999999935e+00,1.691166629999999893e+00,5.979790999999999856e-01,7.998766721776547420e-03,1.097206536234806989e-01
-1.111836339999999979e+00,1.690464430000000018e+00,5.970136400000000121e-01,7.790531998272078561e-03,1.043869780381084245e-01
-1.112090919999999983e+00,1.689798750000000016e+00,5.960593600000000380e-01,7.481543405775388338e-03,9.277774555342667429e-02
-1.112161610000000023e+00,1.689293780000000078e+00,5.952391200000000104e-01,7.264927687382600509e-03,8.383080234461175173e-02
-1.112326479999999895e+00,1.688641119999999995e+00,5.945595700000000372e-01,7.085170435331833959e-03,8.727176945348416592e-02
-1.112498369999999959e+00,1.687939219999999851e+00,5.938744900000000326e-01,6.839200676204889966e-03,1.074812521928536213e-01
-1.112885480000000094e+00,1.687100900000000125e+00,5.931517299999999882e-01,6.475803093153684881e-03,8.935828205825158133e-02
-1.113120700000000074e+00,1.686410559999999892e+00,5.925047700000000139e-01,6.189188162958035068e-03,9.643861642244273835e-02
-1.113448299999999946e+00,1.685587909999999967e+00,5.917732300000000389e-01,5.904452842643537550e-03,1.079120723676716548e-01
-1.113900869999999932e+00,1.684788060000000032e+00,5.911271599999999848e-01,5.464582097297095674e-03,9.827418825587976026e-02
-1.114101930000000129e+00,1.684002710000000125e+00,5.903524900000000075e-01,5.318750992206511090e-03,1.081289479933429942e-01
-1.114288429999999996e+00,1.683125390000000055e+00,5.895053499999999280e-01,5.079416013627974409e-03,1.062024531077944839e-01
-1.114403060000000112e+00,1.682349390000000167e+00,5.887247399999999686e-01,5.032340616184256127e-03,1.004753154048278752e-01
-1.114375260000000090e+00,1.681587060000000022e+00,5.879375399999999807e-01,4.959072406892072252e-03,8.763581581131925369e-02
-1.114332649999999925e+00,1.680746040000000052e+00,5.873223799999999217e-01,5.107176936478599258e-03,1.050039176349634451e-01
-1.114254309999999970e+00,1.679968020000000006e+00,5.865570500000000242e-01,5.120884286819916802e-03,8.390946309141933401e-02
-1.114440559999999802e+00,1.679282030000000203e+00,5.859156899999999890e-01,4.998960094119712233e-03,9.549982969966420987e-02
-1.114568389999999853e+00,1.678508490000000020e+00,5.851603499999999958e-01,4.859621801611871232e-03,1.069587786991734318e-01
-1.114813860000000156e+00,1.677699810000000014e+00,5.843541100000000377e-01,4.649507253440927738e-03,1.066478569956392092e-01
-1.115012089999999789e+00,1.676913919999999836e+00,5.835193300000000027e-01,4.494111516128967108e-03,1.032281110486770875e-01
-1.115162940000000047e+00,1.676147960000000214e+00,5.826373899999999217e-01,4.239109974664246466e-03,9.096832728275183744e-02
-1.115389010000000125e+00,1.675456029999999874e+00,5.819627500000000841e-01,4.156853683195916790e-03,1.113569101081657159e-01
-1.115467790000000070e+00,1.674600550000000077e+00,5.811037299999999295e-01,3.969275693057664617e-03,1.017341602381787030e-01
-1.115536819999999985e+00,1.673787460000000005e+00,5.802781500000000481e-01,3.933686216070167441e-03,1.097430355162996723e-01
-1.115732359999999979e+00,1.672839409999999916e+00,5.795735499999999929e-01,3.867619769341450013e-03,8.314177357451037198e-02
-1.116099880000000155e+00,1.672160209999999925e+00,5.790226099999999931e-01,3.714254308821568311e-03,8.615449365828163619e-02
-1.116670889999999972e+00,1.671579540000000197e+00,5.785312300000000629e-01,3.421161816780912256e-03,7.028671216047351067e-02
-1.116913110000000042e+00,1.671002809999999839e+00,5.780876899999999319e-01,3.491269738118341157e-03,2.819757548450150045e-02
-1.116931050000000036e+00,1.670757200000000164e+00,5.778806399999999455e-01,3.467646456330167673e-03,4.574732383726221735e-02
-1.116817949999999948e+00,1.670331140000000048e+00,5.776011100000000287e-01,3.495416877884545762e-03,4.652924455232352458e-02
-1.116743569999999908e+00,1.669997139999999991e+00,5.772582800000000125e-01,3.482961535949022705e-03,7.026146292234240753e-02
-1.116710599999999998e+00,1.669436399999999932e+00,5.767366699999999513e-01,3.596394128137215401e-03,1.045181782302788132e-01
-1.116826239999999970e+00,1.668565440000000066e+00,5.758548599999999684e-01,3.335774944266989370e-03,1.060760072427017614e-01
-1.116922919999999930e+00,1.667760710000000035e+00,5.751048799999999295e-01,3.293724031381459107e-03,1.185121033243116129e-01
-1.117175400000000041e+00,1.666800650000000106e+00,5.741867200000000393e-01,3.168772761006978175e-03,1.187767808345685100e-01
-1.117560219999999882e+00,1.665911480000000111e+00,5.732391199999999909e-01,2.831603479161520168e-03,8.615011140712640347e-02
-1.117693889999999968e+00,1.665299509999999872e+00,5.725960900000000020e-01,2.865362989273881333e-03,3.297921427033639191e-02
-1.117547630000000014e+00,1.665111220000000003e+00,5.723053999999999641e-01,2.914105580671321957e-03,2.656884662543000653e-02
-1.117394530000000108e+00,1.664988270000000048e+00,5.720744400000000729e-01,2.968553088189525638e-03,1.442324230718528694e-02
-1.117323049999999984e+00,1.665062159999999958e+00,5.721840700000000446e-01,2.953572015881814755e-03,6.125579717476812430e-02
-1.117599310000000123e+00,1.665373200000000109e+00,5.727457000000000242e-01,2.895881678539262427e-03,4.202818161973150696e-02
-1.117745290000000002e+00,1.665399639999999959e+00,5.732012699999999850e-01,3.140863162667243639e-03,8.670032788955268910e-02
-1.118006100000000114e+00,1.665830549999999910e+00,5.740029500000000118e-01,3.459856473179266471e-03,9.752299363544536526e-02
-1.118199920000000125e+00,1.666327200000000008e+00,5.749237099999999767e-01,3.903837085548043321e-03,0.000000000000000000e+00
